__u22aQvXsR6AC_ALXU4CA,The Chicken Bone,,1260 Boylston St,Boston,,02215,42.3451,-71.0959,3.0,22,0
_-JLAZxp7bazwkUqCLCl1A,Boston Deli Deluxe,,104 South St,Boston,,02111,42.3511,-71.0571,3.5,6,0
_0d408AYQPBJ0ywAaFBF3g,Hopsters Brewing Company,,51 Sleeper St,Boston,,02210,42.3525,-71.0486,3.0,202,0
_0DKjDem7Ls2TYtiTEL00Q,Squeeze Juice Company,,15 Channel Ctr,Boston,,02210,42.3457,-71.0514,3.5,9,1
_0Oy_II5GLAv-80S-MnCow,Allegro Dry Cleaning Service,,76 Berkeley St,Boston,,02116,42.347,-71.0711,2.0,12,1
_0rj_OR0GENLtp8Yrhd37g,Eastcoastgaming,,,Boston,,02131,42.2832,-71.127,4.0,10,1
_1CZaBxU_q2ftDpLSfIMjA,Forum,,775 Boylston St,Boston,,02116,42.3493,-71.0811,3.5,211,0
_1lbiM0nAY-xU09duQt7Ug,MBTA - Ruggles Station,,Ruggles St,Boston,,02120,42.3367,-71.0895,2.5,29,1
_1r8W-j_3WwJyRRIQR86Jw,North Square Oyster,,5 N Sq,Boston,,02113,42.364,-71.0536,4.0,196,1
_1SkbJAigF03kgow3HPdyA,1630,,4 S Market St,Boston,,02109,42.3599,-71.0538,4.0,5,0
_2JalAFE54-vEGNmZbNiRg,Randall Garnick Photography,,,Boston,,02108,42.3549,-71.0661,5.0,7,1
_3GWVwMweFUEdT-z2qzZEw,Hotel Chocolat,,141A Newbury St,Boston,,02116,42.3511,-71.0773,4.0,74,0
_3uWKqzuRs6USVsbpx5DBQ,The Pasta Pot,,,Boston,,02127,42.3365,-71.0349,2.5,14,0
_4-G3GLMS-S1n0cAto5xZQ,Courtyard Tea Room,,700 Boylston St,Boston,,02116,42.3497,-71.0779,4.0,157,1
_5WLTKVPsUyHFkHzphF8fw,Silk Screen Printing,,,Boston,,02127,42.3365,-71.0349,4.0,6,1
_6LbFlVrBsuaIYAdu1Nx7g,Around the Corner,,637 Tremont St,Boston,,02118,42.3424,-71.0751,5.0,20,1
_7NQg7ObN4wLbt5gdx0DGA,North End Waterfront Health Center,,332 Hanover St,Boston,,02113,42.3648,-71.0537,2.5,42,1
_8mci-1F9KNj4NExsCakdQ,Truffles,,100 Huntington Ave,Boston,,02116,42.3472,-71.0791,2.5,13,1
_98MfEQ67r9-V78gmy8_Pg,Grill 23 & Bar,,161 Berkeley St,Boston,,02116,42.3494,-71.0721,4.0,1035,1
_9ZSlKAUHhfGWvja-7llJQ,Boston Ballet,,19 Clarendon St,Boston,,02116,42.3447,-71.0719,4.0,35,1
_A6fj7b4qwnmcEEOYOu5vw,Mala Restaurant,,129 Brighton Ave,Boston,,02134,42.3531,-71.1311,3.5,262,1
_AjwUHdNpWJK5ihDdHBJGQ,Back Bay Events Center,,180 Berkeley St,Boston,,02116,42.3497,-71.0726,3.0,6,1
_azN7xsf92moObttcD2mzw,Japan Festival Boston,,The Boston Common 16 Charles St,Boston,,02108,42.3549,-71.0661,4.0,5,1
_BKhFzN3LY_UEtNUR4cq7g,Coleen's Flower Shop,,912 Dorchester Ave,Boston,,02125,42.3198,-71.0565,4.5,48,1
_BlacgaD14dZJtaWKHTljg,Damons Restaurant,,8 Park Plz,Boston,,02116,42.3513,-71.0661,2.5,5,0
_BnfBDIvA-D8M4rPwBeOCg,Whim Events,,24 Roland St,Boston,,02129,42.3817,-71.0782,5.0,44,1
_BRbfLrrgGVQ28-npeQLIQ,James Holske Electrician,,40 Delle Ave,Boston,,02120,42.3312,-71.0991,4.5,95,1
_bsS6oirZc8qKb2zL3iRvA,Esquire Moving & Storage,,23 Aberdeen St,Boston,,02115,42.3459,-71.1039,4.5,168,1
_BuGkENtDEZYHnawFeS5pA,Klassy Kuts,,8 Hyde Park Ave,Boston,,02130,42.2996,-71.1135,4.0,5,1
_C-OMjzEM4PVBVjh-svpmw,Mixx Frozen Yogurt,,1258 Boylston St,Boston,,02215,42.3453,-71.0952,3.5,5,0
_cSYDBswqaHYBVLO7UheMA,MBTA - Charles/MGH Station,,170 Charles St,Boston,,02114,42.3606,-71.0713,4.0,6,1
_d4F7-optaFUu-LqLKORnA,Supreme Staffing Solutions,,225 Franklin St,Boston,,02108,42.356,-71.054,3.5,5,1
_DCIuG2cAmNUFJzt7vohaw,Talbots,,500 Boylston St,Boston,,02116,42.3473,-71.0744,3.0,26,1
_dGJuIRF8HZr3bvKMHx_0w,Le's Beauty Salon,,10 Kneeland St,Boston,,02111,42.3509,-71.0625,4.0,260,1
_DNiHF9YU2vhMBf5eNedaw,Caswell Galleries,,31 Charles St,Boston,,02114,42.3618,-71.0664,4.0,5,0
_dOIfOlfA5app2dNrF8WNw,Aldo,,180 Newbury St,Boston,,02116,42.3502,-71.0793,2.5,29,1
_dT4yoCbm91hA_3YJ1aLeQ,The Hen House Wings 'n Waffles,,1033 Massachusetts Ave,Boston,,02118,42.3273,-71.0676,3.0,282,1
_eFcPQLcyViRvBUUb2YbNg,Boston Roverland,,43 A St,Boston,,02127,42.3412,-71.0557,4.0,8,0
_eOHsW95pJaeJAX1LLgp3Q,USS Constitution,,93 Chelsea St,Boston,,02128,42.3725,-71.0566,4.5,10,1
_f_u_E3CeJSYvaCu7BAlcw,Dot Tavern,,840 Dorchester Ave,Boston,,02125,42.3222,-71.0566,4.0,13,0
_FBouuRbbq0Hl-m6ma46qg,The Beach House Cafe,,789 Adams St,Boston,,02124,42.2832,-71.0559,4.0,13,0
_Fo-bRaPWe8Xu3-CV5ZH5A,YO! Sushi,,79 Seaport Blvd,Boston,,02210,42.352,-71.0465,3.0,183,0
_G1_cG-9RJ5iFDN_3qIwlw,Starbucks,,283 Longwood Ave,Boston,,02115,42.3377,-71.1046,2.5,55,1
_GbGa9qpcr8U20FiOcLS4g,Su Su Gourmet,,70 Tyler St,Boston,,02111,42.3492,-71.0613,3.5,40,1
_GlIG_W-esLrNVlPUA-b4g,Vapiano,,191 Stuart St,Boston,,02116,42.3512,-71.0667,3.0,147,0
_gqSFOAbUyCt2FztBTj2Cw,Beacon Hill Market,,55 Anderson St,Boston,,02114,42.3593,-71.0677,3.0,20,0
_H63TVv7JmpEgY-X6D-H8Q,La Catrina,,1620 Commonwealth Ave,Boston,,02135,42.343,-71.1429,4.0,181,1
_hhslRlNybfuIKn4TSMrTg,Help My Headlights,,,Boston,,02127,42.3365,-71.0349,2.5,7,1
_hR3N-E6XHuRtnZ6vmfp9Q,M&J Teriyaki,,130 Jersey St,Boston,,02215,42.3424,-71.0966,4.0,38,1
_HWXgn_S6nSuCfo-VzM7RQ,The Maiden,,28 W Broadway,Boston,,02127,42.3427,-71.0565,4.5,85,0
_i-ik7oyJYZGLDYUvbVlrQ,Moon Villa Restaurant,,19 Edinboro St,Boston,,02111,42.3519,-71.0599,3.0,89,1
_io1bJDT7YaU1EpW3dSvPg,Giddy Up,,1 Franklin Park Rd,Boston,,02121,42.3028,-71.0877,2.0,5,1
_Ir9lKlLHPEmhRWcwTucRw,Provincetown II,,200 Seaport Blvd,Boston,,02210,42.3502,-71.041,3.5,8,1
_JrC9jl2sGjm3TQi1sm-wA,Hairo Salon,,161 Newbury St,Boston,,02116,42.3509,-71.0787,4.0,128,1
_Kwv3BX8_LVr0dMc2YlRig,Boston Rose Florist,,215 Newbury St,Boston,,02215,42.3502,-71.0813,3.5,5,0
_kYnoiwa39mPsVeoSxlFVg,Nails Spa By Time,,712 Huntington Ave,Boston,,02115,42.3343,-71.1039,3.0,92,1
_kYzkcPWSCoh6UHQJcmePA,Sam Adams,,Boston Logan International Airport,Boston,,02128,42.3632,-71.0255,4.0,26,1
_LfZVk_T4nFTc0OmAHO46Q,Purple Shamrock,,1 Union St,Boston,,02108,42.3606,-71.0566,2.5,149,0
_lGPJC9B63nHZjKznS6g3g,Mojitos Latin Lounge & Nightclub,,48 Winter St,Boston,,02108,42.3561,-71.0619,2.5,64,0
_LKiLLx7PvKwIBVwqvTt5g,A Clean Break,,651 E Sixth St,Boston,,02127,42.3329,-71.0344,5.0,5,0
_LLIO1lyRW2pu8q_AkUo5g,1000 Degrees Neapolitan Pizzeria,,45 Court St,Boston,,02108,42.3592,-71.059,3.5,35,0
_m6nifAtiuzj_1XUcLwttw,Museum of African American History,,46 Joy St,Boston,,02108,42.36,-71.0652,4.0,18,1
_mK206ylwnsLD62yS5jpCQ,The Verb Hotel,,1271 Boylston St,Boston,,02215,42.3455,-71.097,4.0,236,1
_MOCIQ2uHJ0YzPri6RhW5A,Eastside Market & Wine Shop,,474 E 8th St,Boston,,02127,42.3315,-71.0421,3.5,6,1
_muVoNc4H_H_557WJvVWWQ,Ostra,,1 Charles St S,Boston,,02116,42.3511,-71.0671,4.5,463,1
_N1A1PcqZqHJTTD2BbKZxw,Star Residential,,528 Tremont St,Boston,,02116,42.3447,-71.0704,4.5,12,1
_NJERlQrdASQgRPuDGTapQ,Copley Place,,100 Huntington Ave,Boston,,02116,42.3471,-71.0778,4.0,110,1
_njO6Ik0Pp_gEg-WolSxfA,Xi'An Street Foods,,182 Brighton Ave,Boston,,02134,42.3531,-71.1337,3.0,47,0
_NMimxCl-pr19RErX8FX1A,Uptown Downtown Cutters,,1 Bromfield St,Boston,,02108,42.3564,-71.0595,3.5,5,0
_npFEECjLGimUbLACGwuTQ,Icarus,,3 Appleton St,Boston,,02116,42.3467,-71.0698,3.5,73,0
_nPHDeWqacE5BVbGvRgIrg,Boloco,,133 Federal St,Boston,,02110,42.3543,-71.0564,4.0,117,1
_OVcp6o8ktAH9C1t_ZlZZg,Patriot Parking,,7 Haviland St,Boston,,02115,42.3465,-71.0884,3.0,9,1
_oyCZwHWFQcXTJ3Nd3qUTg,1st Class Auto Body,,86 Condor St,Boston,,02128,42.3827,-71.0377,4.5,28,1
_peo9F4t52ALw5aI1ntYHg,For Eyes Optical,,222 Newbury St,Boston,,02115,42.3498,-71.0811,3.5,17,0
_PigSCgwNgC07UAqH7oGcA,Las Delicias Colombianas 2,,1231 River St,Boston,,02136,42.2561,-71.1229,4.0,40,1
_qRVNSE6RwOXE58WlNNwaQ,Boston Sports Clubs,,505 Boylston St,Boston,,02116,42.351,-71.0748,3.0,181,1
_QUh5vFHSuw8R_uiFZ7XKQ,Parish Cafe and Bar,,361 Boylston St,Boston,,02116,42.3518,-71.0716,4.0,1418,1
_qWpPmbykCa7EgVjVdvszQ,Steve Madden,,324A Newbury St,Boston,,02115,42.3484,-71.086,3.0,12,0
_r-_-RwNGItX9BlloFU4Yg,Bill's Bar & Lounge,,5 Lansdowne St,Boston,,02215,42.3473,-71.095,3.5,63,1
_rFGIsI4O_15Cr5P6zni1w,anoush'ella,,35 W Newton St,Boston,,02118,42.3389,-71.074,4.0,252,1
_rjdyoAccnjGwLNpNQTVHg,Ki Bistro,,270 Babcock St,Boston,,02215,42.3527,-71.1211,3.5,54,0
_RKBMVvvP2WVFstB_XNa-A,Brighton Barber,,4 Chesnuthill Ave,Boston,,02135,42.3489,-71.1533,4.0,38,1
_rpGl5wR5oxbS3ky-_w3Mw,Geoclassics,,7 North Market,Boston,,02109,42.3605,-71.0548,4.0,30,0
_RWkck7niE8VJG3zLXK2ig,Silvertone,,69 Bromfield St,Boston,,02108,42.3571,-71.0609,4.0,866,1
_SxtS6y7SsazoXQ__EEjPg,Broadway's Best Pizza,,483 E Broadway,Boston,,02127,42.3352,-71.0455,4.0,20,1
_tarP_aapkchqX8FkybWtQ,Fenway Cafe,,61 Brookline Ave,Boston,,02215,42.3472,-71.0991,4.5,26,1
_tDureGgU3Zr9rq2MId3aw,Shake Shack,,322 Washington St,Boston,,02108,42.3568,-71.0587,2.0,31,1
_tkRmWRJpRDiXCzxNZSEIA,The Red Hat,,9 Bowdoin St,Boston,,02114,42.361,-71.063,3.5,258,1
_tLZZH6bKwebXwhheu7ZpA,CrimsonBikes - Giant Boston,,11 Kilmarnock St,Boston,,02215,42.3441,-71.1001,4.0,46,0
_tUY90JSf-UpUJGYB61VJg,Bostonian Tailoring,,34 Province St,Boston,,02108,42.357,-71.0598,5.0,85,1
_tXd_sUndIVi6eG3HAHtVw,Big Daddy's Hot Dog Stand,,Bolyston & Darthmouth,Boston,,02116,42.3501,-71.0773,4.5,12,1
_u0MybBp6PQgQ38p64d5JA,Borinquen Restaurant & Cafe,,112 Stoughton St,Boston,,02125,42.3154,-71.0613,4.0,43,0
_U302QnB8Xk5LS07xt5I0w,Doggie Daytrippers,,214 Shawmut Ave,Boston,,02118,42.3441,-71.067,2.5,44,0
_UbF-xYK_lCeIM9WCy6UXA,Intriguing Hair,,82 Fairmount Ave,Boston,,02136,42.2546,-71.1198,4.5,16,1
_uHRxg-ubFFfQHgkVQUdAQ,Snippers Hairclub for Dogs,,99 Savin Hill Ave,Boston,,02125,42.3121,-71.0549,4.0,23,1
_uQDTNb98k2XXknRi6VkVg,The UPS Store,,398 Columbus Ave,Boston,,02116,42.3445,-71.0764,2.5,35,1
_Uvzy3uBMAMgSoEOElxeog,Chinatown,,,Boston,,02111,42.3515,-71.0602,4.0,62,1
_vCiu6tvTqaHiT67caPBVw,GreCo,,200 Pier Four Blvd,Boston,,02210,42.352,-71.0428,4.5,52,1
_VEQpntwiMLUbNPLvxvwzA,Ruth's Chris Steak House,,45 School St,Boston,,02108,42.3581,-71.0593,4.0,835,1
_VGvGHDP--nNQxg1iKQ2qg,Michal Negrin,,1 Faneuil Hall Market Pl,Boston,,02109,42.3605,-71.0555,3.0,18,1
_vt0CcRdOJen7d4UH1Ai5w,Alex's Pizza,,582 Dorchester Ave,Boston,,02127,42.3423,-71.0673,3.0,7,1
_vTethSI_KGrwx3XcAuDxw,Peruvian Taste,,78 Arlington Ave,Boston,,02129,42.3872,-71.075,5.0,5,1
_w-j3Le-EbntGxA-SVWa5w,Great Hill Dental Partners Boston,,1610 Tremont St,Boston,,02120,42.3337,-71.104,3.0,37,1
_WuBodz2aJ_nlOD4wgaDgw,Ocean Tan Salon,,100 Dorchester St,Boston,,02127,42.3353,-71.0457,4.0,20,0
_wVe8RjBhhKQms2T5BBggA,Starbucks,,821 Washington St,Boston,,02111,42.349,-71.0642,2.5,31,1
_WWT20OYxWNMNqIqOf1iGA,Back Bay Dry Cleaners,,145 Dartmouth St,Boston,,02116,42.3474,-71.0753,2.5,7,0
_wyUZ7ZRs1kRDrdQgU7N6w,Brigham & Women's Hospital,,75 Francis St,Boston,,02115,42.3361,-71.1075,3.0,186,1
_X_nFuXPbLEa_LVWqgdxiw,Thirst Juice Co,,44 School St,Boston,,02108,42.3576,-71.0597,3.5,80,0
_x4l0Z-XyCa8ZBVBUm6ZKg,Islamic Society of Boston Cultural Center,,100 Malcolm X Blvd,Boston,,02120,42.331,-71.0934,5.0,6,1
_YB5QIVgxTUO0MHQWkm8rA,TeaMoji,,3 N Beacon St,Boston,,02134,42.3538,-71.1375,4.0,133,1
_YDqFh13o5rvUYd-iGcaQA,Salon Design / Cafe by Salon,,122 Charles St,Boston,,02114,42.3593,-71.0709,3.5,7,0
_ygLq7S9oPtVlVumKc1BHg,Sun Country Airlines,,1 Harborside Dr,Boston,,02128,42.3666,-71.0165,1.5,10,1
_YjeTTAAEu8Kk6gf0qMZNg,La Abundancia Bakery & Restaurant,,59 Meridian St,Boston,,02128,42.3718,-71.0389,4.5,23,1
_yQBMw83bIed1JF4Z2q2Lg,Nonno's,,252 Friend St,Boston,,02114,42.3643,-71.061,3.5,12,0
_YTvJC0fDyiRj-HHz5r8rw,Campus Trolley,,665 Commonwealth Ave,Boston,,02215,42.3497,-71.103,4.0,59,0
_YVgB-TaWxG5aj_8eLRKlw,Barberito's Barbershop,,652 Tremont St,Boston,,02118,42.3417,-71.0752,5.0,18,0
_z-EyhmK35oP8gI_obEFBQ,A Matter of Face,,,Boston,,02108,42.3549,-71.0661,4.5,38,1
_Z31yEgJBBCo-vv_qDnJcw,Qdoba Mexican Grill,,961 Commonwealth Ave,Boston,,02215,42.3519,-71.1194,3.0,44,0
_zd6Wa2oELH4RcJRP2fGnA,Dunkin',,715 Boylston St,Boston,,02116,42.3497,-71.08,3.5,46,1
_ZDAfXziy4P5B60vDoWcjw,New England Holocaust Memorial,,Congress St,Boston,,02109,42.3606,-71.0571,4.5,102,1
-__HJQRCcIYXDxbr66ERBw,CubeSmart Self Storage,,968 Massachusetts Ave,Boston,,02118,42.3291,-71.0681,2.5,13,1
-_946Xn2JntsJDD7ePialw,Cafe 57 & Grill,,5 Henshaw St,Boston,,02135,42.3494,-71.1497,4.0,13,0
-00d-Qb0q2TcWn-8LBHDZg,Baja Taco Truck,,Saint Mary's St & Commonwealth Ave,Boston,,02215,42.3501,-71.1066,3.0,70,1
-01HRl5IlEFydK_Tf5i-lQ,2nd Time Around,,82 Charles St,Boston,,02114,42.3582,-71.0708,3.0,39,0
-0Gbsd7ztvTyFpl7jF0DIw,Cafe Hemshin,,8 City Hall Ave,Boston,,02108,42.3577,-71.0593,4.0,76,0
-0XME_3EJtOIyiTaYUx4VQ,Frontpoint Home Security,,,Boston,,02108,42.3575,-71.0691,3.0,10,1
-1b5PAJFq9L-EXEzPkQFVg,Megabus,,,Boston,,02110,42.3613,-71.0483,2.0,473,1
-1DE1NuBc3EKfOpEQ6xsHw,Hampshire House,,84 Beacon St,Boston,,02108,42.356,-71.0711,4.5,42,1
-1pe6rwUOBDwJi_E6J6_Dw,The Etc Cafe,,70 Stanford St,Boston,,02114,42.385,-71.1136,3.0,16,0
-1sIJLX71taHD-BgbwY64Q,Crispy Dough Pizzeria,,1514 Tremont St,Boston,,02120,42.3322,-71.0996,3.0,118,1
-2hT_nT_uny6zqtjcpFFEA,Royal Palace Restaurant II,,70 Tyler St,Boston,,02111,42.3493,-71.0613,4.0,42,0
-2L14IsbcXlwN5wa2zQ9XQ,Flutistry Boston,,801A Tremont St,Boston,,02118,42.3382,-71.0832,2.5,5,1
-2UtEzUdRJILFWB9YlxQ3w,Pilgrim Parking,,50 Dalton St,Boston,,02115,42.347,-71.0857,2.0,5,1
-3FjSLA_bfyEY_qMT8N27Q,The Designers Leather Clothiers,,106 Charles St,Boston,,02114,42.3589,-71.0709,3.5,25,1
-3j6VETRXGiFPz51oOOP1Q,Berklee College of Music Bookstore,,1090 Boylston St,Boston,,02215,42.3468,-71.0883,3.0,9,1
-3OkvsjV-Gu9AMRuxjC2Mw,Tavern Road,,343 Congress St,Boston,,02210,42.3506,-71.0493,3.5,256,0
-4ORLtNklDgq3MbrOU4tGw,The Square Root,,2 Corinth St,Boston,,02131,42.2868,-71.1304,4.5,40,1
-5gWvrcKOPmhlcZju3tpbw,Flour Bakery + Caf?,,12 Farnsworth St,Boston,,02210,42.3512,-71.0487,4.5,1168,1
-5L9oiePBLNzbNTsbARLUA,CVS Pharmacy,,350 Longwood Avenue,Boston,,02215,42.3386,-71.1073,4.0,15,1
-68H1PxpVbAKiIoYjjW1fQ,Ziggy's Coffee Bar,,102 Tremont St,Boston,,02108,42.3571,-71.061,3.5,79,1
-68H7Qxquw6NdrS-vjmDrg,Poe's Kitchen At the Rattlesnake,,384 Boylston St,Boston,,02116,42.3513,-71.0719,3.0,382,0
-7mViF5PiylDOtmH7VCGvA,South End Eye,,681 Tremont St,Boston,,02118,42.3416,-71.0766,4.5,66,1
-8gJZM4xsFaFhHMjHugZcg,Mastro's Ocean Club,,25 Fan Pier Blvd,Boston,,02210,42.3546,-71.045,3.5,197,1
-938Hc5j1PCfPxNd_a-ruw,Geek Squad,,,Boston,,02108,42.3549,-71.0661,1.5,7,1
-a3QRm23RPmeKbQL6YyhNw,SoWa Vintage Market,,450 Harrison Ave,Boston,,02118,42.3427,-71.0654,4.0,33,1
-a76rxthgKkHTy_Xh8LCKg,The Colonnade Hotel,,120 Huntington Ave,Boston,,02116,42.3458,-71.0809,3.5,211,1
-aOAze_EeYIkRlOMvRmTSg,Brigham And Women's Hospital Program For Weight Management,,221 Longwood Ave,Boston,,02115,42.3372,-71.1021,4.0,8,1
-ArT0dXRlDup6rRDRhZYWw,Bad Dawgs,,334 Massachusetts Ave,Boston,,02115,42.3425,-71.0844,3.5,12,0
-bC1fMN5kQgFruzUR8E_RA,Tony C's Sports Bar & Grill,,250 Northern Ave,Boston,,02210,42.349,-71.0386,2.5,529,1
-bknA6O_8D3iG9H2fd0TOw,Nanning Wok,,465 W Broadway,Boston,,02127,42.3357,-71.0464,2.5,43,0
-BxFhPH2Ea8IQymXdk4yHA,Lefty's Silver Cart,,460 Harrison Ave,Boston,,02118,42.3426,-71.0655,4.0,23,1
-BXIA0X0eQgDVcvSahIbXA,Teavana,,800 Boylston St,Boston,,02199,42.3475,-71.082,2.5,111,0
-C5-YM_Vp9CsKXlSBUO32Q,Zoe Hair Studio,,40 Beach St,Boston,,02111,42.3514,-71.062,4.0,42,1
-ccHz9bHJN6cRKOTi7-VDg,Starbucks,,240 Washington St,Boston,,02108,42.3581,-71.0578,3.0,22,1
-CHlGEdV6LD8dM6-YUgJAQ,Einstein Bros Bagels,,725 Commonwealth Ave,Boston,,02215,42.3503,-71.1054,3.5,8,1
-CI8nJGvZe-JVspDMj7NFw,Airport Water Taxi,,300 Congress St,Boston,,02210,42.3515,-71.0498,4.0,12,1
-Cj0pQ8KI3kgdjul4Zpv6Q,Exotic Nails & Designs,,450 Hyde Park Ave,Boston,,02131,42.2851,-71.1187,2.5,54,1
-ckVNeO14UipGHbIczIBSA,Teavana,,2 Copley Pl,Boston,,02116,42.3474,-71.0783,1.5,37,0
-CxbIm-SqwKhXwpKV5s_uQ,Subway,,138 Cambridge St,Boston,,02114,42.361,-71.064,1.5,17,1
-D1qTCXdH5JnbHn53j1TYA,Ray's Sub Shop,,211 Harrison Ave,Boston,,02111,42.3481,-71.0625,4.0,9,0
-dC67tueQ-cYCFizG9xcnA,Boston Fenway Inn,,12 Hemenway St,Boston,,02115,42.3464,-71.0888,3.5,5,1
-dffSG7wyJJWb0MM9HRxUA,Kaya Restaurant,,581 Boylston St Lbby,Boston,,02116,42.3601,-71.0589,3.0,13,0
-DLLt-xD1iqHg-PKz7vz4A,Bead + Fiber,,460 Harrison Ave,Boston,,02118,42.3422,-71.0642,4.5,41,1
-DrOvB0aD3dA90TOK6dCQQ,Salon Euphoria,,44 School St,Boston,,02108,42.3577,-71.0596,4.0,73,0
-dyaWHa-RhofzII6R7NnaQ,Sorelle Bakery & Cafe,,100 Northern Ave,Boston,,02210,42.3524,-71.0434,3.0,21,1
-EEmJNd-ib0NLgcRtQCpPw,Avery Property Management,,597A Tremont St,Boston,,02118,42.3441,-71.0713,3.0,54,1
-Eg1pMVoWg8YR6-O4QuTxw,Fiouna's Persian Fusion Cuisine,,90 Peterborough St,Boston,,02215,42.3434,-71.099,4.0,158,1
-Ejrd3LITPWZEdlZ-MaaaQ,ScrubaDub Auto Wash Centers,,25 W Howell St,Boston,,02125,42.3259,-71.0598,3.0,45,1
-ESN4OXnSUwQ77yTCWLydQ,Pomaire Boston Chilean Grill,,540 Harrison Ave,Boston,,02118,42.3413,-71.0669,1.5,12,1
-FcdUpH4E50NqqOqagcMnQ,Pin Ming,,5 Beach St,Boston,,02111,42.3514,-71.0626,4.0,54,1
-FOu2jl2REz10wnZEkNugA,Local Roots,,402 Hanover St,Boston,,02113,42.3659,-71.053,4.0,7,0
-gbgBe9mxp7uFIUjrc1yxQ,Moon Flower House,,110 Brighton Ave,Boston,,02134,42.3527,-71.1304,4.5,121,1
-gdR559hH89jagbHzZb10w,Evergreen Eatery,,154 Green St,Boston,,02130,42.3105,-71.1065,4.5,99,1
-GWlNWi0FL6ZyMJyDDa40Q,Sarku Japan,,417 Washington St,Boston,,02108,42.356,-71.0604,3.0,22,1
-Gyr3VSDQnqzdzg-Iv228Q,Lulu's Bake Shoppe,,227 Hanover St,Boston,,02113,42.3629,-71.055,3.5,107,0
-HBbK_21bLM22PTnJVWB-Q,Four Preppy Paws,,103 Charles St,Boston,,02114,42.3591,-71.0707,3.5,14,0
-hETyj8axjPj_sKtUiaSvA,Swinging Tails,,133 Clarendon St,Boston,,02117,42.3488,-71.0736,5.0,10,1
-iOW4FIS61TbvsWH-vmhEQ,Ariana Restaurant,,384 Western Ave,Boston,,02135,42.3627,-71.1379,4.5,417,1
-iQO1GmmIReyXyFRYuA8Pw,La Piazza at Eataly Boston,,800 Boylston St,Boston,,02115,42.3477,-71.0825,3.0,16,1
-JREyY4vSEG4fz_Rkq_ZEA,RunBoston,,7005 Boylston St,Boston,,02116,42.3508,-71.0765,4.5,7,1
-lFa989eOrkY0f8gAK07Mw,Tory Burch,,100 Huntington Ave,Boston,,02116,42.347,-71.0785,3.0,9,1
-lo0puJjC8EdOfg05XQRxA,Black Market,,2136 Washington St,Boston,,02119,42.3316,-71.0818,5.0,6,0
-Ly-ExWbYvrVoVYHsSowSw,Pita Downtown,,125 Summer St,Boston,,02110,42.353,-71.0575,3.0,28,0
-MjbdxBDKtI1JYmbP2qxFw,CVS Pharmacy,,240 Newbury Street,Boston,,02116,42.3495,-71.0819,3.0,25,1
-MkRcrnxgM3xPRoXPPAnIg,Stork Laundry,,249 Dorchester St,Boston,,02127,42.3328,-71.0514,4.0,10,0
-mmODOXYYInMQJsNSZ0a3Q,Boston Deluxe,,177 Huntington Ave,Boston,,02115,42.3449,-71.0828,2.0,8,1
-n_qDyqJ6oq1yQb1qc0hsQ,RadioShack,,197 Mass Ave,Boston,,02115,42.3452,-71.0871,2.5,11,0
-N3skaTbbGYwpiTrBxKe_g,Pi Alley Parking,,275 Washington St,Boston,,02108,42.3577,-71.0583,2.0,18,1
-nCnq0M7tfIcD3AYjbdYjQ,Achilles-Persephone: The Achilles Project,,283 Summer St,Boston,,02210,42.3499,-71.0499,4.0,73,0
-nkzkVG04GjOmKa2scBGeQ,Park Street MBTA Station - Green & Red Line,,Park & Winter Streets,Boston,,02108,42.3575,-71.0609,2.5,27,1
-ohmG6K71AxLLf5u2bQ8JA,Supreme Pizza,,177 Massachusetts Ave,Boston,,02115,42.3458,-71.0874,3.0,132,1
-ot2Xzd_X1U4iw2uw-lCzA,South Boston Branch Public Library,,646 E Broadway,Boston,,02127,42.3356,-71.0354,3.5,9,1
-p9F79UO0SUYSEhMC0ZLKw,Anna's Taqueria,,242 Cambridge St,Boston,,02114,42.361,-71.068,3.5,384,1
-PBAG7L0zQ7PfnT7LdzHLA,Sun-Ah's Cafe,,503 Washington St,Boston,,02124,42.294,-71.072,3.5,6,0
-pK1SR3blPDEzYKwXk4L5Q,Coda,,329 Columbus Ave,Boston,,02116,42.3462,-71.075,4.0,600,0
-Qg0OVcQWSqfbTBLmzX75A,Copley Flair,,583 Boylston St,Boston,,02116,42.3503,-71.0767,3.5,20,0
-Qj1Hn4dI0M8_-MTRHEGjw,Dewberry Dogs & Cats,,357 W Broadway,Boston,,02127,42.3379,-71.0497,4.5,118,1
-qqxi_JaPN7qzfXo-e3PzQ,Sprinkles Ice Cream,,254 Faneuil Hall Market Pl,Boston,,02228,42.3601,-71.0547,3.0,60,1
-r3_DVHbUeJdSYv3seiv4w,honeygrow,,100 Northern Ave,Boston,,02210,42.3522,-71.0436,3.5,57,1
-Rp4EUgKtthoklOW0V_L_g,Boston Eyeworks,,1676 Dorchester Ave,Boston,,02122,42.2932,-71.062,3.5,19,1
-rSUXRgJVFXnpmiXztNFLw,Bombay Cafe,,175 Massachusetts Ave,Boston,,02115,42.3458,-71.0874,3.0,102,0
-RyZgaiT7aj_3zKKSZWLsA,The David Pakman Show,,,Boston,,02130,42.3097,-71.1151,4.5,27,1
-S_m_GBqkGEjABeO0FaxzA,State Street Provisions,,255 State St,Boston,,02109,42.3594,-71.0514,4.0,520,1
-sMRoa9xQB4RYhfmEdwICw,Away,,50 Seaport Blvd,Boston,,02210,42.3533,-71.0479,4.0,5,1
-Tm31CQ7wbEfODPoF9W29w,Hilton Boston Downtown/Faneuil Hall,,89 Broad St,Boston,,02110,42.3573,-71.0534,3.0,249,1
-TPPnaxqtBUvRLEApMRNdg,Match,,94 Massachusetts Ave,Boston,,02228,42.3484,-71.088,3.0,258,0
-tX12XNiWrK89j1pyBOBUg,SoWa Winter Festival,,500 Harrison Ave,Boston,,02118,42.3421,-71.0659,3.0,21,1
-uPcDd5ulyWh4iZm--LY-Q,Peach Farm,,4 Tyler St,Boston,,02111,42.3512,-71.0604,3.0,541,1
-wB-P4r8knsWw17CTXRamQ,La Casa Del Pandebono,,271 Meridian St,Boston,,02128,42.3763,-71.0389,5.0,26,1
-WCdI2Uk0W4c1gjxB37ruQ,Subway,,350 Longwood Ave,Boston,,02115,42.3386,-71.1072,2.5,14,1
-WG2sv6ApNh1fa7ot-QAEA,Archie's New York Deli,,101 Arch St,Boston,,02110,42.3551,-71.0592,4.5,177,1
-wOYpo5-DMrmY82ewdxn5A,Precise Realty,,,Boston,,02135,42.3464,-71.1627,3.0,12,1
-wY1laWJS5aC4Ycyl7V5yg,Life is Good,,285 Newbury St,Boston,,02115,42.349,-71.0847,3.0,19,0
-YAp-GO-pcQQV6SsSjNVmg,WW,,101 SUMMER ST,Boston,,02110,42.3536,-71.0581,3.5,5,1
-YDSIWRnTYhLVrAlIHIGXQ,Mooncusser Fish House,,304 Stuart St,Boston,,02116,42.3498,-71.0707,4.0,93,1
-YE20CNYUTZ-S6KEHp1JBw,Fall Wine Fest,,539 Tremont St,Boston,,02116,42.3444,-71.0713,1.5,13,1
-ylSebUM0NRBVsl_XSAG5w,Hanscom Federal Credit Union,,10 Causeway St,Boston,,02222,42.3647,-71.0631,3.5,6,1
-Ym2MhfDbMso-kbVpcYPWQ,Sabet Management,,105 Peterborough St,Boston,,02115,42.3431,-71.0998,1.0,47,1
-YP8_SH4dBxEMKxUkX0euA,Little Lovage Club,,778 Tremont St,Boston,,02118,42.3393,-71.0799,2.5,6,1
-Yq20ZuKFMDdu40eiRIJqg,Hub Plumbing & Mechanical,,70 Old Colony Ave,Boston,,02127,42.2522,-71.0029,3.0,59,0
-YutJgt2TGcWffFFKsGDjg,McCormick & Schmick's Seafood & Steaks,,34 Columbus Ave,Boston,,02116,42.3509,-71.0693,3.0,296,0
-YYMI55-yFtciCdvO0wz_Q,The Joint,,605 Centre St,Boston,,02130,42.3147,-71.1142,4.0,22,1
-yZlnoQ_-sKw-v2qhBA2YQ,Prestige Cuisine,,924 Morton St,Boston,,02126,42.2806,-71.0829,4.0,24,0
-z0QPdXOa007JpDH8INrww,Jacky's Table,,1414 Commomwealth Ave,Boston,,02135,42.3486,-71.139,3.5,102,0
-znH4QK1lIYyatxI4syKug,Be Our Guest,,24 Blue Hill Ave,Boston,,02119,42.3243,-71.0755,3.5,9,1
-ZyOhOElLUAbxkJfFSGZJA,Vito's Tavern,,54 Salem St,Boston,,02113,42.3632,-71.0562,3.5,280,0
0_sMJaOg_3Y5p7Af_2ps4Q,Cambridge Nails & Spa,,326 Cambridge St,Boston,,02114,42.3609,-71.0693,3.5,143,1
0-t94gA9dgEoqIaE5FNokA,Nix's Mate,,89 Broad St,Boston,,02110,42.3574,-71.0532,3.0,139,0
0-tm9R95koBIepVXl2vROg,Starbucks,,Causeway St,Boston,,02114,42.3655,-71.0621,1.0,9,1
00auKm-dnzG62uRQahOUhg,Ashur Restaurant,,291 Roxbury St,Boston,,02119,42.3304,-71.0943,4.0,52,1
01_V3jriaILJvam7JVSFTg,Pink Taco Boston,,374 Congress St,Boston,,02210,42.3501,-71.0473,3.0,170,1
040lA62YaIP1MsSn93Elvg,Shad Hall Fitness,,70 N Harvard St,Boston,,02163,42.3664,-71.1247,3.5,5,1
04eZExl6U1jH3-m46R9gfA,Osaka Sushi Express,,106 Cambridge St,Boston,,02114,42.361,-71.0632,3.5,9,0
0564CxX0Kis6mL064_ATvA,All Star Staffing,,151 Merrimac St,Boston,,02114,42.3642,-71.0631,2.5,8,1
05hDm5BdZedOjIrXx3dokA,Souper Bowl,,1 Brighton Ave,Boston,,02134,42.3524,-71.1253,3.0,20,1
06eY-W4sjDQjhVDjnhJi4Q,Caf? 47,,47 Massachusetts Ave,Boston,,02115,42.3498,-71.0892,3.5,126,0
06feX4qEHFMcPZsiWtvYfw,Thinking Cup,,85 Newbury St,Boston,,02116,42.3517,-71.0747,4.0,808,1
06jyL7iohG-Kvu7iiJblGg,The Charles River,,Storrow Dr,Boston,,02114,42.3613,-71.0749,4.5,45,1
086D0OJczKLhNO7KZ_enzw,Goka Love,,,Boston,,02108,42.3549,-71.0661,5.0,6,1
08HHeap56r525_aOBMcGUQ,CitiDental South Boston,,141 Dorchester Ave,Boston,,02127,42.3418,-71.0573,4.5,16,1
08oTu4sgKDufwG3VvZJpTQ,Frugal Furniture,,1299 Blue Hill Ave,Boston,,02126,42.2803,-71.093,3.0,5,1
09FOYB83-KOqc3oIqV_t7Q,Ascend Nightclub,,295 Franklin St,Boston,,02110,42.357,-71.0529,2.0,25,0
09pqlAR4TSjQXNTiB4cXjw,Jm Curley,,21 Temple Pl,Boston,,02111,42.3552,-71.0623,3.5,797,1
09UTOsEwCbtOiN4r5t3UOw,Harpoon Tap Room,,1 Harborside Dr,Boston,,02128,42.364,-71.025,2.5,127,0
0a8qepuj3BzknB_FJIjP_Q,Starbucks,,595 Commonwealth Ave,Boston,,02215,42.3495,-71.0999,3.5,13,1
0aMBkBwGbMohUQL4s9LsWA,Jean Therapy,,524 Commonwealth Ave,Boston,,02215,42.3488,-71.096,3.5,51,0
0ARMTUxV0jm6ixBuB6TYzQ,Carl Brugnoli Law Office,,,Boston,,02132,42.2798,-71.1627,2.5,5,1
0Bwsye7Nuo9Yi5gizcii6g,Logan Beauty Salon,,192 Chelsea St,Boston,,02128,42.3747,-71.0334,4.5,15,0
0c_vP9e8HgocRo2pUhsJOA,Boston Flower Market,,591 Albany St,Boston,,02118,42.3375,-71.0684,3.0,27,0
0c04jPFNsJ--wXmBha2mfQ,Peruvian Connection,,170 Newbury St,Boston,,02116,42.3503,-71.0788,2.0,5,0
0c8NZgbg1Q0vwXMPZTUlvA,Campo di Fiori,,580 Commonwealth Ave,Boston,,02228,42.3488,-71.0994,3.5,6,0
0C9RCzBtegw6uuSfHc6b3Q,Boston Living Center,,29 Stanhope St,Boston,,02116,42.3486,-71.073,4.5,11,1
0ca4Fg19DMkCTZtfjGnHfw,Our Future Learning Center - Allston,,14-20 Linden St,Boston,,02134,42.3556,-71.1307,4.5,17,1
0cwzvAZOJvJd80MscLIZ8Q,Garden of Eden,,571 Tremont St,Boston,,02118,42.3437,-71.0726,2.5,55,0
0DeCEy6OAsDkh4S8o_dJ_A,Starbucks,,30 Rowes Wharf,Boston,,02110,42.3567,-71.0505,4.0,13,1
0DpCybqPb2lLa_YFX4iNmQ,Tufts Medical Center,,800 Washington St,Boston,,02111,42.3495,-71.0632,2.5,167,1
0DpES2hzTIP86u1AYwv83w,Liberty Bar,,215 Charles St,Boston,,02114,42.3621,-71.0706,4.0,6,1
0DVMdR1bm051QQmHNTi-tQ,Holistic Ink,,1261 Dorchester Ave,Boston,,02125,42.3077,-71.0586,4.5,35,1
0ecdxJatDlp5cOSRDjfN2w,Planet Self Storage,,100 Southampton St,Boston,,02118,42.333,-71.0696,2.0,7,0
0eEv3NdGrqUFhm0FPXFH-w,Live Noodles,,1026 Commonwealth Ave,Boston,,02215,42.3516,-71.122,3.5,78,0
0EILBP5TxMPujUxkAfjAaA,Ben & Jerry’s,,174 Newbury St,Boston,,02116,42.3503,-71.079,4.0,91,1
0ejhwywApMMI99iq5ftTOw,Tapeo,,266 Newbury St,Boston,,02116,42.3492,-71.0832,3.5,728,0
0f2mIro9yNrxF1V9ZhEU_Q,Carrot Flower,,703 Centre St,Boston,,02130,42.3116,-71.1147,4.5,39,1
0fbJdAPMHQBUGl4aNsg7-Q,Pasta Beach,,30 Rowes Wharf,Boston,,02110,42.3569,-71.0503,3.5,273,1
0FfD06ugopjQg2w7gf-aEQ,Suds & Duds Laundry,,64 Anderson St,Boston,,02114,42.359,-71.0676,3.0,12,1
0FnzifeZwmzsQgMYfT82Qw,Nordstrom Rack Newbury,,497 Boylston St,Boston,,02116,42.3513,-71.0743,3.0,80,1
0gCdE3fsWJ86YCT8Hnk9oQ,Causeway Restaurant & Bar,,65 Causeway St,Boston,,02114,42.3645,-71.0627,3.0,175,1
0goWTmfdgwOe6b-pPPp3Gg,Antonio's Cucina Italiana,,288 Cambridge St,Boston,,02114,42.3609,-71.0682,3.5,303,1
0gr6e78Z_cLYiMimbDQ0og,Huntington Theatre Company,,264 Huntington Ave,Boston,,02115,42.3418,-71.0856,4.0,70,1
0Hdt7EdR2IgbBXxhG0n-vg,Gopher Dogs Boston,,,Boston,,02127,42.3365,-71.0349,4.5,16,1
0hKljkGy5h-68K5A7AcrfQ,315 on A Apartments,,315 A St,Boston,,02210,42.3487,-71.0486,4.0,25,1
0hWbhIsnWYWdtix1YPcsiQ,Starbucks,,1 Charles St,Boston,,02116,42.3516,-71.0669,2.5,11,0
0hY0W_11zBBXjD5wA7q-3w,Dellaria Salons,,221 Newbury St,Boston,,02116,42.3501,-71.0815,3.5,28,1
0HzjECDU6jHU-L2RH_qKlQ,Boston Dental,,35 Court St,Boston,,02108,42.3592,-71.0589,4.0,8,1
0i5HUwpxsfMJXVwfO1SZvw,Boston Limo Service,,,Boston,,02110,42.3613,-71.0483,1.0,7,1
0IhZj8H5CiyN7xcRDO2n5Q,La Baguette Restaurant,,1229 Dorchester Ave,Boston,,02125,42.3088,-71.0583,3.0,8,0
0J36IfYRhlnsdWO-NZfwAw,Sprint Store,,39 Winter St,Boston,,02108,42.3561,-71.0616,2.5,22,0
0jBpBHbcjifuv8Iqww3iSQ,Tufts University - School of the Museum of Fine Arts,,230 The Fenway,Boston,,02115,42.3386,-71.0966,3.5,7,1
0jdxD8Ye4Fvi0aDqzXBKyQ,Seaport Realty Group,,711 E Broadway,Boston,,02127,42.3354,-71.0369,4.0,8,1
0JmI7_Z2PAWOm-i0BvJt-g,Tom English's Cottage,,118 Emerson St,Boston,,02127,42.3359,-71.0404,4.0,38,1
0jO6LqWJFaN9F_fx1MXt3w,Beacon Hill Cleaners,,151 Charles St,Boston,,02114,42.3605,-71.0706,4.0,32,1
0jWSoLxbPpEpnTUHzPah8w,Garrison Square,,7 Harcourt St,Boston,,02116,42.346,-71.0787,4.0,18,1
0kNj4j1QB72Zcw3uYedkSg,Eventide - Fenway,,1321 Boylston St,Boston,,02215,42.3445,-71.099,4.0,336,1
0KQPHFXqOj4LhZCrlH7GXw,Teriyaki House,,32 W Broadway,Boston,,02127,42.3427,-71.0563,3.0,339,1
0lJZCkGpLFuuJa293ezI6Q,CVS Pharmacy,,631 Washington Street,Boston,,02111,42.3526,-71.063,3.0,35,1
0LNkmwHXsMbJIXFHcioGHA,Hidyan Mediterranean Grill,,80 Kilmarnock St,Boston,,02215,42.3424,-71.0991,4.0,127,0
0lxOKknFreK5B4c-PJBqlw,Sunshine Window Cleaning,,,Boston,,02115,42.3399,-71.0899,1.0,11,1
0M3R3qyupngyT0VdQSXjrQ,Covet,,109 Charles St,Boston,,02114,42.3593,-71.0705,4.5,6,1
0mKKWcek1pCVsz7Htkyg_w,Harbor Seals Exhibit,,1 Central Wharf,Boston,,02110,42.3593,-71.0491,4.0,5,1
0MKv-HY7XfI-Twx00_61JQ,Key Works,,235 Washington St,Boston,,02108,42.358,-71.0581,4.5,38,1
0MRKjBQ56lzstsUeLZPzVA,Fitcorp,,1 Beacon St,Boston,,02108,42.3585,-71.0606,2.5,8,0
0mX8Ryn2CJjUd_ihCyl2PA,CVS Pharmacy,,587 Boylston Street,Boston,,02116,42.3504,-71.077,3.0,48,1
0NI4Hjg65STdxHzxFWogPg,MBO Construction,,,Boston,,02115,42.3587,-71.0596,4.0,9,1
0Oc_Hw4iz607Ym-5vpBJmg,Simplisafe,,,Boston,,02108,42.3549,-71.0661,1.5,35,1
0OXysDMAdMzDj2iW0zacKw,Falafel King,,260 Washington St,Boston,,02108,42.3578,-71.0579,4.0,234,1
0oYvvuKf15nZ05iLd1TC8Q,Xinh Xinh,,7 Beach St,Boston,,02111,42.3513,-71.0623,4.0,586,0
0PljYWhr_fgj4pBbwdEQWg,Clothing From Italy,,49 Bromfield St,Boston,,02108,42.357,-71.0605,4.0,15,1
0Q6s5_k8GHzaEUuUy2tReg,Tuckamore Aviation,,,Boston,,02127,42.3365,-71.0349,5.0,5,1
0qaghywAa3TfA4evo4q8wQ,CVS Pharmacy,,400 Tremont Street,Boston,,02116,42.3472,-71.0682,3.0,20,1
0QBpqLaKqVKlHTSsrqBHdQ,Panera Bread,,201 Brookline Ave,Boston,,02215,42.3446,-71.1015,3.0,54,0
0qESDCbuUMzPkEI_5fMsiA,Ace Ticket Agency,,121 Brookline Ave,Boston,,02215,42.3459,-71.1006,4.0,5,0
0qKUGUxON5hbuWIvsUKvGA,Allegro Piano Movers,,,Boston,,02215,42.3476,-71.1003,5.0,32,1
0reSyEnxxHl24UzxRvoujA,Green Energy Consumers Alliance,,284 Amory St,Boston,,02130,42.3145,-71.1038,2.5,15,1
0RF9Lt49RQ_G0NGVPy_P4A,Sweet Tomatoes Pizza Truck,,,Boston,,02127,42.3365,-71.0349,3.5,15,1
0Rm-y6HZee9c02TXArpeqw,Tea Forte,,91 Newbury St,Boston,,02116,42.3519,-71.0751,4.5,14,1
0RWsUIs0xvoDhLeYI7GyZQ,A Pea In the Pod,,10 Newbury St,Boston,,02116,42.3522,-71.072,3.5,12,1
0s8iv660dB30pHK4W1r6KA,Genki Ya - Boston,,232 Tremont St,Boston,,02116,42.3512,-71.0647,3.5,494,1
0sZ7ObzXZ5KM82g7Q7awqA,Stir,,102 Waltham St,Boston,,02118,42.3437,-71.0714,4.5,43,1
0T2JxXuUYiAxBW2eu59eSA,Charlie's Dry Cleaners,,1094 Saratoga St,Boston,,02128,42.3812,-70.9752,4.0,5,1
0T64EURWAh-CJOinf98wRw,Avery Provision,,571 Washington St,Boston,,02116,42.3537,-71.0626,2.5,14,1
0TfViMuFU_e3tL3nsr9ZBA,Mangiamo Pizza,,583 Washington St,Boston,,02135,42.3504,-71.1662,3.5,43,0
0tn2jIx5_TspBl9GX4AklQ,Carman's Beauty Salon,,764 Huntington Ave,Boston,,02115,42.3333,-71.106,4.0,12,1
0TX2JhUS7lsKj1i1xaaiiQ,The Boston Book Festival,,,Boston,,02116,42.3531,-71.0765,5.0,9,1
0uG3FNSrmDiDPr6VRRNSrg,TC's Lounge,,1 Haviland St,Boston,,02199,42.3466,-71.0875,4.0,111,0
0UY6UXEedB2_M7vK6pYISQ,Neighborhoods Coffee & Crepes,,96 Peterborough St,Boston,,02215,42.3432,-71.0992,4.0,379,0
0UZfrD3_zEYctLoCI3fLqw,O'Naturals,,75 Francis St,Boston,,02115,42.3361,-71.1067,3.0,26,0
0v2UxEKjtFZ6s-cInDlUEQ,G-Star Raw Store Newbury Street,,160 Newbury St,Boston,,02116,42.3505,-71.0784,4.5,6,0
0WBT0uSraXfAu3QQ3HK0mA,Globe Bar and Cafe,,384 Boylston St,Boston,,02116,42.3514,-71.0719,3.0,355,0
0wtMX-VP4_3Xroq55rsEVg,Marco,,253 Hanover St,Boston,,02113,42.3632,-71.0548,4.0,153,0
0XLKrnsfyk5UcQO0pAjs7Q,Independent Life,,8 N Faneuil Hall Marketplace,Boston,,02109,42.3485,-71.0823,3.0,7,0
0YGcp_ho5kDIn_t5B2T4fA,Brigham Dermatology Associates,,221 Longwood Ave,Boston,,02115,42.3371,-71.1023,3.5,9,1
0yQM3C8yeONeD645e7pPdQ,Farm & Fable,,251 Shawmut Ave,Boston,,02118,42.3436,-71.0685,3.5,7,0
0Z36T2vb8pt_W6eCecBKUg,Stone Photo & Framing,,160 Federal St,Boston,,02110,42.3543,-71.0559,4.5,17,1
0Z4v0mdB0N5JUcM14toPNQ,Care's Bakery,,,Boston,,02134,42.3593,-71.127,5.0,6,0
0Zum76YxeAQDk2NXpX25GA,Matthew Attaya - Residential Mortgage Services,,91 Franklin St,Boston,,02110,42.3552,-71.0577,5.0,5,1
0ZxRjgpyeovuFreWPx1WFg,The Chicken & Rice Guys - Catering & Food Trucks,,,Boston,,02116,42.3593,-71.0595,4.0,304,1
1_a3_wprXmmhCBVIBrxXjA,Pita Thyme,,102 Water St,Boston,,02109,42.3582,-71.0549,4.5,133,1
1_IdvN2Xwtliguep2eLdaA,Crazy Dough's Pizza,,800 Boylston St,Boston,,02199,42.3474,-71.0825,3.5,29,0
1_lkf1870jL1mZ2RhQ7Uzg,Pedro's Tacos,,55 Bromfield St,Boston,,02108,42.357,-71.0606,4.0,211,0
1_oXI1s0-WF-j6iu5dgGDw,Eva Beauty & Skin Care Center,,24 Kneeland St,Boston,,02111,42.3509,-71.062,4.5,27,0
10ub7OQEc9UyWi_DGA2ueQ,Blackstone Square,,1525 Washington St,Boston,,02118,42.3398,-71.0726,3.5,8,1
11KR4HUL-Z1OkvgiawRJrA,Bliss Spa at W Boston,,100 Stuart St,Boston,,02116,42.3508,-71.0657,3.5,170,1
11t25303VPvIHnWRWmzKMQ,Simply Barre,,118 W Broadway S,Boston,,02127,42.3414,-71.0546,4.5,21,0
124gMUwiDAF1XOCMbz9WZg,Slush King,,211 Bennington St,Boston,,02128,42.3776,-71.0312,4.5,15,1
127IovouYwKGhFcyNxy9iw,Boston Globe Travel Show,,200 Seaport Blvd,Boston,,02210,42.3514,-71.0405,3.0,5,0
12Nu1ziGG3lJA9mLi8Z9WA,Blue Glass Cafe,,200 Clarendon St,Boston,,02116,42.3493,-71.0751,3.0,55,1
13NuB2aD-tn3b2ZbFsrEag,Peninsula Apartments,,401 Mt Vernon St,Boston,,02125,42.3165,-71.0406,1.5,17,1
13oezoEd_8yWQYGvoiVgoQ,Greater Boston Properties,,185 Dudley St,Boston,,02119,42.3282,-71.082,2.5,25,1
14GzlscvBbd3PDxAZ0oCqw,The Langham,,250 Franklin St,Boston,,02110,42.3565,-71.0546,4.0,233,1
15BOsZW5WubQPBUcLZvofw,Sebastians Caf? & Catering,,157 Seaport Blvd,Boston,,02228,42.3499,-71.0427,3.0,17,0
1643-8zdQPe5W7YtgcuVlA,Jeannette Neill Dance Studio,,261 Friend St,Boston,,02114,42.365,-71.0614,4.5,12,0
16A5fBXNlkHpFD5FB6pwtA,Jacquelyn's Waterfront Day Spa,,107 Atlantic Ave,Boston,,02110,42.3615,-71.0526,4.5,20,0
16PGaQl-s11xlYOX6TYSBQ,Laz All Day Breakfast and Pizzeria,,1744 Washington St,Boston,,02118,42.3366,-71.0766,3.5,6,1
16V-bdLR2GxMvkz0Ecf10A,i-Go Repairs,,,Boston,,02110,42.3613,-71.0483,5.0,98,1
17fqj_imP7fh7Xg4BGfvlg,Boston Coach and Limo Company,,,Boston,,02149,42.4041,-71.0557,3.0,6,1
17jkEtPZ35NbSReXacVr1A,Rockland Trust Pavilion,,290 Northern Ave,Boston,,02210,42.3485,-71.0362,3.5,231,1
18aDgJE0XsOQ474ZddwUzw,Sweet Bubble Truck,,,Boston,,02116,42.3531,-71.0765,4.5,14,1
18KHM645gSV-5yb8owG3xg,MyGuru,,10 Milk St,Boston,,02109,42.3569,-71.058,5.0,6,1
18WftZ008z-IH_XQ1-GnlQ,Locke-Ober,,3 Winter Pl,Boston,,02108,42.3555,-71.0616,3.5,113,0
19P3ryDgVQqChhbSA84i3A,Boston Pedicab,,105 W Newton St,Boston,,02118,42.3411,-71.0761,4.5,37,1
19xuTm-mcnG4k7rF3ZTmeg,Clover Food Truck,,,Boston,,02111,42.3515,-71.0602,4.0,484,1
1A_cd9SuOcFuSCMws8lzuQ,Sunrise Market,,152 Brighton Ave,Boston,,02134,42.3529,-71.1324,4.0,9,1
1a2Ce7eujcAxy_EGVtYWFQ,Goodbar,,183 State St,Boston,,02109,42.3594,-71.0532,2.5,42,0
1aGsLFmOBVAT9g3cjWdhGQ,Handy Remodeling,,,Boston,,02125,42.3157,-71.0527,4.5,7,1
1aIA15U0i7JZ9adSCuUdqw,CrossFit Jeffries Point,,1A Everett St,Boston,,02128,42.3685,-71.0375,4.5,7,1
1AjP3wSiy5ZQo049_uvuAQ,Road Scholar,,11 Ave De Lafayette,Boston,,02111,42.3529,-71.0606,2.5,38,1
1aKygz9ZIt7D_k4o05vfhQ,Emack & Bolio's,,140 Brookline Ave,Boston,,02115,42.3448,-71.1007,3.0,83,0
1b7EIjIXTuF5E-QeItJsSQ,Joint Ventures Physical Therapy and Fitness,,800 Boylston St,Boston,,02199,42.3484,-71.0825,4.0,6,1
1B9ieYrzkkpmSRTf38Pk2g,Balloon City of Boston,,995 Bennington St,Boston,,02128,42.3864,-71.007,5.0,11,1
1BG8apWvVcCW5TbntPgOTQ,Peet's Coffee,,66 Charles St,Boston,,02114,42.3577,-71.0703,4.0,29,0
1C32E52HmhRC3GNwkX2nZg,Moonshine 152,,152 Dorchester Ave,Boston,,02127,42.3417,-71.0568,4.5,399,1
1C3jjWWZSy_z1JK_UDdzqA,Hair Garden Salon,,8 Chestnut Hill Ave,Boston,,02135,42.3488,-71.1534,4.0,15,1
1C9LkeQZFASbEZxksLF6Kw,St Anthony Shrine,,100 Arch St,Boston,,02110,42.3549,-71.0583,4.5,20,1
1CM7Je7nzC2Rh8VGOGSNAw,Jerry's Custom Tailoring and Alterations,,729 Boylston St,Boston,,02116,42.3493,-71.0802,4.5,59,0
1cpwknuKnZ5mUB9DChsgTg,Local Lock & Key,,1878 Dorchester Ave,Boston,,02124,42.2867,-71.0639,5.0,13,1
1d4XXQK90iM_tP1tMylroQ,Herm?s,,320 Boylston St,Boston,,02116,42.3518,-71.0704,3.0,61,1
1DGBQiG___FsnnDteKLLJg,Todisco Towing,,94 Condor St,Boston,,02128,42.3829,-71.037,2.5,79,1
1dQgvSMiQ5EAm85N3tXUiA,American Red Cross,,274 Tremont St,Boston,,02116,42.35,-71.0652,4.5,19,1
1E_JFdI6HfEhh3T_qvO_jw,Stephanie's On Newbury,,190 Newbury St,Boston,,02116,42.3502,-71.0795,3.0,1553,1
1E2KcGtzZO5v_LgrTiQl9A,Sip Cafe,,0 Post Office Sq,Boston,,02109,42.3561,-71.0553,4.0,169,1
1EkC4GEqF99nf-XrJ2wzsg,Sai Gon One Restaurant,,1331 Dorchester Ave,Boston,,02122,42.3053,-71.0592,3.0,49,1
1fBTkbbl8OAeteNvy9SQkQ,The Doggarie,,157 Belgrade Ave,Boston,,02131,42.2864,-71.1371,4.0,6,1
1fZaglyWKWMhW5EiJZRVKw,Grillo's Pickles,,Park Street T Stop,Boston,,02108,42.3562,-71.0628,4.0,94,1
1G8WMF0cSEEeO-0x-gKvEA,BBQ Chicken Allston,,182 Harvard Ave,Boston,,02134,42.351,-71.1312,3.5,19,1
1gE3nHuHVxOapKDWWRJy7A,Panificio,,144 Charles St,Boston,,02114,42.3599,-71.0709,3.0,300,1
1Ggpx51s15M0sHfUqj9CjA,Boston Common Hotel and Conference Center,,40 Trinity Pl,Boston,,02116,42.3485,-71.0748,2.0,60,0
1GMBD09cMwCBIo2TZ8IAEw,Canton House,,6 Hancock St,Boston,,02125,42.3156,-71.0659,3.0,18,1
1GRK2j8iQXlKl-8dV0dMAg,Santacross Distinctive Shoe Serv,,151 Tremont St,Boston,,02111,42.3545,-71.0634,4.5,30,1
1gx0tfmOgXVTYYts-bAPuA,Bruegger's Bagels,,644 Beacon St,Boston,,02215,42.3494,-71.0957,3.0,85,0
1gztXbiHPHdrt6KzHJgRkA,Randstad,,100 Summer St,Boston,,02110,42.3537,-71.0575,1.5,8,1
1h-njmXTdCV2oDNJ8ngsSQ,For Eyes Optical,,10 City Hall Ave,Boston,,02108,42.3581,-71.0591,3.5,5,0
1hju79jdCKIe68csk-kNrA,Ruby Room,,155 Portland St,Boston,,02115,42.3641,-71.0614,3.0,24,1
1hWZ0K2DOKZB9Xft08VZ9g,Sorellina,,1 Huntington Ave,Boston,,02116,42.3488,-71.0779,4.0,673,1
1i2AnaGDRlNEtLlxLf-5nw,Hub Town Tours,,1 Washington St,Boston,,02108,42.3594,-71.0578,5.0,7,1
1ig9XVKFUi6koE2LvTGLSA,Lo Presti Park,,33 Sumner St,Boston,,02128,42.3705,-71.0435,4.0,6,1
1IhvJwYuixUUXFL0PUb0YA,CorePower Yoga,,1119 Commonwealth Ave,Boston,,02215,42.3517,-71.126,4.5,34,1
1iM3VC-3bL3-aRCZsZ5eAA,WBQT - Hot 96.9,,55 Morrissey Blvd,Boston,,02125,42.3178,-71.0502,3.0,14,1
1ITmOP8BLer4c5GFcUnYLA,Bed & Breakfast Afloat,,28 Constitution Rd,Boston,,02129,42.371,-71.0606,5.0,8,1
1iuDDfxsCW1ZfeBOrlzl1Q,Hair Richard-Joseph,,164 Newbury St,Boston,,02116,42.3504,-71.0786,4.5,8,1
1IVYTxADeFWBivhhw0VYXg,Alltown,,510 Park Dr,Boston,,02215,42.3478,-71.1058,2.0,5,0
1j4lL5ybDgSBv1js3k8rKg,Friends of Rosebud Dog Services,,,Boston,,02118,42.3378,-71.0706,5.0,8,0
1JHyHC_guUaVwTi3m4Vu5g,Zen Japanese Grill & Sushi Bar,,21A Beacon St,Boston,,02108,42.3581,-71.0625,4.0,302,1
1jUY3TN_GbNhFzo9owcIxQ,Burger King,,1 Center Plz,Boston,,02108,42.3601,-71.0605,2.0,8,0
1kcmz9_WCVLi4NrAAfPMKA,Lucy's League,,1 Faneuil Hall Sq,Boston,,02109,42.3606,-71.0546,4.0,5,1
1kgSiQpvG7f5SjueHDTIsA,Boch Center - Shubert Theatre,,265 Tremont St,Boston,,02116,42.3504,-71.0654,3.0,47,1
1kP-cVziwo3rZczlweegIw,Rosie's Bakery,,2 South Station,Boston,,02110,42.3519,-71.0551,3.0,33,0
1kVE82Y3PIpa2uzfUMKiwA,DeScenza Diamonds | Boston,,387 Washington St,Boston,,02108,42.3561,-71.06,3.5,22,1
1KwC91T4YS3Ok6ebWZnXJA,BONAPITA,,75 Spring St,Boston,,02132,42.2776,-71.1639,4.5,93,1
1l-vGDoUK2ieoNEYFQ8KRQ,Corner Laundry,,197 Chelsea St,Boston,,02128,42.3745,-71.0332,2.5,5,1
1L1u6daoh7bJYuud4eNR8Q,Baseball Tavern,,1270 Boylston St,Boston,,02215,42.3447,-71.0963,3.0,191,0
1lA0e29HK0Ks2kAFtvG-og,Petraglia Services,,,Boston,,02128,42.3695,-71.0201,4.0,34,1
1LtYeHgF0uVmDUuQcUwfNA,Newbury Yarns,,2 Milk St,Boston,,02108,42.357,-71.0583,3.0,20,1
1M5yNOje8Eoz4m_CS89t9w,My Cousin's Place,,396 Hanover St,Boston,,02113,42.366,-71.0529,4.0,89,1
1M6BZcFTnmXkxWDYqo6qPQ,Irashai Sushi and Teriyaki,,8 Kneeland St,Boston,,02111,42.3511,-71.0627,4.0,506,1
1mEpvCIJ9EoY-CjkOgIVHA,The Holland Companies,,519 Albany St,Boston,,02118,42.3389,-71.0662,3.0,5,1
1mSzgf0oGmiIkT-hDUGcgg,Sq Car Service,,,Boston,,02128,42.3695,-71.0201,1.5,8,1
1NOMm_z1gmI1pwYpiYXKFQ,Anthony's Pier 4,,200 Terminal B,Boston,,02128,42.3624,-71.0188,2.0,7,0
1Nu0C8i9HZOxjcxX-LwpZQ,MBTA - Boylston Station,,Boylston & Tremont St,Boston,,02116,42.3524,-71.0646,3.5,6,1
1nYIaoGR8HtKzXM2j4UkvQ,PhoRaya Thai Spa,,900 Huntington Ave,Boston,,02115,42.3319,-71.1117,5.0,14,1
1oANokubN0MuF1G8Ff_7kg,Dunkin',,1020 Commonwealth Ave,Boston,,02215,42.3515,-71.1216,2.5,32,1
1OfGiLhsOwvA9xHZ2F_KBA,Savory Food Truck,,Harrison Ave,Boston,,02118,42.3366,-71.073,2.0,18,1
1oyiw6jjof7pQrk9iQKHTg,The Creperie On Newbury,,259 Newbury St,Boston,,02116,42.3495,-71.0831,3.5,60,0
1P95494QGJnrGnZkXk-qkQ,7-Eleven,,722 Huntington Ave,Boston,,02115,42.3341,-71.1043,2.5,7,1
1pXcVSMM79NB5GVkh1KmPA,Turtle Swamp Brewing,,3377 Washington St,Boston,,02130,42.309,-71.1053,4.5,57,1
1qgex3ZdG8Bs96HoZwyNoA,Northeast Tub and Spa Repair,,,Boston,,02115,42.3584,-71.0598,1.0,5,1
1qLtPyQ6rfLCXH65r6FNXQ,Lash L'Amour,,129 Newbury St,Boston,,02116,42.3514,-71.0768,4.0,64,1
1qmv0_SlmMAnAJzDcvyaQw,D'Angelo,,267 Old Colony Ave,Boston,,02127,42.331,-71.0531,3.0,6,0
1QoYf8iTICanh-4KjQDySw,Club Monaco Prudential Center,,800 Boylston St,Boston,,02199,42.3471,-71.0817,3.0,55,1
1qU678xPL4CdHhdUBCGtsQ,Minina's Cafe,,432 Geneva Ave,Boston,,02122,42.3005,-71.0666,4.0,8,1
1qwxzGRcU1y3tJrsoYQ4Rw,Picco Pizza & Ice Cream,,513 Tremont St,Boston,,02116,42.3449,-71.0705,4.0,1186,1
1rG7sdHTnosYx6xtCzmWBQ,Rebecca's Cafe & Catering,,411 Brookline Ave,Boston,,02215,42.3389,-71.1073,3.5,5,0
1SafxOqgeBwmooNN3c8uKg,Dorchester Pet Clinic,,103 Savin Hill Ave,Boston,,02125,42.3118,-71.0543,3.0,12,1
1sehXiCONsgT0PpG08-nvg,Achilito's Taqueria,,38 Hyde Park Ave,Boston,,02130,42.2988,-71.1141,4.0,70,1
1ss2itq2vuEvb_SYKjGIvw,William's Tavern,,92 A St,Boston,,02127,42.3426,-71.0546,4.0,10,0
1TbQAjlCg3bVqx6xp5TBLw,First Republic Bank,,160 Federal St,Boston,,02110,42.3541,-71.0561,4.5,9,1
1TrAsJh4jRcVq9NzirvZrA,The Advent School,,15 Brimmer St,Boston,,02108,42.3582,-71.072,4.5,6,1
1tTteHe8JOnqN7W7fcqbKQ,Canestaro Restaurant & Pizzeria,,16 Peterborough St,Boston,,02215,42.344,-71.0957,4.0,132,0
1u-ReBoblD06NgKv9TBTmg,Giovanni The Photographer,,,Boston,,02116,42.3531,-71.0765,5.0,16,1
1V1UObEVk2UKzyj-XHXszQ,Timothy Anaya Photography,,,Boston,,02445,42.3328,-71.1389,4.5,6,0
1vfIfIqoyVTckFTfeJo4fw,The Benjamin,,25 Northern Ave,Boston,,02210,42.3536,-71.0473,4.0,18,1
1VqftFBUMdktbt2MX5JUNQ,Boston Kitchen Pizza,,1 Stuart St,Boston,,02116,42.351,-71.0631,4.0,243,1
1VR08ZyMHDAXMGLVY7ktfA,U-Save Car & Truck Rental,,25 Harvard Ave,Boston,,02134,42.3546,-71.133,1.5,44,1
1vTR-yWQpthBgQuzAdUZ3w,Sauciety,,425 Summer St,Boston,,02210,42.3461,-71.0433,3.0,62,1
1vWXolAUc5cUhFe5tYVCzg,Tony Tong the Tailor,,132 Lincoln St,Boston,,02111,42.3549,-71.0581,4.5,46,1
1VZN-NjHWA59TtEdtumntw,Fidelity Brokerage Services,,100 Summer St,Boston,,02110,42.3538,-71.0574,2.5,10,1
1W6G3XSP7o2n6hharhAmjg,Camera Center,,1 Faneuil Hall Market Pl,Boston,,02109,42.3601,-71.054,2.0,7,0
1W7-WnlJevwgg446OP2HPA,SAMA Confections,,279 Newbury St,Boston,,02116,42.3494,-71.084,4.5,71,0
1W9m6f8GXrtpzibXi0FrtQ,Sbarro,,417 Washington St,Boston,,02108,42.3559,-71.0605,1.5,6,0
1WQut1lCad8RlTECc_ESNg,Boston Logan International Airport -  Terminal B,,1 Harborside Dr,Boston,,02128,42.362,-71.0187,3.0,185,1
1wsZ5Pd55PnZRhU5ZGqf0w,station KTV -  Boston,,20 Hudson St,Boston,,02111,42.3504,-71.06,3.0,55,1
1x7mQvWi4f0kyvKU4z9o2Q,Boston Common Lemonade Cart,,139  Tremont St,Boston,,02116,42.3555,-71.0639,4.0,8,1
1XciomoDB49gXU4HlaucpA,N & P Masonry,,79 Chard St,Boston,,02189,42.3122,-71.1205,4.0,8,1
1XQoByy8pw7AbZsOmBu5MQ,City Kitchen,,6 Hemenway St,Boston,,02115,42.3466,-71.0891,3.5,5,0
1xrsS6ZLTcSus_wC8SKE6w,Park Lane Seaport,,One Park Ln,Boston,,02210,42.3481,-71.038,3.5,19,1
1XwEesvQN1VZdq7q-INtxw,PAX East,,415 Summer St,Boston,,02210,42.3466,-71.0418,3.5,23,1
1Y6pkSPtHv6AoGEzobMoLQ,Mauro's,,653 E Broadway,Boston,,02127,42.3354,-71.0385,4.5,99,1
1yDBjq0jxDoQAilgOfLrMA,The West Street Grille,,15 West St,Boston,,02111,42.3547,-71.0622,4.0,9,0
1yUvx89slO4SRud5O3zjUQ,Tiger Mama,,1363 Boylston St,Boston,,02215,42.3441,-71.1003,3.5,623,1
1ZF6BpaRvtyjT7-_x5dZHg,St Elizabeth's Medical Center,,736 Cambridge St,Boston,,02135,42.3489,-71.1474,2.5,135,1
1zgLdtyW9t0oXB1DxxAqPw,David's Instant Shoe Repair,,281 Franklin St,Boston,,02110,42.357,-71.053,5.0,22,1
1ZHN4WULeyzBtzAxE8s6GQ,C Mart Supermarket,,109 Lincoln St,Boston,,02111,42.3517,-71.0585,3.5,70,0
1znX5qwB-aMCgJepnDHQeg,Back Bay Sandwich,,31 St James Ave,Boston,,02116,42.3509,-71.0716,4.0,140,1
1ZoxZoyNbrsffKaS-eg6Tw,Boston Seafood Festival,,15 Boston Fish Pier,Boston,,02210,42.3493,-71.0311,3.5,7,1
1zUvOt9kxOEha6n4c8ZafA,Eastern Bakers Supply,,145 N Washington St,Boston,,02114,42.3661,-71.0582,3.5,23,0
1ZwfE7Rto54dYRrtfPD0Eg,Armany Barber Shop,,399 Dorchester St,Boston,,02127,42.3299,-71.0567,3.0,9,1
20eEuByZM0L8-64Sl4qCSg,Peak Hospitality Staffing,,566 Commonwealth Ave,Boston,,02215,42.3487,-71.0989,1.0,7,1
20GqG7djB196XmDTrPvjzA,209 Boston,,209 Columbus Ave,Boston,,02116,42.3484,-71.0723,3.0,5,1
20oQr20kzaYywt0PZiX2Ng,Au Bon Pain,,1 International Pl,Boston,,02110,42.356,-71.0521,3.0,29,1
21NriFO2jF-whMynHEfkgg,The Urban Leash,,,Boston,,02115,42.3399,-71.0899,5.0,25,1
21s-dkVb4Hzb6y8lbuCeSw,Above All Transportation,,,Boston,,02108,42.3549,-71.0661,4.5,15,1
232yKSpnsDd8-8M0XBC2bQ,Storage Squad - Boston,,,Boston,,02108,42.3549,-71.0661,3.0,115,1
240u6Sve2MhpCFh84156Ug,Expressions of Boston,,486 Washington St,Boston,,02111,42.3547,-71.0611,2.0,23,1
24k-L2B_NV5_gVSCXqkDYQ,U Food Grill,,530 Washington St,Boston,,02111,42.3543,-71.0617,3.0,106,0
25DUwcQq4ywNMivBjig2Rg,Lucca Restaurant & Bar,,226 Hanover St,Boston,,02113,42.3632,-71.0551,3.5,478,1
25jq12iDKjHzyTFGHXtlFQ,Ali Baba,,145 E Berkeley St,Boston,,02118,42.3436,-71.0648,4.0,208,1
25sny_QPRSFNxCPqu1oRqw,75 on Liberty Wharf,,220 Northern Ave,Boston,,02210,42.3491,-71.0389,3.0,265,1
273RUO7c-9nYNqIIVdVkjw,Stanza Dei Sigari,,292 Hanover St,Boston,,02113,42.3642,-71.0545,4.0,301,1
27BTJuxg14kHf1qzPo_ulQ,Anthony's Pier 4 Restaurant,,140 Northern Ave,Boston,,02210,42.3534,-71.0415,2.5,242,0
27fkaLzi7M-FHMUiybHBig,Dollar Tree,,912 River St,Boston,,02136,42.2617,-71.1109,2.0,7,1
27FsOH4LHlCj0WgJ1ccCaA,Dellaria Salons Boston,,623 Commonwealth Ave,Boston,,02215,42.3498,-71.1014,4.0,206,1
284L6ozVC2s5BpJFTudVmw,Norwegian Air Shuttle,,1 Harborside Dr,Boston,,02128,42.3698,-71.0197,2.0,22,0
2bncbx08BFs_IO6H-yWBxw,Bubor Cha Cha,,45 Beach St,Boston,,02111,42.3513,-71.0609,3.0,345,1
2bYye8RfCE0SDmNog0h9ww,Boston Chair Massage,,11 Beacon St,Boston,,02108,42.3584,-71.0617,4.5,28,1
2CIpOYdck5y9dUQEj8oyAQ,Jade Monkey,,1952 Beacon St,Boston,,02135,42.3362,-71.1502,3.5,44,0
2CLCE65vUePNNiQ3kZF17Q,Channel Center Dog Park,,1-99 West 1st St,Boston,,02127,42.3434,-71.0531,4.0,6,1
2cYcR2HDVMi034D4XxFo_w,Northeastern MBTA Station - Green Line,,360 Huntington Ave,Boston,,02115,42.3404,-71.0888,2.5,7,1
2ddFnGY4ku156STZPSm2XA,Mgh Pediatric Group Practice,,15 Parkman St,Boston,,02114,42.3626,-71.0676,3.5,5,1
2DekrIoj9tfO4ewiydD0tQ,US Post Office,,59 W Dedham St,Boston,,02118,42.3423,-71.0731,2.5,13,1
2dkRXWF1PJRMkqWvTp8nyA,Mgh Avon Breast Center,,55 Fruit St,Boston,,02114,42.3632,-71.0688,4.0,6,1
2dLtQKsWeA2NsgmUbHG1zw,Howl at the Moon Boston,,184 High St,Boston,,02110,42.3566,-71.0524,3.0,391,1
2dSQez6qwGF_4WMyUr8geA,Berkeley Cleaners,,61 Berkeley St,Boston,,02116,42.3466,-71.0708,3.5,9,0
2EINHcXMwXf7toQNFg3Hcg,Charles River Community Health,,495 Western Ave,Boston,,02135,42.3621,-71.144,1.5,10,1
2euT7ZfMLq4KH2t7BUJwgw,Boston Ramrod,,1254 Boylston St,Boston,,02215,42.3449,-71.0958,3.0,17,0
2EvnjzMQcqKGC3cBQFHFQw,Lyric Stage Company of Boston,,140 Clarendon St,Boston,,02116,42.3486,-71.0745,4.5,27,1
2Fa7f2hLhuLb-POhiwBCEQ,Uniform,,511 Tremont St,Boston,,02116,42.3449,-71.0704,4.5,49,0
2fj72F9AjWfRf6QogOMt0A,Don Ricardo's Restaurant,,57 W Dedham St,Boston,,02118,42.342,-71.0729,4.0,57,0
2FPqfGIfBcpk5uRjb61e3w,Taco Mex,,65 Maverick Sq,Boston,,02128,42.3696,-71.0387,3.5,110,1
2fqssC4HVz84OX877xJUow,SaSa Cosmetics & Spa,,34 Harrison Ave,Boston,,02111,42.3519,-71.061,3.0,15,1
2FrdroNROs6TNnBokCS2oA,Botero-Weng Construction,,,Boston,,02128,42.3695,-71.0201,4.5,6,1
2FSa0F0eW26YrY_yoDr7Og,Backcountry Yoga,,,Boston,,02127,42.3365,-71.0349,5.0,8,1
2gfCQNoewPjyEFh-5aTMgg,Piadina Cafe & Coffee Bar,,75 State St,Boston,,02109,42.3589,-71.0553,3.5,45,0
2ghzxipRtt5HkSpPwWkFCQ,Fitcorp,,125 Summer St,Boston,,02110,42.353,-71.0575,4.5,8,0
2GmdFCkQ9aEJUe6a9cEQbg,State Street Eye - MyEyeDr,,33 Broad St,Boston,,02109,42.3584,-71.0545,3.5,35,1
2gtx3o5FVNLvIiqLI4JdYA,Neat Painting and Remodeling,,115 Hollingsworth St,Boston,,02126,42.2669,-71.1007,4.0,7,1
2Gx-ttuhsFvNkI5p2Cu6rw,Peregrine,,170 Charles St,Boston,,02114,42.3606,-71.0712,3.5,29,1
2HpFmeiZJF3FEWGckxeFxg,Boston Suburban Coach,,11 E Newton St,Boston,,02118,42.3385,-71.0735,4.0,15,1
2hrE4a7mdtn7H_CgS3LXbg,Kilvert & Forbes Bakeshop,,200 S Market St,Boston,,02109,42.3601,-71.0551,3.5,35,1
2hVgGxzeAYcMLPoo3YB4gw,Mozart Moving,,1500 Washington St,Boston,,02111,42.3454,-71.0961,5.0,148,1
2IFa42GpUt2ULKCoJGTdQA,Broadway Dog Spa,,547 E Broadway,Boston,,02127,42.3354,-71.0422,5.0,31,1
2IfwyVZHi0GRwOqekwnZhw,Fomu,,177 Newbury St,Boston,,02116,42.3505,-71.0793,4.5,30,0
2iI55welu_vZnrz8e5nNQQ,Mighty Love Food,,155 Milk St,Boston,,02109,42.3578,-71.0541,4.0,50,1
2ipIwWg2Zn2CEav0fs8LVg,Rhett's,,775 Commonwealth Ave,Boston,,02215,42.3509,-71.1089,2.5,16,1
2J4aPwxmJ64pD_cDKbpMRw,Ocean Wealth,,8 Tyler St,Boston,,02111,42.351,-71.0605,3.0,19,0
2jf7jVwKYbXnWfM2dCrTOQ,Blueprint LSAT Preparation,,1 Ave De Lafayette,Boston,,02111,42.3476,-71.1003,5.0,8,1
2LTtiwpOhTxJw4R6YMYhAw,Local Charm,,Faneuil Hall Marketplace,Boston,,02109,42.3599,-71.0548,4.0,20,1
2mYabDGiwYidfct2Z7lFHA,Rooftop at Revere,,200 Stuart St,Boston,,02116,42.3504,-71.0675,3.0,72,1
2MyLo5qPiwhrFosxRYthsA,Envi,,134 Beach St,Boston,,02111,42.3507,-71.0571,4.0,6,0
2Mz3wb1HFUJ9oOlxvfFFVQ,LOFT,,800 Boylston St,Boston,,02199,42.3465,-71.083,3.0,21,1
2n5xTO0YEHy5-5Lj_7tSuA,Amtrak Lake Shore Limited,,Summer St & Atlantic Ave,Boston,,02110,42.3526,-71.0554,2.5,25,1
2NkU9BT0Whi67bAuCWnagg,D'Angelo Sandwich Shops,,10 Park Plz,Boston,,02116,42.3515,-71.0668,3.0,10,0
2O_KVXfW7CtYsmSHxA4Hew,Juicygreens,,61 South St,Boston,,02130,42.3077,-71.1158,4.0,66,1
2OATZEXoq74_D99-3UL3xw,Insomnia Cookies,,708 Commonwealth Ave,Boston,,02215,42.3495,-71.1054,3.0,165,1
2OkM6RT7vqCPuzuP3rvOfA,Mana Escondido Caf?,,68 Aguadilla St,Boston,,02118,42.3413,-71.0757,4.5,91,1
2OPwmUgtjb3nhClb7IEOxA,Cusser's Roast Beef and Seafood,,304 Stuart St,Boston,,02116,42.3498,-71.0707,4.0,39,1
2p-a5qbLKcNTqqbFwlWvIQ,D'angelo,,200 Brookline Ave,Boston,,02215,42.3437,-71.102,3.0,7,0
2q-yB90HWDuzUfhonIzl6Q,Boston Brokerage Group,,58 Gainsorough St,Boston,,02115,42.3419,-71.0873,1.5,18,1
2QamgBLYj5PVMvIxXn_jGA,LongHorn Steakhouse,,401 Park Drive,Boston,,02215,42.3443,-71.1019,3.5,154,0
2Qpk0uockDLhjtVtk34ayA,Kwik-Time Cleaners,,1100 Commonwealth Ave,Boston,,02215,42.3518,-71.1243,3.0,7,1
2QYu6oKnOl0dopMC3nGsQQ,Rinconcito Salvadoreno,,313 Meridian St,Boston,,02128,42.3775,-71.039,4.0,5,1
2r0S8NZtoyvwSJQqUr0YQw,Papas Roast Beef & Pizza,,55 Causeway St,Boston,,02114,42.3643,-71.0629,2.5,10,0
2RGE30oIgzFxarYOYg3Tnw,Sbarro,,200 Logan Airport,Boston,,02128,42.3656,-71.0096,1.5,26,1
2rnZYS2VJMaC47v8PbgClw,Kappy's Fine Wine & Spirits,,216 Border St,Boston,,02128,42.3757,-71.0406,3.5,26,1
2rY6iHYoIfwBbUiGHTFxMg,Toro Sushi Cheo Ga Jip,,1245 Commonwealth Ave,Boston,,02134,42.3501,-71.1319,2.5,34,0
2s4BPlsqvM4fV5F_MkF40g,Moon Bar,,304 Stuart St,Boston,,02116,42.3498,-71.0707,4.0,81,1
2sJEfam1yoc2pUmuC6RB7w,Amy Nails & Spa,,203 Portland St,Boston,,02114,42.3646,-71.0619,3.5,43,1
2sMFbv7l2YRrwAADlkBpHQ,Kiwi Baby,,1636 Washington St,Boston,,02118,42.338,-71.0746,4.0,7,0
2SPPzZLYOieBSjsXRuUJAg,Supreme Home Cleaning,,,Boston,,02128,42.3695,-71.0201,5.0,76,1
2sSKpmZRnp8_0I8s_GkIQw,Metropolitan Desserts,,1024 Commonwealth Ave,Boston,,02215,42.3514,-71.1219,2.5,21,0
2sXmSUOd91hizRd6QY_kfg,Garment Valet,,860A Beacon St,Boston,,02215,42.3472,-71.1042,3.0,94,1
2t-1klimrsp2QsfATxi4gA,Archie's Place,,12 Pi Aly,Boston,,02108,42.358,-71.0584,3.5,74,1
2t1wYFRQC22JA4jtIpbfvw,Looney Tunes,,1106 Boylston St,Boston,,02215,42.3468,-71.0886,4.0,24,0
2T1z2uD0IL8qMlU4BPFqzg,Frank's ABC Towing,,55 Brighton Ave,Boston,,02134,42.3528,-71.1299,1.5,86,1
2t9XCNXgOyPoKT3hWO1_IQ,Liz O'Malley Makeup Artistry,,,Boston,,02199,42.3465,-71.0832,5.0,5,1
2tWsC-2mdcIXhJobDT7wBA,Asian Too Express,,Logan International Airport,Boston,,02228,42.3618,-71.0205,2.0,21,1
2tySeF68Vew6v5OpwR5b4Q,Star Market,,33 Kilmarnock St,Boston,,02215,42.3436,-71.1004,2.0,54,1
2u_w3rthRzR2uEihW5BC4A,Giacomo's Ristorante - Boston,,355 Hanover St,Boston,,02113,42.3646,-71.0534,4.0,3520,1
2uJD512yTAfcXlcAansskw,MBTA - North Station,,135 Causeway St,Boston,,02114,42.3655,-71.0608,3.0,89,1
2unRBFsCW7WSSxBo-CtgBg,Vivi Bubble Tea Brighton,,364 Washington St,Boston,,02135,42.349,-71.1537,4.0,45,1
2us-KtZSl1N9uZwzGTd4dw,Rebel's Guild,,200 Stuart St,Boston,,02116,42.3504,-71.0675,3.5,51,1
2v-8NgOoKTMydnnWsuYxLA,Salvaged Roots Hair and Beauty,,190 Washington St,Boston,,02121,42.3038,-71.0785,4.5,5,1
2v0-gBcXethuNFT6rMGiRw,Mr. Dooley's,,77 Broad St,Boston,,02109,42.3576,-71.0537,4.0,431,1
2v9YUyD5pLQKgf1vLaUB0w,Chef Chang's on Back Bay,,30 Massachusetts Ave,Boston,,02115,42.3503,-71.0891,3.5,87,1
2VIcUSfvfpoABjGy7Sg4RA,Cambridge Naturals,,92 Guest St,Boston,,02135,42.3571,-71.1435,4.5,7,1
2VndrazUHyVxCy32Wnuwqg,Encore Bed & Breakfast,,116 W Newton St,Boston,,02118,42.3416,-71.077,4.5,9,1
2vsRcvLqT8zmwcUXqPawqg,B&B Parking,,1 Nassau St,Boston,,02111,42.3487,-71.0634,5.0,6,1
2XemjUowTcQ0EmSRWsB9_g,Extreme Beer Festival,,200 Seaport Blvd,Boston,,02210,42.3466,-71.0418,5.0,7,1
2xFrO6n4pbaehTUC_CowfQ,Camera Craftsman,,362 Commonwealth Ave,Boston,,02115,42.3492,-71.0931,4.5,15,0
2xO3e0H3xc_6ibi1Og3fSw,BU FitRec,,915 Commonwealth Ave,Boston,,02215,42.3518,-71.1166,4.0,52,1
2YbD3K2UEUpNFZsXdN1fyw,Champs,,435 Washington St,Boston,,02108,42.3556,-71.0606,3.0,6,1
2YBTwxvZywBsLCf1THUn2w,Brodney Antiques & Jewelry,,176 Newbury St,Boston,,02116,42.3503,-71.079,4.0,20,1
2yclHMvz4TrkJjpxVkEePw,Marcoz Antiques,,1 Design Center Pl,Boston,,02210,42.3509,-71.0708,4.0,5,1
2z_YPXD7eln42Q961Shxig,Fastachi,,83 Charles St,Boston,,02114,42.3584,-71.0706,4.5,21,0
2Z-38Nt83c416hLAdMyIwQ,MBTA - JFK/UMass,,,Boston,,02228,42.3208,-71.0525,3.0,27,1
2Zjk74Vi3EFyN6Own7WqnA,SunnySide Window Cleaning,,86 South St,Boston,,02111,42.3514,-71.0573,3.0,8,1
3_tmjGGbjTZTKvJRO8-Fxg,Altered Bride,,376 Boylston St,Boston,,02116,42.3514,-71.0717,3.0,5,0
308e96BuskBscVyOEbm3og,Fitcorp,,800 Boylston St,Boston,,02199,42.3485,-71.0825,3.5,32,0
30gf3E_fx_A5aOGTKKNPNw,lululemon athletica,,776 Boylston St,Boston,,02116,42.3487,-71.0818,4.0,71,1
30s75hRyUuHRkU_Q6iPLMg,color theory Boston,,,Boston,,02119,42.3218,-71.0884,5.0,25,1
31hD4S8g-Nm1WT5tML3zqw,Ski Market,,860 Commonwealth Ave,Boston,,02213,42.3506,-71.1141,2.5,15,0
31INjy9iHfBCjmPY_-5qwQ,Wolford,,100 Huntington Ave,Boston,,02116,42.3476,-71.077,3.5,9,1
31n_WR0O0IIJJ_3DCjHt9A,WBUR 90.9 FM,,890 Commonwealth Ave,Boston,,02215,42.3505,-71.1155,4.0,47,1
32Mlfj72fmx7EOqXbddmtQ,Brighton Best Pizza,,600 Washington St,Boston,,02135,42.3504,-71.167,3.5,23,1
33fhRZD26PvS6kUTDiGYEQ,European Wax Center,,1387 Washington St,Boston,,02118,42.3414,-71.0701,3.5,120,1
34n51b-2M17G5oCn2TzWkA,Salon Pini & Co,,231 Newbury St,Boston,,02116,42.35,-71.0819,4.0,10,0
3532r0nz02cXT2m6Ou23zQ,Green Cross Pharmacy,,393 Hanover St,Boston,,02113,42.3651,-71.0529,4.5,9,1
356f-TbYJYN-shut-F1r_w,Chilacates Mexican Street Food,,275 Shawmut Ave,Boston,,02118,42.343,-71.0694,4.5,67,1
35FCz7wv3RdF2CVXxhM6KQ,Red Brick Real Estate,,54 Charles St,Boston,,02114,42.3574,-71.0704,5.0,6,1
35XOtK0Ksp7Wd72EXGyMIQ,Squikee Clean,,452 Bremen St,Boston,,02128,42.38,-71.0265,4.5,12,1
367aDatN4B0UNT4hNPMqPQ,The Beehive,,541 Tremont St,Boston,,02116,42.3445,-71.0715,3.5,2184,1
37Mu5TIWpdla47yWDIsVnA,Allston Cafe,,155 Brighton Ave,Boston,,02134,42.3531,-71.1321,3.5,42,0
37QEJVPkI0Bi2m6tOD0Ndw,Td Banknorth,,75 Federal St,Boston,,02110,42.355,-71.0568,2.5,6,1
38HqGkzDw0MSa1MoB7Xxtw,Quattro,,264 Hanover St,Boston,,02113,42.3637,-71.0548,3.5,411,1
38uoph699c-AjXfWwaVe2A,Starbucks,,425 Summer St,Boston,,02210,42.3459,-71.0439,2.5,28,1
39K3YQ8ZTUoJXMnpjtP4UA,Tu Metapan Restaurant,,295 Bennington St,Boston,,02128,42.3787,-71.0281,4.0,33,1
3a5WbVs1dpp455X-uQzw6A,Sherrill House,,135 S Huntington Ave,Boston,,02130,42.328,-71.1114,2.5,14,1
3aPx7mZgDW5JWfcyrujbqA,Mohr & McPherson,,460 Harrison Ave,Boston,,02118,42.3426,-71.0654,4.0,20,0
3BiyeAiZKvtMzacbvEtapA,Atlantic Wharf Garage,,280 Congress St,Boston,,02210,42.3534,-71.0529,3.0,7,1
3Bm8cL9zL6Hk9gq4IfkGcQ,MBTA - Airport Station,,1 Harborside Dr,Boston,,02128,42.3744,-71.0302,3.5,23,1
3cyVW2fqYpFoY3aheBMUdg,Capital One Caf?,,799 Boylston St,Boston,,02116,42.3491,-71.0817,4.0,76,1
3dzpsbxHgE8gUjQ-nqlqRA,Boston Common Coach,,,Boston,,02117,42.349,-71.074,4.0,11,1
3eaxpJ3fi5YSMakuirfrZQ,Dunkin',,430 Stuart St,Boston,,02116,42.3486,-71.075,2.5,17,0
3EHkWvn0KVxLDLqezuU5Cg,Starbucks,,303 Congress St,Boston,,02210,42.3514,-71.0504,3.0,14,1
3ejv6lfK3Qd9Q-pb_9YVUA,Energize,,265 Massachusetts Ave,Boston,,02115,42.3437,-71.0863,4.5,59,1
3ev5r1TG0hGsgl6ZJQlSZg,Tinker Water Heater Repair & Install,,1615 Tremont St,Boston,,02120,42.3338,-71.103,5.0,5,1
3G_uUtuGwQ5Fjc-7G6w92A,Bobby Mac's Mobile Sharpening,,460 Harrison Ave,Boston,,02118,42.3426,-71.0654,5.0,38,1
3G3GvCsArfZrhoRrIYxDkw,Fogo de Ch?o,,200 Dartmouth St,Boston,,02116,42.3488,-71.0772,4.0,830,1
3GAYrC3z_XaNP2k8qJP-lg,300 Saratoga Cafe,,300 Saratoga St,Boston,,02128,42.3784,-71.0319,4.0,31,0
3GT2eFVUQ9htrYENYhvVBQ,Allston Motor Sports,,41 N Beacon St,Boston,,02134,42.354,-71.1393,4.0,7,1
3HDX63miPDl3JCl_mys3lw,T-Mobile,,66 Lincoln St,Boston,,02111,42.3521,-71.0579,4.5,8,1
3heWMKDY3UXJyMXzSlWNQw,Nest Salon,,53 Bromfield St,Boston,,02108,42.357,-71.0607,4.0,98,1
3Hn9sR8ccbdlGyuJPshSHA,Flamepoeira,,3 Lewis St,Boston,,02109,42.3633,-71.0519,4.0,35,0
3hpazxRWcs2o1H99fp-BNw,Giorgiana's,,532 Tremont St,Boston,,02116,42.3445,-71.0703,4.0,58,1
3HVGjPeixZIKOtPuJ62Cqw,CVS Pharmacy,,55 Summer Street,Boston,,02110,42.3543,-71.0592,3.5,27,1
3Hxrw-r2skg35tvnbZMPMw,Boston Chinatown Neighborhood Center,,38 Ash St,Boston,,02111,42.3484,-71.0634,4.5,6,1
3HYkNg2aPzOZ3ovUl98mVQ,Boston News Cafe,,28 State St,Boston,,02109,42.3592,-71.0575,4.0,12,1
3HzY-S3oIeYzaNuyfQ8oXA,Boston Union Gym,,48 Boylston St,Boston,,02116,42.3521,-71.0641,3.5,9,0
3Ij5-sg_-N7Gdbx9SOnq7A,110 Grill,,1 District Ave,Boston,,02125,42.3249,-71.0617,4.0,71,1
3IRA159ZbwTAEL3WqcZZiA,MJ O'Connor's,,425 Summer St,Boston,,02210,42.3461,-71.0433,3.0,221,1
3J2imN7dYqzYeDUEZdO08g,Chinese Dragon,,380 Chelsea St,Boston,,02128,42.3793,-71.0281,3.0,86,1
3jEkzbx62A6GvfRduOM83A,Clover Food Lab,,565 Boylston St,Boston,,02116,42.3507,-71.0764,4.5,8,1
3jG3f_bHJAtJHLI3Z0yLmw,Estragon,,700 Harrison Ave,Boston,,02118,42.3384,-71.0704,4.0,475,1
3jLE4gS2s7yeKjIdFBluUw,Sage Restaurant,,1395 Washington St,Boston,,02118,42.3414,-71.0702,3.5,65,0
3JOdRJS4PFkpfnNVxQtcmQ,Au Bon Pain,,251 Massachusetts Ave,Boston,,02115,42.3439,-71.0863,3.0,16,0
3joHldBs4SCYu6fsjPJm6w,Hydro Therapy Bath & Spa Showroom,,,Boston,,02132,42.2798,-71.1627,4.0,5,1
3JR6UDnM4sA0Pr3z1DaEtw,sweetgreen,,372 Congress St,Boston,,02210,42.3502,-71.0477,4.0,153,1
3jyRwYY5Hcngrps10q3bsA,Subway,,74 Summer St,Boston,,02110,42.3541,-71.0583,3.0,10,0
3K13iIrTbHmV-qpvz8C7Ew,Strip By Strega,,64 Arlington St,Boston,,02116,42.3511,-71.0701,3.5,320,1
3K6DLmKDl4lpJf33RordXg,Wulf's Fish,,2 Boston Fish Pier,Boston,,02210,42.35,-71.0388,4.5,45,1
3KT0PER90UIxVVx9zuzHVA,Caffe Paradiso,,255 Hanover St,Boston,,02113,42.3633,-71.0549,4.0,238,1
3lVco0gFYxrek5gUVibVZw,Rosso B Italian Caffe,,120 Blackstone St,Boston,,02108,42.3619,-71.0567,4.5,9,0
3lzkZGYqxPqURJncRrAqBQ,Anton's Movers,,1005 Boylston St,Boston,,02115,42.3475,-71.0871,4.5,291,1
3m0vM24EXWdztRRJJwCVVg,Boston Park Plaza,,50 Park Plz,Boston,,02116,42.3507,-71.0699,2.5,1075,1
3M9usbkkbjhrAL2zJpFrWQ,The Hot Spot,,154 Harvard Ave,Boston,,02134,42.3517,-71.1315,3.5,38,0
3maN9VpJql15irRTU_HVdQ,Citizens Bank,,535 Boylston St,Boston,,02116,42.3509,-71.0756,2.0,10,0
3MDkjPFEa8wsRN5NDadcEg,Chinese Food Truck,,Louis Pasteur Ave,Boston,,02115,42.3373,-71.1029,3.5,30,1
3mYG2XdFN0EynspIFH-AjA,Boston Ramen Noodle,,,Boston,,02118,42.3378,-71.0706,3.0,10,1
3n5gnCdnPQQy7NdTfpW3PQ,Glamorous Hair,,225 Grove St,Boston,,02132,42.2618,-71.1574,4.5,11,1
3N9yCBCtMyBLgcpg5y5m3w,The Black Heritage Trail,,,Boston,,02101,42.3566,-71.0565,4.5,10,1
3NJcVRQ7e84H6IcE74WkPg,Cafe Orient Heights,,1000 Bennington St,Boston,,02128,42.3869,-71.0069,4.0,22,0
3nmqhc5X3V9kIybow99zVw,Marshalls,,126 Brookline Ave,Boston,,02215,42.3455,-71.1001,3.0,26,1
3NOum1xmqTOW_hHb6xO9rA,Downtown Harvard Club of Boston,,1 Federal St,Boston,,02110,42.3561,-71.0568,4.0,31,1
3Nq51gm0Xjm9GcVY9BVi5Q,Savas Studios Boutique and Photography Studio,,456 Hanover St,Boston,,02113,42.367,-71.0529,5.0,6,0
3Nz8XQaJdFf7LkP8oTVTIg,Oksana on Newbury,,18 Newbury St,Boston,,02116,42.35,-71.0819,5.0,5,1
3oaCy3mnI2RuYVQ74iQunw,Yakitori Zai,,315 Shawmut Ave,Boston,,02118,42.3423,-71.0706,3.5,41,0
3ODOzMDqYo0Z8ekKO8rmHA,Core de Vie,,40 Charles St,Boston,,02114,42.3572,-71.0702,4.0,22,1
3pGrPMWXSTKJgq1wEmb30w,Bank Of America,,133 Massachusetts Ave,Boston,,02115,42.347,-71.0879,1.5,17,1
3PtR_aOxDn8MTZun6SP76w,Jane's Salad & Buffet,,274 Franklin St,Boston,,02110,42.357,-71.0535,3.5,41,0
3pWBoYGRbGByDcvWnkoRJA,Hertz Rent A Car,,156 Tomahawk Dr,Boston,,02128,42.3675,-71.0315,2.0,396,1
3Q_3bl5OK2XXXed6qehULw,Juicy Spot Cafe,,16 Tyler St,Boston,,02111,42.3508,-71.0606,3.5,132,1
3R12HLZT6z5raMCmJqtExg,Chandler Inn Hotel,,26 Chandler St,Boston,,02116,42.3469,-71.0706,3.5,72,0
3S53mZmxM5ktEsrw_8OXxw,Baltic Deli & Cafe,,632 Dorchester Ave,Boston,,02127,42.3283,-71.0568,4.0,46,1
3SfHcBoXIJWB-Sq6K6Gwzw,Escape Nails & Spa,,21 Winter St,Boston,,02108,42.356,-71.0616,2.5,130,1
3SFk3-fboi1U9PFEDs1o3Q,Cafeteria Boston,,279A Newbury St,Boston,,02115,42.3493,-71.0844,3.5,943,0
3sHtQuytlkktze3ETt1BGg,South End Pizza & Grill,,772 Tremont St,Boston,,02118,42.3394,-71.0798,2.5,156,1
3sjpDMhSpzape7vGG0Czww,Viga Italian Eatery & Caterer,,291 Devonshire St,Boston,,02110,42.3542,-71.058,4.0,97,1
3sm2VQfZhaEDr175ATCKvQ,Jimmy Fund Scooper Bowl,,City Hall Plz,Boston,,02116,42.3602,-71.0573,4.0,30,1
3SV4Lgd0B_yrtdifPc1Z0Q,Curls Are Fun,,297 Newbury St,Boston,,02115,42.3378,-71.0756,4.5,15,1
3t712xTzDmzvSvkhlsSJvA,Staples,,1 Washington Mall,Boston,,02108,42.3593,-71.0579,3.0,21,1
3tIk3uWqOgzfr4OezSeJ6g,Villa Mexico Cafe,,121 Water St,Boston,,02109,42.3582,-71.0545,4.0,133,1
3u4mFJ8F7Hoyo6Q0jOyheA,Star Realty Group,,894 Huntington Ave,Boston,,02115,42.3321,-71.1117,2.5,11,1
3u9fUO9e_V8S7tjz3jV5Fw,Salon Sorores,,860 Dorchester Ave,Boston,,02125,42.3215,-71.0567,5.0,22,1
3UnHtNszqzP17evbN5a5Jw,Winston Flowers - Back Bay,,131 Newbury St,Boston,,02116,42.3514,-71.0769,4.5,141,1
3UtnpOl6M5YYCtuzTy2mbw,Bridgestone Properties LLC,,618 Columbia Rd,Boston,,02125,42.318,-71.0643,1.0,5,1
3UyAItqUjqod-pnMm0YUmg,Symphony Market,,291 Huntington Ave,Boston,,02115,42.3415,-71.0868,3.0,33,1
3vxuGl0XyxH38EqlZj8dXQ,Wired Puppy Boston,,250 Newbury Street,Boston,,02116,42.3494,-71.0826,4.0,391,0
3VzWzojDZRpdfWuUE9iFeQ,Clarks,,200 State St,Boston,,02109,42.3626,-71.0554,3.5,29,1
3w53096TZI65qMgxhuwc2A,Taranta Cucina Meridionale,,210 Hanover St,Boston,,02113,42.363,-71.0556,4.0,473,0
3wcBaPP4eEukyj2NF2G60Q,Bean & Leaf Cafe,,20 Custom House St,Boston,,02110,42.3582,-71.053,4.0,50,1
3wOaJGOD51pqoUKmr3tEbw,Sign Center Boston,,210 N Harvard St,Boston,,02134,42.3395,-71.0374,2.5,10,1
3WvvXipZXAMgF00Xz6VNxw,Pizza Pie-er,,182 Massachusetts Ave,Boston,,02115,42.3458,-71.0867,3.5,91,0
3XClLA8xWJ4bYejBj6WbhA,Queensberry Laundry,,112 Queensberry St,Boston,,02215,42.3417,-71.1003,3.5,5,0
3XmUUDb9Juay7aCF4H-zug,Dunkin',,1138 Washington St,Boston,,02118,42.3437,-71.0658,4.0,13,1
3xN6Z7wvmGWBnkMjWaQNMA,Molly's Farmhouse Coffee,,16 Preble St,Boston,,02127,42.3296,-71.0563,2.5,38,1
3xpcNXGLAKkLypv5gdqUBQ,North End Gift Shoppe,,4 N Sq,Boston,,02113,42.3641,-71.0535,4.0,25,1
3xWdru52EoRRRgFUeudlOg,Ben & Jerry’s,,800 Boylston St,Boston,,02199,42.3468,-71.083,2.5,12,1
3y9C4ymnbNOie5dTuVicAA,Boston Party Solutions,,,Boston,,02108,42.3549,-71.0661,4.0,5,1
3YAo5uyp1RPd5GoubkmlIg,Kingston Station,,25 Kingston St,Boston,,02111,42.3535,-71.0593,3.5,367,0
3ybJ4Nv38ADerI7p7n0wiA,Three C's Cleveland Circle Convenience,,358 Chestnut Hill Ave,Boston,,02135,42.3368,-71.1514,4.0,12,0
3yQCLGhby3dlyWxvasXP9g,Cats on Catnip Boston,,,Boston,,02136,42.2528,-71.13,5.0,6,1
3YsJCNhI4Vw7OtweFN622w,China Station,,532 Washington St,Boston,,02124,42.2929,-71.0717,4.0,62,1
3ZaI2Cm8bhho3DofE2BgUw,Icon Hair Studio,,673 Tremont St,Boston,,02118,42.3415,-71.0765,5.0,19,0
3ZvfmVNgAFEiJYWWelHgyw,Falco K9,,,Boston,,02127,42.3365,-71.0349,4.5,15,1
3zZbX0j7R9ejFPEa7BwzBQ,Terrie's Place,,676 E Broadway,Boston,,02127,42.3356,-71.0375,3.5,25,0
4_SvMgWlnVwjWvoLKPP9Hg,Trahan Training,,,Boston,,02127,42.3519,-71.0644,5.0,8,1
4_UWIqXb-sw3mh2m3KtlgQ,Orly Khon Floral,,234 Berkeley St,Boston,,02116,42.3516,-71.0737,5.0,8,1
4-Tp4hstdC5XVvO4otGkuA,Wink & Nod,,3 Appleton St,Boston,,02116,42.3467,-71.0695,4.0,450,1
4-ww7ijIJOXPiLyvFTWNPg,Air France,,1 Harborside Dr,Boston,,02128,42.3634,-71.0258,2.5,13,1
40IOuerRlUorh50RE3-xHg,Bed Bath & Beyond - Fenway Park,,401 Park Dr,Boston,,02215,42.3448,-71.1023,3.5,70,1
41pE5QMbBo8ELOACIxbsBA,InstaTrans Movers,,197 Widett Cir,Boston,,02118,42.3346,-71.062,4.0,41,1
41PtFgRt3DQa4J4FHDZkRA,Chinese Mirch,,251 Massachusetts Ave,Boston,,02115,42.344,-71.0862,2.5,67,0
41WhmNu8MN9pvOVzmI8Pjg,Del Ara Salon,,26 Parmenter St,Boston,,02113,42.364,-71.0552,5.0,63,1
42bggNbPWdC2_2vWh7w8nw,Star Market,,90 Causeway St,Boston,,02114,42.365,-71.0623,3.5,11,1
43ApkOTxjX6_X99omaRt1A,Ten Thousand Villages,,252 Washington St,Boston,,02108,42.358,-71.0578,4.0,9,1
43Jo7NU45Yb0U8tM2S76dg,The Home Depot,,5 Allstate Rd,Boston,,02125,42.3283,-71.0639,2.0,110,1
4477ntkswKJ7L3a9pQlgpA,Thai Dish,,270 Babcock St,Boston,,02215,42.3527,-71.1219,4.5,113,1
44uFnSanJ1umQRsYFm5zCQ,Egg Puffs,,42 Beach St,Boston,,02111,42.3516,-71.0609,4.0,179,1
44YmdyZClNgMwvwlPENs0A,Annabelle's Restaurant,,1300 Hyde Park Ave,Boston,,02136,42.2541,-71.124,3.0,73,0
45EH2iW0jryvhQ5ieNrIFg,Cubiq,,,Boston,,02112,42.36,-71.06,5.0,9,1
45kf4HvBeb-mUPz29dGqIg,British Airways Lounge,,1 Harborside Dr,Boston,,02128,42.3665,-71.0174,3.5,9,1
469k6dT6TRbrRlwSGuaNWQ,Z barbershop,,482 Columbus Ave,Boston,,02118,42.3428,-71.0787,4.5,11,1
46i5d4RwLNM3KGTQr9qoFw,Nourish Your Soul,,282 Cambridge St,Boston,,02114,42.361,-71.0681,3.5,25,1
47INQIS3_BmgiKogsqYAMw,Tatyana Boutique,,32 Newbury St,Boston,,02116,42.3521,-71.0727,5.0,11,0
47IRTOlC4kjAf1aFKLZDdA,Bleacher Bar,,82 Lansdowne St,Boston,,02228,42.347,-71.0967,4.0,480,1
47QxBwMLcRVOB_ofGplpGg,Juice Press,,500 Boylston St,Boston,,02116,42.3492,-71.0744,3.0,42,1
488t933Q6dIrlUv01CZ0Yw,Michele Mercaldo Jewelry,,276 Shawmut Ave,Boston,,02118,42.3429,-71.0689,4.5,13,1
48GIpvd0gP-tCntF_YwG0Q,Flores Mantilla,,595 Tremont St,Boston,,02118,42.3433,-71.0733,3.5,7,1
48JhAIv7_sbzypUjne9IhA,Boston Bowl - Dorchester,,820 Morrissey Blvd,Boston,,02122,42.2939,-71.0462,3.5,165,1
48K1sznzVz7Oh-TZUVBQ5Q,Currito,,1 Harborside Dr,Boston,,02228,42.3651,-71.0228,2.5,45,1
49B-U_eVmiCiwesG0xXV4w,Sabatino's Restaurant and Grill,,95 N Washington St,Boston,,02114,42.3653,-71.0584,5.0,7,0
49KGSjEjidhpOACFCs9jVg,Le Gala Hair Group,,78 Essex St,Boston,,02111,42.3527,-71.0606,4.0,78,1
49Uiuw3Tu6ie-W2lEyZVjQ,The Neighborhood,,3496 Washington St,Boston,,02455,42.3063,-71.1076,4.5,6,0
49wY3aTGhVJP9upnDRrgdQ,Modern Underground Bar and Grill,,263 Hanover St,Boston,,02113,42.3633,-71.0547,4.0,14,1
4aQeV9rVO6miLsHKS-7I2Q,5 Star Travel Services,,495 Columbus Ave,Boston,,02118,42.3424,-71.0799,2.0,7,1
4AUoGEyn7R3u69PsFblqZA,Crystal Hair Salon,,1104 Commonwealth Ave,Boston,,02215,42.3517,-71.1245,3.5,122,1
4BvwBV_M7mF_CUr1OyEPFg,Yada Yada,,34 Farnsworth St,Boston,,02210,42.3519,-71.0481,4.0,62,0
4cBkeb-JRtUvHowlSzQaug,Cactus Club,,939 Boylston St,Boston,,02115,42.3482,-71.0851,3.0,348,0
4cdM0y6p4qTwU4us06FW6Q,The Boston Language Institute,,648 Beacon St,Boston,,02215,42.3494,-71.0956,3.5,34,0
4CGUZAxUqsTFAEtxujIWvg,Shawmut Glass Co,,144 Old Colony Ave,Boston,,02127,42.3349,-71.0549,4.5,13,1
4cYOJQ7HMfYpyhVV_nhxTw,The Gentlemen's Salon,,79 Commercial St,Boston,,02109,42.3615,-71.0528,5.0,16,1
4d1m1IBxC1SHCSpdhkKtQw,P.F. Changs China Bistro,,111 Huntington Ave,Boston,,02199,42.3474,-71.0822,2.0,15,0
4dB-7_wSXZcqUnJG0eke0w,Finesse Pastries,,100 Hanover St,Boston,,02108,42.362,-71.0569,4.0,76,1
4dCZS0J19zaF1atPF-6Yjg,Cold Stone Creamery,,201 Brookline Ave,Boston,,02215,42.3446,-71.1017,3.5,55,0
4DMDfA0220rR_Fkx1FXEEQ,Cafe Pulse,,141 S Market St,Boston,,02109,42.3599,-71.0548,3.5,18,1
4DmP5q2B99duLiz__jJCgQ,Georges Island,,,Boston,,02228,42.357,-71.0605,4.0,56,1
4dOPXv8z_nqB8wBWVVWecA,Spaulding Rehabilitation Hospital,,300 First Ave,Boston,,02129,42.3786,-71.0489,4.0,13,1
4E7Fh1ZA_cPnEf0fZutd2A,Emerald Lounge,,200 Stuart St,Boston,,02116,42.3509,-71.0669,3.0,180,0
4ebGs-F5B6_Jd8PGRq8oxw,Parish Cafe,,493 Massachusetts Ave,Boston,,02118,42.3393,-71.0808,4.0,252,0
4FiHX2O_C-vxIkqYxRDznQ,Bel Ari,,107 South St,Boston,,02111,42.3515,-71.0575,4.0,52,0
4fQ-nNNx5Basb6KbGbAXfQ,CRU,,1750 Washington St,Boston,,02118,42.3365,-71.0767,4.0,10,0
4gclbVl9p3st4vjBTTNN4Q,Pat's Trattoria,,429 W Broadway,Boston,,02127,42.3363,-71.0474,3.0,38,0
4gE67lumfxeskoyhyAIWaw,Paetec Communications,,230 Congress Street Ofc,Boston,,02110,42.3545,-71.0542,1.0,5,1
4GGr0T34DlNEecBVJu5jiQ,Cape Verdean Taste,,481 Geneva Ave,Boston,,02124,42.2993,-71.0645,3.5,6,1
4gvAx_mwkO8zi1tY3PDhhQ,Car Care,,375 Longwood Ave,Boston,,02215,42.3399,-71.1081,3.0,45,1
4h4eTyrnQc1exOw74T_tQg,Eclano,,54 Salem St,Boston,,02113,42.3632,-71.0561,3.0,12,0
4h9eWfqS7klkvnN5z0OQAg,Fidelity Investments,,155 Congress St,Boston,,02110,42.356,-71.0584,2.0,14,1
4HJHbcKIeEsmdhZi_o6UvA,Hard Knocks Muay Thai & MMA,,98 Business St Hyde Park,Boston,,02136,42.2518,-71.1286,5.0,6,1
4hoTMevC81Zlmlk0LoMw6A,Morse Fish,,1401 Washington St,Boston,,02118,42.3413,-71.0702,4.5,155,0
4ICC94PR3rywedMp-wyiKQ,Salon Marc Harris,,115 Newbury St,Boston,,02116,42.3515,-71.0762,4.0,141,1
4iDYXywRibgz3Z5XSLjKMw,Karo's BBQ,,1 Washington Mall,Boston,,02110,42.355,-71.0598,4.0,57,0
4iPgCn9xRjV8ATSkx9dSyQ,Fugu Truck,,,Boston,,02116,42.3531,-71.0765,4.0,58,0
4IPkuN1TXTL-fZw4vQpGxw,Verizon,,745 Boylston St,Boston,,02116,42.3494,-71.0806,2.5,106,1
4iVEZeMGxVWw6Iq-GRJVzA,Hollywood Nails & Skin Salon,,253 Newbury St,Boston,,02116,42.3497,-71.0829,3.0,36,0
4J5edpuQdZqJo_KM9uykqA,Omni Parker House,,60 School St,Boston,,02108,42.3577,-71.0601,3.5,749,1
4jkGZhbMPUg3Talazishtg,Strega Italiano - Seaport,,One Marina Park Dr,Boston,,02210,42.3533,-71.045,3.5,580,1
4JsYDeZndSGUEAOUmpCJZA,Panera Bread,,1 Union St,Boston,,02108,42.3607,-71.0566,2.5,12,0
4jYkon2dF4_asouJ8S_gVQ,Lithuanian Kitchen,,368 W Broadway,Boston,,02127,42.3379,-71.0489,4.5,22,1
4kmlM8GDe4dC0RdrsMIGlA,Laffa,,31 St James Ave,Boston,,02116,42.3507,-71.0716,3.0,52,0
4lAVo3T-paU394gdcN2zVw,First Boston Realty International,,165 Tremont St,Boston,,02111,42.3539,-71.0637,4.5,9,1
4LEzoqd0925mkjS1ZlUljA,Fish Pier Restaurant & Market,,667 E Broadway,Boston,,02127,42.3354,-71.0378,3.0,17,0
4lh4qhKXYRdJAo6fMeXC8A,Pueblo Viejo 2,,309 Bennington St,Boston,,02128,42.3789,-71.0278,3.0,12,1
4lMpwHFzxmirHqLSsj8BjQ,C?smica,,40 Berkeley St,Boston,,02116,42.3459,-71.0709,4.0,54,1
4LuY6QXPtYpIqhOWD0VKvg,Boston Yacht Haven Inn & Marina,,87 Commercial Wharf,Boston,,02110,42.362,-71.0484,4.0,16,1
4LwXaAwsN4Yd5KoPD605Kw,One Center Plaza Parking,,1 Center Plz,Boston,,02108,42.3602,-71.0612,3.0,13,1
4mClpg19Ntiw1s75kF19Bg,China Pearl Restaurant,,9 Tyler St,Boston,,02111,42.3511,-71.0608,3.0,573,1
4MF4MhjDK4pLQBvySB8zlw,LOFT,,200 State St,Boston,,02109,42.3599,-71.0534,3.0,8,1
4mmKcjlUWF3NTjtgrmBMFQ,Shino Express Sushi,,144 Newbury St,Boston,,02116,42.3507,-71.0774,3.5,104,0
4MoIeKu_att0PiwsF_va3g,The Dish,,253 Shawmut Ave,Boston,,02118,42.3435,-71.0687,4.0,45,0
4MW4Jt8uOEspNxC5tbt5uQ,Joe Jones Wilderness House,,1048 Commonwealth Ave,Boston,,02215,42.3517,-71.1227,3.0,8,0
4NocTXHleji0hihMhMPnJA,Crush Pizza,,107 State St,Boston,,02109,42.3591,-71.055,3.5,229,1
4NRJfq32qksZJsFd9yaM4g,China Pearl Best Cafe,,11 Tyler St,Boston,,02228,42.3511,-71.0607,3.5,22,0
4nrRVIK3jkLnB7FAAjMXkA,Space 57 at The Revere Hotel,,200 Stuart St,Boston,,02116,42.3504,-71.0675,3.5,5,0
4OCTHMqakbHJr2teif8GuA,Caress Healthy Skin & Hair,,499 E Broadway,Boston,,02127,42.3352,-71.0449,4.0,82,1
4pMBlC7fmytybkaV5-5LrQ,Dunkin',,17 Melnea Cass Blvd,Boston,,02119,42.3318,-71.0741,2.0,7,1
4PR5bBcRmcIzoyua0bARdw,Streetwise Cycle School,,100 Meadow Rd,Boston,,02136,42.2304,-71.1311,5.0,7,1
4QcLum51qakRH4POsctBsQ,Johnston Painting Contractors,,,Boston,,02101,42.3566,-71.0565,4.0,5,1
4qHNCQ7cSApJQgHswSNxEw,John Joseph Moakley Courthouse,,1 Courthouse Way,Boston,,02210,42.3541,-71.047,5.0,12,1
4QSm0iwLR27feUtvY3nQ1Q,Sushi Kappo,,86 Peterborough St,Boston,,02215,42.3431,-71.0989,4.0,87,1
4RpdVZIR3dV890pJ5hQd9A,Lucca Back Bay,,116 Huntington Ave,Boston,,02116,42.3466,-71.0799,4.0,342,1
4rYlrxCQY4dxUzdctfXOuQ,Dos Diablos Taco Bar,,50 Gainsborough St,Boston,,02115,42.3417,-71.0872,2.5,18,1
4Sn-Xtz6uWWoejVAUsvYsg,Song Cleaners,,607 Columbus Ave,Boston,,02118,42.3398,-71.0828,2.5,7,0
4SyUx_vjeBHmDrxr-mtVVg,Dock Square Parking Garage,,20 Clinton St,Boston,,02109,42.3608,-71.0546,1.0,6,1
4T-UGIPpkx3SWDYLU8FJ9w,Water Cafe,,100 Northern Ave,Boston,,02210,42.3524,-71.0434,3.0,16,1
4Th4Au8kRlL_uEXR-PeayA,Sweet Rice JP,,697 Centre St,Boston,,02130,42.3118,-71.1145,4.0,82,1
4ty_y-YmDArh0CBw3DLeZQ,AG Adriano Goldschmied Jeans,,201 Newbury St,Boston,,02116,42.3504,-71.0805,4.5,16,0
4tzXRnqxfhddQ8DNJvvDKA,South Boston Yoga,,36 W Broadway,Boston,,02127,42.3426,-71.0566,4.5,101,0
4uAcnQuleldt8euNQ0NQTQ,US Post Office,,133 Clarendon St,Boston,,02116,42.3488,-71.0736,2.0,39,1
4uoc-mqHB7NNVUeVVAP41Q,Pizza Shuttle,,239 Meridian St,Boston,,02128,42.3758,-71.0389,3.5,18,1
4UvWZR2aCq-Zu21nlb875Q,Kevin Day Photography,,460 Harrison Ave,Boston,,02118,42.3422,-71.0642,5.0,6,1
4VHPfvLS2cvb6ewMh3r3Hw,Charles River Church,,105 Cummins Hwy,Boston,,02131,42.2834,-71.1253,5.0,6,1
4VPqGVr26pdhBFY5vxeZtg,Action Kitchen,,1 Seaport Ln,Boston,,02210,42.3492,-71.0415,5.0,7,1
4VT8GxqhRtRuN7yasTMmCA,Radian,,120 Kingston St,Boston,,02111,42.3523,-71.0591,3.0,29,1
4wt2uGFMTIT_iAvkCqS_2Q,Eddie Bauer,,500 Washington St,Boston,,02111,42.3546,-71.0614,3.5,19,0
4WXelNePgT7VSoqrSoMOzw,Residence Inn Boston Down/South End,,2001 Washington St,Boston,,02119,42.3336,-71.0817,3.0,8,1
4Xcx7x5739-hNPp5BTCf0A,Ashmont Nails and Spa,,1913 Dorchester Ave,Boston,,02124,42.2855,-71.0644,1.5,28,1
4Xj5QuaOdtSAPr7dhxZZVg,Community Boating,,21 David G Mugar Way,Boston,,02114,42.3599,-71.0731,4.0,70,1
4Xjp760lt7cAmGHGwRX2pA,Bringing Up Baby,,663 E Broadway,Boston,,02127,42.3356,-71.038,4.5,6,1
4XM_h6Gs2EdGGqMg6SXKAg,Stephanie’s,,1 Harborside Dr,Boston,,02128,42.3611,-71.0174,4.0,12,1
4YFSmyN_VjGjL9YieHmwBw,Pho Viet's,,1095 Commonwealth Ave,Boston,,02228,42.3524,-71.1255,4.0,443,0
4YGCghplUXVI0YQe-vofQw,Bustonian,,,Boston,,02228,42.339,-71.0914,4.5,34,1
4yjCzIktdpkpQfFA1gTAbA,Eat Kitchen,,260 Washington St,Boston,,02108,42.3575,-71.0691,3.0,28,0
4zn5vuG-wWdOMdVmUlHoZA,Warren Electric & Hardware Supply,,470 Tremont St,Boston,,02116,42.3463,-71.0689,3.5,29,1
4zWVgi1r-1VmTRsYw5tKkQ,The Eliot Hotel,,370 Commonwealth Ave,Boston,,02215,42.3489,-71.0888,4.0,112,1
5_UD3YwRZMwuReCmqo-wPw,Dress for Success - Boston,,989 Commonwealth Ave,Boston,,02215,42.3522,-71.1206,3.0,6,1
5-yfhwOIkUhvDE_O9E0EjQ,Tuscan Kitchen - Seaport,,64 Seaport Blvd,Boston,,02210,42.3529,-71.0466,3.5,237,1
501ntn2n2eyMzBFLJS09Aw,Copperfield's Bar and Down Under Pub,,98 Brookline Ave,Boston,,02215,42.3461,-71.0993,2.5,49,0
50GKT0BoDfiLfLgkvRXF8A,Pipelines,,1408 Centre St,Boston,,02131,42.2941,-71.1361,4.0,25,1
51Al7kCt7sFlLfp4bi7ySQ,Converse Flagship Store,,140 N Washington St,Boston,,02114,42.367,-71.0596,3.0,17,1
52KjelpMBgWEewcp5uh8zg,sweetgreen,,225 Franklin St,Boston,,02110,42.356,-71.054,3.5,18,1
52uUBabMOJ6TxvHhqoUTHw,Cosi,,133 Federal St,Boston,,02110,42.3542,-71.0566,3.0,66,1
535MWNQSf9RIF_Ch1g-G8Q,Bella Sant? Day Spa Med Spa,,38 Newbury St,Boston,,02116,42.3521,-71.0729,4.0,300,1
54ElwAyN-o8e4uvOkC85hw,Modern Pastry Shop,,257 Hanover St,Boston,,02113,42.3632,-71.0547,4.0,2042,1
54Flq7X4Ugfj02_IzIoIKw,Tresca,,233 Hanover St,Boston,,02113,42.363,-71.055,4.0,372,1
54NgB8wtOyLp6t_cV_XSKA,Ice Age,,8 Tyler St,Boston,,02111,42.351,-71.0605,4.0,71,0
55PGG2U1z-q7Z694F-B-_w,Bricco,,241 Hanover St,Boston,,02113,42.3631,-71.0549,4.0,999,1
56-gs9zyZJ4d3nk4R5LyiQ,Daily Table,,450 Washington St,Boston,,02124,42.2959,-71.0721,4.5,39,1
56h0R9NEKQXGPbWjzPLDgA,Bauer Wine & Spirits,,330 Newbury St,Boston,,02115,42.3485,-71.0863,4.5,89,1
56V9DWDpA78mrSfXuTlXDw,Sepal,,350 Longwood Ave,Boston,,02215,42.3386,-71.1067,3.5,49,0
57cOo_qgL-dhK0zldb6PrA,Famous Famiglia,,1 Harborside Dr,Boston,,02128,42.3726,-71.0201,3.0,7,1
57UpH7JO9umJRYO7AfsF-g,Love And Mercy,,401-403 D St,Boston,,02210,42.3435,-71.0447,4.5,30,1
58vy2Q6VHkR-paG_lDJaQQ,thirst,,645 E 2nd St,Boston,,02127,42.3373,-71.0374,4.0,9,0
58ylw_BkA_Haia1mao1vMg,Cirque du Soleil,,525 William F McClellan Hwy,Boston,,02128,42.3944,-71.0106,5.0,7,1
591SCEGC4K4RaYMxewzQmA,Bank of America Financial Center,,557 Tremont St,Boston,,02118,42.3438,-71.0723,3.0,8,1
59o2lrt5U1qxNys7eEsVcA,Hotel Commonwealth,,500 Commonwealth Ave,Boston,,02215,42.3485,-71.0952,4.5,228,1
5A2Da_Lr0eYFBiR8fLnTxA,Miel Brasserie,,510 Atlantic Ave,Boston,,02210,42.3536,-71.052,3.5,252,1
5aIfAZCVQQ2b39eNytPHgw,Caff? Nero,,560 Washington St,Boston,,02111,42.3535,-71.0623,4.0,443,1
5AmA2QQp75ZT5KX7Y1lRsQ,Starry,,38 Chauncy St,Boston,,02111,42.3539,-71.0598,4.5,67,1
5amwl12h4mASJrPUZ7BxZA,Potbelly Sandwich Shop,,263 Washington St,Boston,,02108,42.3578,-71.0581,3.0,89,1
5aRN54aHgUZAh9YW9xogCA,Kigo Kitchen,,360 Huntington Ave,Boston,,02115,42.3392,-71.0876,3.0,10,1
5b2RUFqiRheDvogItHE_xA,Centre Tailor Shop,,366B Centre St,Boston,,02130,42.3223,-71.1084,4.5,18,1
5b8-uDxSFxJCZx418qc1QQ,Gomes Plumbing Heating and Cooling,,63 Hecla St,Boston,,02122,42.2967,-71.0527,3.5,30,1
5biI8b92mx7ARRG-XqpcoQ,Crunch Fitness - Roslindale,,950 American Legion Hwy,Boston,,02131,42.2752,-71.1146,2.5,29,1
5BQ7zFXSxdCA3O0D39qs3w,Pour The Core Cider Festival,,279 Tremont St,Boston,,02116,42.35,-71.0657,4.0,6,1
5BXjGDIlCzv3PrstmqsiDA,Domino's Pizza,,1260 Boylston St,Boston,,02215,42.3448,-71.0959,2.0,95,1
5cjsMQu6YtnRNtpBUE2I3g,Boston Smoked Fish Company,,100 Hanover St,Boston,,02108,42.3621,-71.057,4.0,9,1
5cPigiT7e5MjRYQx3DR6nQ,StyleFixx,,539 Tremont St,Boston,,02116,42.3444,-71.0713,3.5,19,1
5dCpf9rVMFa1aVsuGJM_tQ,Dom's Restaurant,,10 Bartlett Pl,Boston,,02113,42.3641,-71.0559,3.0,8,0
5Dunrbot7sEUdh9AfJoFew,C-Mart Supermarket,,50 Herald St,Boston,,02118,42.3463,-71.065,3.0,40,1
5ED_EsK3aL05DmDcVNelCA,The Threading Place,,263 Newbury St,Boston,,02116,42.3496,-71.0834,3.5,120,1
5EmqULtZ3IFZ3hjxyXna5Q,ilona,,783 Tremont St,Boston,,02118,42.3393,-71.0807,4.0,104,1
5epVHMk2vJUYlFWkwGHq4g,Cafe Corner,,62 Harrison Ave,Boston,,02111,42.3513,-71.061,4.0,51,1
5eTJjAXOBWq4EXOneRN79g,Sneaker Junkies,,268 Newbury St,Boston,,02116,42.3491,-71.0833,4.0,15,1
5eu2Ru_tk53QmJSkv54cSQ,Nails on Huntington,,39 S Huntington Ave,Boston,,02130,42.331,-71.1118,4.0,48,1
5eYs6Kz72F6ICd_kZ6mhxA,Thornton's Fenway Grille,,100 Peterborough St,Boston,,02215,42.343,-71.0993,3.5,294,1
5fAhoG03Qy99lI0v7jGFYg,Locale,,352 Hanover St,Boston,,02113,42.3651,-71.0532,4.5,381,1
5FdrUjfxDXgghZ2Q4FH3aA,Mama Blanca Restaurant,,1045 Saratoga St,Boston,,02128,42.3859,-71.0051,3.0,15,0
5foYCu8Kwb15ZsR92eLueg,Mr Home Guy,,,Boston,,02114,42.3653,-71.0646,4.5,30,1
5g2YY3C_8-Vk5ZjhkGEvLg,Dajuli Sparkles,,304 Newbury St,Boston,,02115,42.3487,-71.0851,4.5,9,0
5GIrh5DnhFX3uy7yt0BZZg,Cambria Hotel Boston Downtown,,6 W Broadway,Boston,,02127,42.3432,-71.057,3.0,24,1
5gTvfEVj6riBxESWxoWLUA,Olympia Flower Store,,1745 Washington St,Boston,,02118,42.3368,-71.0771,4.0,38,1
5HMXgD_gui5n0Tc_hadesg,The Gallows,,1395 Washington St,Boston,,02118,42.3413,-71.0703,4.0,859,1
5hq6w7NamK-okY8TzIDOnQ,Boston Symphony Hall,,301 Massachusetts Ave,Boston,,02115,42.3428,-71.0857,4.5,195,1
5hrehyvoVbyO_dJ2iQoRkA,Parker's Restaurant,,60 School St,Boston,,02108,42.3577,-71.0601,3.5,276,1
5HtKXpccv60YtqpjszDGBQ,Roast Beast,,1080 Commonwealth Ave,Boston,,02215,42.3518,-71.1237,4.5,478,0
5IAQj7uecoiNfdnyU3jyiQ,Jonquils Cafe & Bakery,,125 Newbury St,Boston,,02116,42.3514,-71.0766,3.5,120,1
5IuSKkygRmQlVOKFFWftag,Zalkind Duncan & Bernstein LLP,,65A Atlantic Ave,Boston,,02110,42.3629,-71.0513,3.0,5,1
5iYk21_8rnYN8sR-R4_kLA,Viga,,304 Stuart St,Boston,,02116,42.3498,-71.0707,4.0,148,0
5j0v6ehSGMGBWqAkTix_fQ,Wendy's,,349 Washington St,Boston,,02108,42.3566,-71.0592,3.0,20,0
5jCQ11S5j3-YUUk_ERCpAw,Right Taste Jamaican Restaurant,,522 River St,Boston,,02126,42.2674,-71.0943,4.0,18,1
5Jm8du6LOoQGvGcaDuVj7w,Tasty Burger,,145 Dartmouth St,Boston,,02116,42.3473,-71.0756,3.0,208,1
5jV-YBLwbPI6YeTRE44sIg,100 Clarendon Street Garage,,100 Clarendon St,Boston,,02116,42.3481,-71.0743,2.5,15,1
5Jw0-1di7Pn9HlEaeyu7tQ,D Street Pizza,,309 D St,Boston,,02127,42.34,-71.0492,2.0,5,0
5jW5_16Ckp5pfwGPc8Bqmw,Warby Parker,,800 Boylston St,Boston,,02199,42.3475,-71.0814,4.0,19,1
5K6Rfjks5PVhI-xHyNIHog,Simply Social Sports,,,Boston,,02114,42.3653,-71.0646,5.0,5,1
5k839d80mWL8x6lJIukThQ,Maverick MBTA Station - Blue Line,,220 Sumner St,Boston,,02128,42.3691,-71.0396,2.5,10,1
5KHaTbBgPPvnfK8VNoMEgw,Tamo Bistro & Bar,,1 Seaport Ln,Boston,,02210,42.3492,-71.0412,3.0,163,1
5KO45VgHOZUX7cM7C2ib5Q,Cape Air Charter,,1 Harborside Dr,Boston,,02128,42.3663,-71.0163,2.5,49,1
5kS96ZNa7SlOC-K0XYgE1g,Vivint Smart Home,,,Boston,,02205,42.3503,-71.055,1.5,10,1
5LEP8Rcb4_To8amoZodtow,The Butcher Shop,,552 Tremont St,Boston,,02118,42.3438,-71.0715,4.0,517,1
5LHQAL-bki078OUxwd0jgA,Burrito Max,,642 Beacon Street,Boston,,02215,42.3495,-71.0956,3.0,8,0
5M56lJeny0cH-l08gD0XqA,D and M Auto Doctor,,1181 Bennington St,Boston,,02128,42.3883,-70.9989,3.5,9,1
5mAC6zVItoHiAzfMHq7UhA,Top Secret Sandwiches,,33-A Boston Fish Pier,Boston,,02210,42.3509,-71.0378,3.5,7,0
5MlFYQZAWZ9Y5MBt3tfTDA,Rimowa,,12 Newbury St,Boston,,02116,42.3522,-71.072,5.0,6,1
5mYwSslhPH45D2xLZt_80w,MLR Artist Management,,,Boston,,02111,42.3515,-71.0602,4.0,5,1
5NmbRT8U6WIENZsQ-XoODg,Tnt Vacations,,2 Charlesgate W,Boston,,02215,42.3472,-71.0931,4.0,7,1
5NsdznaNSUmH2O0vuo65Pw,Cornish Pasty,,51 Massachusetts Ave,Boston,,02115,42.3497,-71.0892,4.5,281,1
5NUnzzrvnasAFOgpgCJX7A,Urban Cantina,,76 Salem St,Boston,,02113,42.3636,-71.056,2.5,60,0
5O4KFXHKnuwixUCShPhqYA,Lambert's Marketplace,,140 Tremont St,Boston,,02111,42.3556,-71.0626,3.5,149,1
5oAzp0ZggtQcC1_wR9coXw,Suds Laundromat,,673 Morton St,Boston,,02126,42.2847,-71.0931,3.0,8,1
5obmEJZC5cQ--ET4GiOw6w,Fenway Beer Shop,,98 Van Ness St,Boston,,02115,42.3448,-71.1001,5.0,33,1
5odx_p3vnvU1jIrBxaaguw,South Boston Carpet Cleaning,,309 Old Colony Ave,Boston,,02127,42.3296,-71.053,5.0,37,1
5oIwA723EGUOgcRLs1-Y0Q,Crescent Ridge,,100 Hanover St,Boston,,02108,42.3621,-71.057,4.5,40,1
5oKcsAsYqWOtNLEwMnoWuw,Servia,,126 State St,Boston,,02109,42.3594,-71.0546,5.0,12,1
5Or9CfNqrJAWuarRfbW24A,BluePearl Pet Hospital,,56 Roland St,Boston,,02129,42.3813,-71.0801,4.0,53,1
5ow7mmeDcTzaBM4b8eql9A,Temptations Cafe,,313 Huntington Ave,Boston,,02115,42.3411,-71.0876,4.0,119,0
5phk9eNYsl_thBjBATygRw,Liberty Travel,,35 Winter St,Boston,,02108,42.3561,-71.0616,3.0,5,0
5pkmP0W8Fh-A3jnUJHOX-w,Saloniki Greek,,4 Kilmarnock St,Boston,,02215,42.3449,-71.1005,4.0,452,1
5prA--2LtkDqiKNhocylMA,La Parrilla,,299 Hancock St,Boston,,02125,42.3081,-71.0588,3.5,25,1
5QIhAe359r2e_m-2YqrmKQ,MG's Cafe,,720 Harrison Ave,Boston,,02118,42.3377,-71.0709,4.0,6,1
5QjxYqp5nYKqfbSMjv1ztQ,Orpheum Theater,,1 Hamilton Pl,Boston,,02108,42.3563,-71.061,2.5,196,1
5QrgnLkqhduFMKfm66Aqog,Burger King,,553 Boylston St,Boston,,02116,42.3507,-71.0761,3.5,22,0
5qzVPH1gS3sTMhwOr8Ar-A,Tao's Beauty Store,,35 Harrison Ave,Boston,,02111,42.3516,-71.0613,4.0,5,1
5rINmqRcMlJCBR3vwMKbtg,Cinquecento,,500 Harrison Ave,Boston,,02118,42.3421,-71.0658,4.0,539,0
5rKSdgfF7MDfMcHriI44hA,BFS Business Printing,,76 South St,Boston,,02111,42.3515,-71.0571,4.5,6,1
5ruGfyUB9m2YoRIR8MPVJQ,Bar Moxy,,240 Tremont St,Boston,,02116,42.3509,-71.0647,3.5,8,1
5S4ABHaNNKYftW19FhkABw,Logan Airport Terminal C,,1 Harborside Dr,Boston,,02128,42.3672,-71.0165,3.0,243,1
5SJuzmHM92ln84dPbyHi4A,Dunkin',,70 E India Row,Boston,,02110,42.3584,-71.0513,1.5,7,1
5Ss-I377dJGsUCvx6qFCcg,Volle Nolle,,351 Hanover St,Boston,,02113,42.3646,-71.0536,4.5,32,0
5SsPyAJL-pSaeDUlg_wbjg,Athleta,,92 Newbury St,Boston,,02116,42.3514,-71.075,4.0,13,1
5STbrZ-GGRZbhH26s7j4nA,Regal Cafe,,686 Morton St,Boston,,02126,42.2847,-71.0921,1.0,126,1
5SWfawtEM_l2zz-XJyqDCg,Papa John's Pizza,,971 Tremont St,Boston,,02119,42.3375,-71.084,1.5,88,0
5T9QDcZchS7R7iS72Q6EgA,Dunkin',,360 Huntington Ave,Boston,,02115,42.3394,-71.0886,2.0,6,1
5tMFk4qwWjFcOehWLPdp-Q,Ciao Bella,,5 North Square,Boston,,02113,42.364,-71.0536,4.0,40,1
5TsjdwNt10gxGChQtGGpdg,Gaslight,,560 Harrison Ave,Boston,,02118,42.341,-71.0674,4.0,2056,0
5ugkZ0mE2daF54H35BSZ2A,Massachusetts Bay Lines,,60 Rowes Wharf,Boston,,02110,42.3564,-71.0502,3.0,32,1
5UTGLJiuUJdWWXXxIKJX3A,Great Chef Chinese Food Day Square,,390 Chelsea St,Boston,,02128,42.3795,-71.0279,3.0,43,1
5UZpTm0JTWuV8-nfv0Q2UQ,Papa Johns,,522 River St,Boston,,02126,42.2673,-71.0943,2.0,10,1
5v5yriNPSpiQLrsnEJPTtw,DoubleTree by Hilton Boston Bayside,,240 Mt Vernon St,Boston,,02125,42.3203,-71.0479,3.0,135,1
5VAWET4IMY9fqxccXe9Vyw,Berklee Performance Center,,136 Massachusetts Ave,Boston,,02115,42.3468,-71.0871,3.5,40,1
5vC75g76FmovILLGP1Jouw,RARE Moving & Trucking,,41 Bailey St,Boston,,02124,42.2838,-71.068,4.5,52,1
5VCrljnabu29laiYXtkN2Q,Sun Property Group,,,Boston,,02127,42.3583,-71.0603,2.0,28,1
5wS8FfEpgbwSX-_LdcpzJw,Commonwealth Books,,9 Spring Ln,Boston,,02109,42.3574,-71.0579,4.5,69,1
5XFKXboLgBVxVhF2TwyPWw,EPIC Saturdays @ Roxy Nightclub,,279 Tremont St,Boston,,02228,42.35,-71.0654,3.5,19,0
5XGN_j6Yj9N-369sh1E2uA,The Sausage Guy,,49 Lansdowne St,Boston,,02215,42.3474,-71.0971,3.5,31,1
5y2Frv72pXoNR8u_v6zmWQ,Newbury Skin & Nails,,249 Newbury St,Boston,,02116,42.3497,-71.0828,3.0,21,1
5zHk4iADzrzZdgf979xekg,The Dugout,,722 Commonwealth Ave,Boston,,02215,42.3496,-71.106,3.5,55,1
5zHpq0HxwtWf-9mZYt00vg,Rock Sugar Thai Cafe,,38 Batterymarch St,Boston,,02110,42.3576,-71.054,3.0,93,0
5zJZLFqD_nfeFowlTTLInQ,Troy Boston Apartments,,55 Traveler St,Boston,,02118,42.344,-71.0625,3.5,5,1
5ZnRw-ycEG8wvJM3JRX0EQ,ProShop Powered By Reebok,,100 Legends Way,Boston,,02114,42.3663,-71.0622,3.0,16,1
5zsd37EdSilDcMo52K0AyA,Freeport Tavern,,780 William T Morrissey Blvd,Boston,,02122,42.2955,-71.0474,3.0,62,0
6_NxWHy4flcwAlxMlK3ONQ,sweetgreen,,659 Boylston St,Boston,,02116,42.3499,-71.0786,4.0,534,1
6-N8TPwV8Ug5cFZhGpAJ8w,CAVA,,669 Boylston St,Boston,,02116,42.35,-71.0788,4.0,90,1
60kj_w0sfKwVVcSpAoGxxQ,Beantown Towing,,,Boston,,02122,42.2967,-71.0527,4.5,26,1
61kN14ljCzWOtIXaavTU_Q,Paris Creperie Seaport,,60 Seaport Blvd,Boston,,02210,42.353,-71.0473,4.5,31,1
61VLcPMw8wlKqW3pD5XorQ,Ross Cleaners,,227 Newbury St,Boston,,02116,42.35,-71.0817,2.5,9,0
62crUnXQip4_Cdz2_HOdPA,Arnold Arboretum,,125 Arborway,Boston,,02130,42.2999,-71.1224,4.5,297,1
63DvXSks1tHIDajOGvwnRQ,Caff? Vittoria,,296 Hanover St,Boston,,02113,42.3641,-71.0543,4.0,954,1
63nG9RMgx--gZhfwLVn9Dw,Cosi,,399 Boylston St,Boston,,02116,42.3518,-71.0722,3.0,30,0
63q10aw-6XREzuRadM3_HA,Penang,,685 Washington St,Boston,,02111,42.3513,-71.0631,3.5,983,1
640qEB7SMP0jTD-3hI5a4g,Park Shuttle & Fly,,320 William F McClellan Hwy,Boston,,02128,42.3904,-71.0145,3.0,76,1
67lbLeepq2GVglEMgguCqA,Closets by Design,,,Boston,,02112,42.36,-71.06,3.0,69,1
68b-WAnNxAjrvuGafphVWQ,Poor Little Rich Girl,,166 Newbury St,Boston,,02116,42.3505,-71.0787,4.0,17,0
68YLpO_g1j4Ej5jGDOOpVg,Dragon Bowl,,400 Longwood Ave,Boston,,02115,42.3384,-71.1073,2.0,35,1
699EfPcPf6cfwiy0pHVu4Q,Mariel Underground,,10 Post Office Sq,Boston,,02109,42.3573,-71.0558,2.0,12,1
69vSJWuH1P5PHIUKeptPJQ,Boston Diamond Company,,335 Washington St,Boston,,02108,42.3568,-71.0591,5.0,20,1
6a9xK30xYy3HkcVFllHQ4w,Osorio Dental Group,,60 Federal St,Boston,,02110,42.3557,-71.0566,4.0,24,1
6aeBDyeqfmK5j-TGJDY5Yw,Prometric Test Center,,27 Wormwood St,Boston,,02210,42.347,-71.0494,4.0,6,0
6aeCey3Ns8WE72rqhuJULQ,Tibet Emporium,,103 Charles St,Boston,,02114,42.3591,-71.0705,3.5,7,1
6ALKzDWJfKP-2-w3NE3nbQ,Odessa Instant Shoe Repair,,219 Newbury St,Boston,,02116,42.3501,-71.0814,4.0,20,1
6AOUv1nrv9_zVNKiorW1uQ,Juice Press,,225 Franklin St,Boston,,02110,42.356,-71.054,2.5,5,1
6aQ3FGZYJ506O1qHQUvC5Q,Boston Tea Party Ships & Museum,,306 Congress St,Boston,,02210,42.3524,-71.0512,4.5,424,1
6bliT6JzYewOFPEKk6-NXw,Macy's,,450 Washington St,Boston,,02111,42.3548,-71.0608,2.5,244,1
6Bon1QH5aljoBxdSnMJMPQ,Bombay Club,,1 Faneuil Hall Market Pl,Boston,,02109,42.3604,-71.0557,3.0,24,0
6c6K_VIk2UJTRXwiau_UNQ,Boston Crust,,38 Brooks St,Boston,,02135,42.3561,-71.1622,3.5,20,1
6cGcl4ZDDxDtfxyc6PKFPQ,Back Bay Social,,867 Boylston St,Boston,,02116,42.3487,-71.0835,3.5,683,1
6CJ0T-wlguWYhqTeQYiZpg,Mass Ave Lock,,125 Saint Botolph St,Boston,,02115,42.3441,-71.0818,4.5,34,1
6cQ1Ozji_nxFgUXhDuKa7A,Sgt C's Tattoo,,31 Harrison St,Boston,,02131,42.2878,-71.1207,1.0,5,1
6cza3mzHLiqy_PaCMiIu9A,Red Apple Farm,,100 Hanover St,Boston,,02108,42.3621,-71.057,4.5,89,1
6D5naX_EO6t4L2IGuuSSvA,Atlantic Beer Garden,,146 Northern Ave,Boston,,02110,42.3508,-71.043,2.5,339,0
6dGMI-Zo3lxc1lAVkF8Stw,1154 Lill Studio,,220 Newbury St,Boston,,02116,42.3498,-71.081,4.0,27,0
6dj0t8vx2kdskDMhChLSHQ,Uno Due Go,,52 Summer St,Boston,,02110,42.3544,-71.0588,3.5,233,0
6E6H-qDYPbpadaMc7VlLyg,Pokeworks,,433 Brookline Ave,Boston,,02215,42.3385,-71.1081,4.0,17,1
6eCRB7v-I8t945wMEuiLOA,The Junkluggers of Greater Boston,,,Boston,,02118,42.3328,-71.1389,5.0,8,1
6EEHHSC_bsSVaAeDredu-A,Bank of America Financial Center,,1237 Commonwealth Ave,Boston,,02134,42.3504,-71.1318,2.0,20,1
6EPnOvQeMzAC6hkKALPwIw,Sunrise Learning Academy,,131 Cambridge St,Boston,,02114,42.3617,-71.0642,3.5,6,1
6fF-nAA2AWTPYF2vlOzqtg,Santarpio's Pizza,,111 Chelsea St,Boston,,02128,42.3727,-71.0353,4.0,1281,1
6fV1xPfcygrYfin76i5qtA,Visage-1Studios,,,Boston,,02201,42.3582,-71.0585,5.0,22,1
6GnCv4YXEvirUy7ZQnyYoQ,Masa,,439 Tremont St,Boston,,02116,42.3468,-71.0692,3.5,1134,0
6H313b3O6gTULpR7fV2FsQ,Meritage Restaurant,,70 Rowes Wharf,Boston,,02110,42.3562,-71.0506,4.0,300,0
6H4LZNkGn9vJ9hNRkIHaZw,Bagelville,,200 Faneuil Hall Market Pl,Boston,,02109,42.3604,-71.0548,2.5,59,0
6HR1br6vOG6BoL-ZhTa3KQ,Cafe Artigiano,,8 City Hall Ave,Boston,,02108,42.3577,-71.0593,4.5,54,0
6hrQdsOwwQTRBdoroykP9w,Cigar Masters,,745 Boylston St,Boston,,02116,42.3495,-71.0806,3.5,88,0
6if2BZW4pNdk0gj110ybaA,Rio's Restaurant Buffet,,157 Sutherland Rd,Boston,,02135,42.3411,-71.1469,3.5,10,0
6iFLlWOOaxwaKjvaF7JUHQ,JSD Studio,,36 Newbury St,Boston,,02116,42.352,-71.0728,4.0,37,1
6iK58YnsdUMC6TgtkWcBjw,Neiman Marcus,,5 Copley Pl,Boston,,02116,42.3475,-71.0766,3.0,101,1
6il2yZshl6ys3mc7MMQFSA,The UPS Store,,423 Brookline Ave,Boston,,02215,42.3386,-71.1078,2.5,12,1
6Ilgn7SDKPm6CJ70AHgLrQ,PJ Kilroy's Pub,,822 Beacon St,Boston,,02215,42.3476,-71.1026,3.5,10,0
6IOzmnVCL7SMLMCII1-RJQ,The Westin Boston Waterfront,,425 Summer St,Boston,,02210,42.346,-71.043,3.0,364,1
6j-CuIXQct2mEwqPg5E_JA,Animal Rescue League of Boston,,10 Chandler St,Boston,,02116,42.3472,-71.07,4.0,92,1
6J-NfQbcV52XUKZq948gCA,Liberty Trail Boston,,,Boston,,02127,42.3566,-71.0625,4.5,12,0
6JIRKW2i2p60j779iSa6lg,ZenaRose,,49 River St,Boston,,02108,42.3573,-71.0704,5.0,43,1
6Jm_RomGEt8gHh2plvOsyA,Galleria Cleaners Express,,334 Massachusetts Ave,Boston,,02115,42.3426,-71.0842,1.5,11,0
6K1E7cCy6NZEAnNI84T5hw,Rodey Pizzeria and Pasta,,55 Causeway St,Boston,,02114,42.3643,-71.0631,3.0,56,1
6kiP3M4UPTzAXSVWmMrQmg,barre3 Boston - South End,,1511 Washington St,Boston,,02118,42.3399,-71.0726,5.0,24,1
6KxAS4d1d1n6nnMlCBtVZQ,Sleep King Boston,,1524 Veterans of Foreign Wars Pkwy,Boston,,02132,42.2684,-71.1704,4.5,10,0
6lWeoY6C1Yl3WvrN0ilm2Q,Lucca Bar And Grill,,1 Harborside Dr,Boston,,02128,42.3616,-71.0189,3.0,45,1
6m6CD-tzWV0lsYi89tPTKQ,El Centro,,472 Shawmut Ave,Boston,,02118,42.3385,-71.076,3.5,355,1
6ma5JsaDZpO6J_lIKk4r6A,G'vanni's,,2 Prince St,Boston,,02113,42.364,-71.0536,3.0,272,0
6MdhcAPGDMMU0cCkaIEoNw,Red's Best Seafood at the Boston Public Market,,100 Hanover St,Boston,,02108,42.3619,-71.0569,4.5,189,1
6muGvUlV-R3-NCCTx021iw,Souper Salad of Beth Israel,,364 Brookline Ave,Boston,,02215,42.3387,-71.1061,3.5,18,0
6NBt26Huu8UmYjljM8p-og,Marche Restaurant,,800 Boylston St,Boston,,02199,42.3485,-71.0825,4.5,13,0
6Nc69spjy_vqcyJOWKI8SA,John Hancock Financial Services,,601 Congress St,Boston,,02210,42.3477,-71.0398,1.0,22,1
6nrH9eONhS8UzHIaLYPEuw,Limoo Tea Bar,,1032 Commonwealth Ave,Boston,,02215,42.3516,-71.1222,4.0,150,0
6O3naVAWpkMIuOTK3_UA4g,Equinox Dartmouth,,131 Dartmouth St,Boston,,02116,42.347,-71.0754,3.5,134,1
6O9YOWwi0a2pvn_ZoeiDlw,Oisa Ramen,,1 3/4 Broad St,Boston,,02109,42.3589,-71.0543,4.0,180,1
6OK7It6CPXkOo5E_CCNOnw,Ilex Designs,,850 Summer St,Boston,,02127,42.3375,-71.0351,5.0,16,1
6oK8LDTf6NimlKfHjIuDTQ,La Chiva Restaurant,,259 Bennington St,Boston,,02128,42.3783,-71.0295,3.5,54,1
6Oq2nV3z-DAlgCHp4bZuHg,Pret A Manger,,417 Brookline Ave,Boston,,02215,42.3389,-71.1074,3.5,25,0
6oTb-KIXqR7rKUmm1AeGZQ,Boston Pride Celebration,,,Boston,,02108,42.3549,-71.0661,4.5,6,1
6OuC4O7EONCW7xjLqq5Hjg,Urban Outfitters,,361 Newbury St,Boston,,02115,42.3484,-71.0879,3.0,75,1
6PHFpdOmxIlII0L-h1bM-A,First Republic Bank,,772 Boylston St,Boston,,02199,42.349,-71.0809,4.5,16,1
6q6wnYr62m9Kq-jDnDQdaQ,Boston University Bridge,,Commonwealth Ave & Boston Univ Bridge,Boston,,02215,42.3524,-71.1106,3.0,16,1
6QoV_5O4HKA5Mh_QvBxLpA,Executive Cleaners,,85 L St,Boston,,02127,42.3346,-71.0356,3.5,16,1
6Qp1Js7cD8rnlgHUei9rMQ,Miss Rainbow Nails Lounge,,1236B Commonwealth Ave,Boston,,02134,42.3498,-71.1312,4.0,9,1
6Qqz3eQVLJDRELE2Grm-_w,Pret A Manger,,185 Franklin St,Boston,,02110,42.3554,-71.0548,4.0,111,0
6QV7AK3SOph2i56QYTEp8g,Maple,,176 Newbury St,Boston,,02116,42.3503,-71.079,3.5,25,0
6QxQJthmwXxIANi6do9iRg,Rey Del Pollo,,111 Blue Hill Ave,Boston,,02119,42.3212,-71.0777,4.0,12,1
6rDIambYUKEq6ObJQJaL4A,Budget Dumpster Rental,,,Boston,,02128,42.3695,-71.0201,2.0,41,1
6Rjp2lhWe5t9hsOmyoSJOA,Fitness Together - Boston Back Bay,,36 Newbury St,Boston,,02116,42.352,-71.0728,4.5,9,1
6RUkH-BeMlZwTX-o2ng6Hg,Bachrach Photographers,,410 Boylston St Bsmt,Boston,,02116,42.3512,-71.0723,3.0,6,0
6s_DQAuanE8CMtyDf8RQJA,Sugaring Boston,,221 Newbury St,Boston,,02116,42.3499,-71.0814,3.5,44,1
6S_nrlnpzFPS_Wyaq55Rhg,Bijan Cleaners,,567 Columbus Ave,Boston,,02118,42.3409,-71.0814,4.0,30,1
6sM4hFHheaRNwsd74wplEw,The Green Dragon Tavern,,11 Marshall St,Boston,,02108,42.3614,-71.0568,3.5,505,1
6SRu2HR7eh3zZZyt7xDk0A,14 Stories,,,Boston,,02119,42.3218,-71.0884,5.0,8,1
6STg6HGBeQ5DV-T9TDpRdA,Blackjack Pasta Kitchen,,1401 Washington St,Boston,,02118,42.3413,-71.0702,3.5,22,0
6STHg8MHgOPgAZHNap2NLw,Amy Nails & Spa,,66 Cross St,Boston,,02113,42.3629,-71.0559,3.0,91,1
6sUoePavs98WIjfUE-cAHg,Off The Eaten Path,,,Boston,,02113,42.3654,-71.055,5.0,42,1
6SvBTfpQ-FuiJIXvDbHlcQ,David Barton Gym,,50 Park Plz,Boston,,02116,42.351,-71.0697,3.5,60,0
6Tjd64RoIG10UIOZKmG39w,Fitness Together - Boston South End,,633 Tremont St,Boston,,02118,42.3425,-71.075,5.0,5,1
6UqgBAEWmUa6ft39wj9IBw,Jennifer's Nail & Skin Care,,224 Newbury St,Boston,,02228,42.3498,-71.0812,2.5,184,1
6UT_zi7ntsF3uu1EEv2hEg,Shakespeare on the Common,,Boston Common,Boston,,02116,42.3502,-71.0664,4.5,40,1
6uuWg3RYUYzrLePphT3PQw,TGI Fridays,,1626 Tremont St,Boston,,02120,42.3334,-71.1042,2.0,228,1
6v1x0Dv4I8czEAFllPsq3g,Guitar Center,,159 Massachusetts Ave,Boston,,02115,42.3462,-71.0875,3.0,20,1
6VEnztKHrZfmw2Qhi5gVEA,Crispy Cr?pes Cafe,,714 Commonwealth Ave,Boston,,02215,42.3497,-71.1055,4.0,190,1
6VgAGOuR-3tr03s-Au8WYg,Boston Quality Movers,,10 Penniman Rd,Boston,,02134,42.356,-71.1361,3.0,123,1
6VHXD_WebicrzzkKgk64gw,Psychic Medium Joanne Gerber,,,Boston,,02228,42.357,-71.0605,2.0,10,1
6VkAn_zktfE-nKZ8llknHA,Executive Cleaners,,250 W Newton St,Boston,,02116,42.3446,-71.0809,2.0,8,0
6VrByJlVU3mIGzIG9J8FLA,Zev Fisher Photography,,,Boston,,02145,42.3931,-71.0884,5.0,28,1
6Vzoh5h10k5McBBI1E1K9Q,Wendy's,,157-A Massachusetts Avenue,Boston,,02127,42.3464,-71.0875,3.0,14,1
6w_HsSldAyEZjU_gdd5nyQ,Argo Tea,,360 Huntington Ave,Boston,,02115,42.3386,-71.088,3.0,21,1
6wEH3p-t-oD3DfAdJqKG0A,Quiznos,,263 Huntington Ave,Boston,,02228,42.3423,-71.086,3.5,7,0
6WKNwYUx6LgKQ_p66wEBmg,Rh,,234 Berkeley St,Boston,,02116,42.3516,-71.0737,2.5,54,1
6X62fJ8aTUiwJCqNKWA8lw,Blue State Coffee,,155 Seaport Blvd,Boston,,02210,42.3499,-71.043,4.0,41,0
6x8hMD34K-U67DHDBmOF6w,Jp Morgan Chase,,50 Rowes Wharf,Boston,,02110,42.3566,-71.0502,2.0,10,1
6xGtwlHT-37rTYrW7RFlXw,Timothy M Bouzan Plumbing & Heating,,,Boston,,02122,42.2967,-71.0527,5.0,13,0
6XJBVdd3-5sUBBimvhPcCw,Leokadia,,667 Tremont St,Boston,,02118,42.3419,-71.0759,4.0,8,0
6XTaX7-h1ifszdeIBSfaiA,Looc Boutique,,12 Union Park St,Boston,,02118,42.3417,-71.0701,4.5,7,0
6xtIdn9bxaGyR7PP0vxUug,Abigail's Tea Room,,306 Congress St,Boston,,02210,42.3522,-71.0513,4.5,59,1
6Y3SYthTovSPoPixBoCr0Q,Primary Care - Boston University Charles River,,930 Commonwealth Ave,Boston,,02215,42.3509,-71.1178,2.0,14,1
6yaiHs0_BVJbVtzhuHX52g,Tony C's Sports Bar & Grill,,1265 Boylston St,Boston,,02215,42.3453,-71.0964,3.0,110,0
6yFFnr4QVIKwvXkS9ZKJPA,Craft Table & Bar,,107 Porter St,Boston,,02128,42.373,-71.0361,4.0,97,0
6yoQgsej_dLGT_03PJfycw,South Boston Independent Taxi Cab,,147 W 4th St,Boston,,02127,42.3404,-71.0559,1.5,18,1
6YTR6EjinD0jNx029kds2Q,Soul Cake,,,Boston,,02472,42.3654,-71.1844,4.5,10,1
6znMPYnRRJMNH1hjHgM4bA,VERTS Mediterranean Grill,,95 Summer St,Boston,,02110,42.3538,-71.0584,4.0,113,0
7_6-0zmvcJydp1ZFwHJSpg,Antojitos  Panaderia Chapinas,,299 Hancock St,Boston,,02124,42.3087,-71.0589,3.5,16,0
7_GG1BHaVobqRcbJOTMClA,Dates & Olives,,160 Chestnut Hill Ave,Boston,,02135,42.3415,-71.1542,4.0,182,0
7_q1IsPoR25clSoigtGmeg,Pomodoro,,351 Hanover St,Boston,,02113,42.3645,-71.0534,4.5,532,1
7_yPim5xSF1fKqIPgkOQbA,Noon Mediterranean,,545 Boylston St,Boston,,02116,42.3507,-71.0758,3.5,24,0
70sjmuBO6DE3iBNjuZGDWA,Sur La Table,,100 Huntington Ave,Boston,,02116,42.3468,-71.0773,3.0,28,0
71-qOpdKPd7FcE4hA5b5Kg,BeautyLynk,,,Boston,,02122,42.2967,-71.0527,4.5,10,1
718TWpNxgBJmWN18qfsy9Q,Morrissey Nail and Spa,,960 Morrissey Blvd,Boston,,02122,42.2917,-71.0468,3.5,152,1
71QXMSNcJ763hbZjm9V_ZA,Drybar Downtown Crossing,,8 Kingston St.,Boston,,02110,42.3538,-71.0586,2.5,105,1
72PQGMhrEcIuWH-S44TprA,Myers & Chang,,1145 Washington St,Boston,,02118,42.3438,-71.0663,4.0,1681,1
72XHsRWcSWEXiYmdEDE1Kw,Dudley Dough,,2302 Washington St,Boston,,02119,42.3302,-71.084,4.0,25,0
73Oou4T_uWkiobFqBudVKA,Chequers,,72 E Concord St,Boston,,02118,42.3364,-71.0724,3.0,7,1
74fd9F4l9Gdia-5wAxCCnw,Ann Taylor,,800 Boylston St,Boston,,02199,42.3471,-71.0818,3.5,15,1
75cFJZqT0WpOszL_wkd2bA,Boston Phone Guys,,,Boston,,02128,42.3695,-71.0201,5.0,35,1
75dw98iRtH0h5lm4dxj23A,City Paws Cat Sitting,,,Boston,,02215,42.3476,-71.1003,5.0,11,1
77ExWqnopj4LvtAEza_FkQ,Maureen Fiorelli Realty Associates,,154 Salem St,Boston,,02113,42.3658,-71.0553,4.0,41,1
77s1uNGz6zDyuyKBFZP-Aw,Ligne Roset,,200 Boylston St,Boston,,02116,42.352,-71.0678,3.5,6,1
78UYw58-uBFBIducRm7uDA,Inbound Real Estate,,896 Beacon St,Boston,,02215,42.347,-71.1054,2.5,39,1
7960R7BsspApxq-kO-EKsQ,Sarni Dry Cleaners,,380 Commercial St,Boston,,02109,42.3664,-71.0518,2.0,14,0
79nmo9AiknPisyyhSUBVEw,Akelius Real Estate Management,,3 Post Office Square,Boston,,02196,42.3567,-71.0565,2.5,8,1
7b4xvcvfxb399T9W9m6vtA,Niche,,619 Tremont St,Boston,,02118,42.3428,-71.0744,4.0,31,1
7B9dJn1uWTv9QPnFcDwaXw,Sweet Cheeks Q,,1381 Boylston St,Boston,,02215,42.3439,-71.1011,3.5,1543,1
7be4ftkZW_2cwNOihjrBSw,YogaWorks - Back Bay,,364 Boylston St,Boston,,02116,42.3514,-71.0715,4.0,238,0
7bq2nCYCPuvI5o2GCFRAeg,Bukowski Tavern,,50 Dalton St,Boston,,02115,42.3473,-71.0854,3.5,695,1
7brTtxtIEMB4_coxFAVf1w,The Shawmut Inn,,280 Friend St,Boston,,02114,42.3648,-71.0616,3.0,6,0
7bVfxYI9cNESFyuIxc6XeQ,CorpHouses,,257 Northampton St,Boston,,02118,42.3396,-71.0816,3.0,47,1
7C4FgLW2tZ50zGLkD89xIQ,Cafe Le Anna,,745 Atlantic Ave,Boston,,02111,42.3504,-71.0568,4.5,23,0
7CfzGXV3CaoDqJGn8l1rkA,Vivian's Cafe,,50 Terminal St,Boston,,02129,42.3828,-71.0602,5.0,6,0
7covQBIWwGgTIa22tOGKYg,Big Night Live,,110 Causeway St,Boston,,02114,42.3657,-71.0617,3.0,41,1
7cqVYIiE3nR2onKtk3VMFg,Saint Laurent,,100 Huntington Ave,Boston,,02116,42.3473,-71.0789,3.5,8,1
7D19KbwAhEpyoZEVwHLaqg,Citizens Bank,,315 Hanover St,Boston,,02113,42.364,-71.054,2.5,7,1
7d4k9XlJwT-jJAAXl2IIRQ,Anchor Church,,351 Boylston St,Boston,,02116,42.352,-71.0712,5.0,7,1
7dzyLlNQXwuPsmvquuaVIA,Mumbai Spice,,251 Massachusetts Ave,Boston,,02115,42.3438,-71.0862,3.0,185,1
7eE3m8edU0vm6jhqqvA4zg,Cityview Trolley Tours,,296 State St,Boston,,02109,42.3602,-71.0509,3.5,54,1
7EiXYvylWMSOEr2Eg_-Ouw,Everything Is Real Hair Care Center,,182 Dudley St,Boston,,02119,42.3286,-71.0821,4.0,7,1
7EmNI_7NpBKkTRrkTLclGg,Lan's Laundry,,256 North St,Boston,,02113,42.3637,-71.0524,4.0,13,1
7FDonrEfnS0MJToxfrf0OQ,Alpha Realty Group,,115 St Stephen St,Boston,,02115,42.3413,-71.0892,1.5,6,1
7fKwoD_GWLh1p39VzW-UIw,ArtsEmerson,,559 Washington St,Boston,,02111,42.3498,-71.1643,3.0,10,1
7FoCtqPAklYUYOF5wPDcYA,DoubleTree Suites by Hilton Hotel Boston - Cambridge,,400 Soldiers Field Rd,Boston,,02134,42.3603,-71.1181,3.5,146,1
7gIovm9npPWXvLMhAzCugw,North Bennet Street School,,150 North St,Boston,,02109,42.3629,-71.0546,3.5,11,1
7GuI717B8NCEiKB5VVpOZg,New Saigon,,985 Bennington St,Boston,,02128,42.3863,-71.0073,4.5,166,1
7GYtghyG8tWDmusmTObLtA,B.GOOD,,131 Dartmouth St,Boston,,02116,42.347,-71.0754,3.5,330,1
7hCKF4z0l6EC-dgit1CzMw,Extra Space Storage,,3175 Washington St,Boston,,02130,42.3133,-71.1012,2.5,19,1
7HTBRJmFI_5JPdhv0pmoxg,CITIDental High Street,,10 High St,Boston,,02110,42.3538,-71.0564,4.0,13,1
7ILIkAsNQ693qmBhrxGoOg,Vision North,,77 N Washington St,Boston,,02114,42.365,-71.0581,4.5,57,1
7ILwO3iLctDHcuesJlPUwA,My Brothers Place,,27 Buswell St,Boston,,02215,42.3474,-71.1059,3.0,14,0
7jaqLhmjPY8uRXtAFpgYDw,Boston Hysterical Society,,31 Milk St,Boston,,02109,42.3565,-71.058,5.0,7,1
7jJZ91A-tkOghVOrj3aE6A,Salty’s,,George's Island,Boston,,02101,42.32,-70.9287,2.5,6,1
7kCMcEEKXqItFv5m0-Yj4g,Rabia's,,73 Salem St,Boston,,02113,42.3634,-71.0558,3.5,641,1
7KeOH7RorE4fLSDDOO5PDg,Harvard Vanguard Medical Associates Optical Shop,,147 Milk St,Boston,,02110,42.3576,-71.0544,3.0,8,1
7KLtCdLpHGXQAWEjS7ej6w,A F Ventolieri Plumbing & Heating,,,Boston,,02120,42.3319,-71.0988,4.5,42,1
7kXnluCrdqrjF2kWR2PCwg,Galleria Cleaners,,15 Revere St,Boston,,02114,42.3597,-71.0667,2.0,7,1
7L01cUul3TsLtYNJ1340hg,QDOBA Mexican Eats,,101 Causeway St,Boston,,02114,42.3649,-71.0618,3.0,40,1
7ldhMPx4MBqQu_1Yj61T-w,Cafe Gigu,,102 Meridian St,Boston,,02128,42.3728,-71.0393,4.5,36,1
7LFSgs2v3Kzjqd8SaRrB5A,Banh Mi House,,48 Winter St,Boston,,02108,42.3561,-71.0619,4.0,114,0
7li1JnbB_WKidEzJoIKX6Q,Barracuda Tavern,,15 Bosworth St,Boston,,02108,42.3571,-71.0607,3.5,289,1
7LYzR3mMr0GLEItUxyWY7Q,Fox And The Knife,,28 W Broadway,Boston,,02127,42.3427,-71.0565,4.0,185,1
7M6x9uKOpU8REqwagr-LiA,Yanet Restaurant,,734 Dudley St,Boston,,02125,42.3179,-71.0671,4.0,5,0
7M8GvBJ__D3Vua1AiwHXnQ,Boston Firm Mattress,,100 Beach St,Boston,,02111,42.351,-71.0582,1.0,7,1
7NbakqqaO7yBcHNcweZ8kw,Steve's Greek Restaurant,,316 Newbury St,Boston,,02115,42.3485,-71.0854,3.0,206,0
7NI-VH2ZmSeA-acvWDPBcQ,Air France Lounge,,300 Terminal Dr,Boston,,02128,42.3699,-71.0184,3.0,31,1
7NnkmhDUY79SdkwdYEwKJg,Inner Harbor Ferry,,Charlestown Navy Yard,Boston,,02228,42.3727,-71.0531,4.5,14,1
7nOzO1xieyaY6Rrlp4ClPg,Ben Sherman,,154 Newbury St,Boston,,02116,42.3506,-71.0781,4.0,15,0
7oD2oyEtAbKwYpzPrx2fZg,Zyp Home Cleaning,,,Boston,,02117,42.3483,-71.0734,3.0,10,1
7OeeR33JLLrHEj9qD97f8g,Scopa,,319 Hanover St,Boston,,02113,42.364,-71.0541,4.5,250,1
7oHLA4AMcQvDM4gkuUlyrA,Liberty Mutual Insurance Companies,,165 Dartmouth St,Boston,,02116,42.3474,-71.0756,1.5,65,1
7omGoSds2oUGTaxWhRvsmw,Rebecca's Cafe,,28 State St,Boston,,02109,42.3594,-71.0574,4.0,9,0
7OoqUJZU2bQvQN_IzXUVww,Anthony's Appliance Installs,,,Boston,,02132,42.2798,-71.1627,4.5,6,1
7Ou2B8nfGxoI6dm-nREktg,Whiskey Priest,,150 Northern Ave,Boston,,02210,42.3508,-71.0428,2.5,434,0
7P9PN7bJnVhdvRKhWUUxHg,Fenway Bark,,370 W First St,Boston,,02127,42.3384,-71.0443,4.0,58,0
7PQupFuVXlwNkyd0jzzh8g,Madina Market,,72 Brighton Ave,Boston,,02134,42.3525,-71.1288,3.5,29,0
7pV_lZa8FZz2_54BvwFywQ,Beijing Cafe,,728 Commonwealth Ave,Boston,,02215,42.3498,-71.1065,3.0,188,1
7QAJWpcE2y4gjdN4u0F4Lg,Handy Cafe & Catering,,554 Columbia Rd,Boston,,02125,42.3163,-71.0663,3.0,35,1
7qBi3FMT2Oz4Jj1hCWwawA,Bea's Nail Salon,,75 Blossom Ct,Boston,,02114,42.3649,-71.0668,3.0,23,1
7qEwmzw4ZN3Ja4Lu458_dA,Raising Cane's Chicken Fingers,,949 Commonwealth Ave,Boston,,02215,42.3517,-71.1188,4.0,300,1
7qG3HLTs8XEh-pyluVDFTg,Fung Wah Bus,,700 Atlantic Ave,Boston,,02111,42.3515,-71.0602,3.5,173,0
7qoXx--RRQnY06U-8LzKPw,Dog Breath Photography,,,Boston,,02108,42.3575,-71.0691,5.0,7,1
7QXDPhVbWYRiVO30LpbiZQ,Ball and Buck,,3 Lewis St,Boston,,02109,42.3633,-71.0518,4.5,8,0
7R10nH9Wi3O4S5XT37T4Wg,St Patrick Day Parade,,774 E 4th St,Boston,,02127,42.335,-71.0325,2.5,6,1
7R68Kg6adnzicSp5m5CjSw,Toasted Flats,,53 Chelsea St,Boston,,02128,42.3712,-71.0372,4.5,74,1
7R6MJALUagO2pX1sceR6yQ,Ivy Wine Bistro,,49 Temple Pl,Boston,,02111,42.3549,-71.0618,3.5,231,0
7rBRlkSPwOsVFxA73K9EOg,City Trees,,,Boston,,02116,42.3531,-71.0765,5.0,5,0
7RO7xuE6FguVbkDK8v0mnw,Souper Salad,,209 Berkeley St,Boston,,02116,42.3508,-71.0722,3.0,49,0
7s0jo1MPTW6dPxYNmnAk-g,Boston Body Works,,839 Albany St,Boston,,02119,42.3321,-71.076,4.0,30,1
7s5LoZe7ahFmeDdW5HJ7og,YAVA - Young Alumni Volunteer Association,,,Boston,,02228,42.3583,-71.0603,4.5,6,0
7Sh3oQIw3gXy8bs6tlbucw,McDonald's,,146 Tremont St,Boston,,02111,42.3552,-71.063,2.0,55,1
7ShwSS6NhqKg6QelWm7erg,CBD American Shaman,,227 Newbury St,Boston,,02116,42.35,-71.0817,4.5,14,1
7Sz9M3ufxKIY7_mKIbV5Gw,Families First Daycare Center,,465 Columbus Ave,Boston,,02118,42.3436,-71.0784,2.0,5,0
7T5dtNO8z8nfHJ0Ak4dvfg,Pok? Station and Kitchen,,313 Huntington Ave,Boston,,02115,42.3411,-71.0877,3.5,30,1
7TjJ70Yt62sgHSteIdESZw,August Bros Oil,,2 Shawsheen Rd,Boston,,02128,42.3845,-71.001,1.5,7,1
7ublUxUS36roD09fVtBm4g,MBTA - State Street Station,,200 Washington St,Boston,,02109,42.3588,-71.0574,2.5,11,1
7uiRFMg1LX7bXdYa5eT3ZA,Bostone Pizza,,225 Newbury St,Boston,,02116,42.35,-71.0816,4.0,152,0
7uVG6zP4VRccbPXG0WmiEg,Limoncello 2,,76 Salem St,Boston,,02113,42.3636,-71.056,4.0,12,0
7uVu1Eq_YAcm4E-GiH1uIg,J Hung,,1250 Washington St,Boston,,02118,42.3424,-71.0674,3.5,6,1
7uWIBEisXtqoFMhwNZsgyA,Kung Fu Tea,,66 Kneeland St,Boston,,02111,42.3505,-71.0607,3.5,175,1
7UXsha6WnrMVw9Xi7dlUUQ,The Grand Canal,,57 Canal St,Boston,,02114,42.3639,-71.0591,2.5,140,0
7V-5BOJcQri-8CyBHtmDww,Costello's Package Store,,1084 Boylston St,Boston,,02215,42.3469,-71.0882,4.0,6,0
7v7RXxijMm4KdTXgL5neGA,The Corner Mall,,417 Washington St,Boston,,02108,42.3559,-71.0605,2.0,44,1
7VC-r2s8pdV9w4PvzcXmcA,Leo's Bakery,,60 Old Colony Ave,Boston,,02127,42.3362,-71.0558,4.0,5,0
7vF6FZpKgrCELrHrLWZq1A,Red Barn Coffee Roasters,,350 Longwood Ave,Boston,,02228,42.338,-71.1057,3.5,23,1
7VN0vBzf-s55d5SLLqiCOg,Boston Rocks,,245 Quincy Market Pl,Boston,,02109,42.3601,-71.055,2.5,9,1
7vo-3csvzYvlqJxc6cMT4w,Arc'teryx,,352 Newbury St,Boston,,02115,42.3481,-71.0873,4.5,7,1
7Vppfv81JEWIiLl75v1_IA,The Christian Science Plaza,,210 Massachusetts Ave,Boston,,02115,42.3441,-71.0845,4.5,79,1
7vVIAyXooAQmNvQ1SHs4Mw,North Station Liquors,,103 Causeway St,Boston,,02114,42.3649,-71.0618,3.0,13,1
7w2RAZSpNi86tctvsFu_eQ,Mang?,,264 Hyde Park Ave,Boston,,02130,42.2925,-71.1175,5.0,10,1
7WA4dyhkjJSb8HV8X_0H_w,Starbucks,,2-4 Faneuil Hall Market Pl,Boston,,02228,42.3602,-71.0557,3.0,10,0
7y137ZlPjmNBcdVT2cr16w,Massachusetts Eye and Ear,,243 Charles St,Boston,,02114,42.3627,-71.0702,3.0,74,1
7ysLZWWRw4swz6x9d6KXwg,Ernesto's,,69 Salem St,Boston,,02113,42.3634,-71.0558,4.0,762,1
7z-65RX_iu6Blu4-oVFUHw,660 Washington Apartments,,660 Washington St,Boston,,02111,42.3518,-71.0624,2.0,23,1
7z5soAohVK0R8Sjlp5-JsQ,Twentieth Century Ltd,,73 Charles St,Boston,,02108,42.3582,-71.0704,3.5,22,1
7Z8D_pGD9tkpgro6IxNnNQ,Alton Lane,,91 Newbury St,Boston,,02116,42.3519,-71.075,4.0,38,1
7ZnOxNlzslLdq29iNh-IAw,Avenir Apartments,,101 Canal St,Boston,,02114,42.365,-71.0603,3.5,42,1
7ZSVn4GKOhQGtm7gRKMtjw,The Prime Shoppe,,104 Faneuil Hall Market Pl,Boston,,02109,42.3603,-71.0541,2.0,42,1
7ZuE9LturGs9JAJarZArjA,Bobson Realty Trust,,100 Huntington Ave,Boston,,02116,42.3472,-71.0774,1.5,14,1
8_n1Cb1134xVJeqSQ1NGcA,On the Move Moving Company,,360 Huntington Ave,Boston,,02115,42.3395,-71.0885,2.0,12,1
8--tWZ3ovFCwT9Fs5Mjvbw,Cafe 26,,26 Temple Pl,Boston,,02111,42.3554,-71.0621,4.0,248,1
8-2kX5Xl3zgfW-tb8eWzhQ,Trident Booksellers & Caf?,,338 Newbury St,Boston,,02115,42.3483,-71.0866,3.5,1838,1
8-dCsa-r86BORRb_hPNzvA,Panda Express,,800 Boylston St,Boston,,02199,42.3485,-71.0825,3.0,36,0
8-FoPVDnQAc0IBIzU32FyQ,Classique Hair Salon,,Logan International Airport,Boston,,02228,42.367,-71.0168,3.5,17,1
8-kY5VDKQ41ejoMo4CUMFQ,Boston Yoga Union,,1112 Boylston St,Boston,,02215,42.3469,-71.0887,5.0,6,1
801Vp0VcFsno9k3UadsgrQ,Petit Bateau,,171 Newbury St,Boston,,02228,42.3508,-71.0792,2.5,6,0
80iE10PKKa8zqeBxAwppSQ,Bulfinch Boston Realty,,255 Newbury St,Boston,,02116,42.3497,-71.083,4.5,35,1
82MH6VjO-ME6k0PnB6qz6w,Mike's Cafe,,190 High St,Boston,,02110,42.3567,-71.0523,4.0,39,0
84zJt4ZT3bE4aFIqRNqehw,Columbia Dental & Orthodontics,,653 Columbia Rd,Boston,,02125,42.3186,-71.0631,1.5,6,1
86fgULJwia8nlUplepxzyQ,Sargents Wharf Parking,,260 Commercial St,Boston,,02109,42.3642,-71.0511,2.0,6,1
87f7kR7nTz8WHnmtLM_S6w,O Ya,,9 East St Pl,Boston,,02111,42.3514,-71.0569,4.5,737,1
88sJo7s3LCpWbAoGbOk6wQ,Trico Long Distance Movers,,,Boston,,02215,42.3476,-71.1003,4.5,24,1
88TlAPCLtzA5oHFVVGSfHg,Happy Feet Spa,,150 Lincoln St,Boston,,02111,42.3511,-71.0582,4.0,99,1
89tBBT7GGmVFmhwUCN2rEQ,Bravo,,465 Huntington Ave,Boston,,02116,42.3393,-71.095,3.0,73,0
89WIDMz-hOjglnZfn93C5g,US Post Office,,7 Avenue De Lafayette,Boston,,02111,42.3533,-71.0612,2.5,14,1
89ypdwPCrP_AmwXE1FAquQ,Ajeen,,1219 Commonwealth Ave,Boston,,02134,42.3508,-71.1308,5.0,36,1
8a_P_6kYaIM2HdOEd0xzmg,Committee,,50 Northern Ave,Boston,,02210,42.3534,-71.0464,4.0,590,1
8A6U9PYdC9kmbIVhvZM7uw,Shanghai Restaurant & Bar,,232 Tremont St,Boston,,02116,42.3512,-71.0647,3.0,34,0
8AJ2qqTRc44H3ibBKDA_qw,Charles St Animal Clinic,,158 Charles St,Boston,,02114,42.3603,-71.0711,4.5,27,1
8BJLAhaaWcA8Q2SjV8f1eg,Cucchiello Bakery,,356 Bennington St,Boston,,02128,42.3797,-71.0267,4.5,11,0
8bmfU8a0NdaVjvxhS1JmMw,Daddy's Fried Dough,,Park Street T Station Boston Common,Boston,,02108,42.3566,-71.0624,4.5,30,1
8bwcYEdN5P2oQj_HGMMaDQ,Appleton Street Laundromat,,9 Appleton St,Boston,,02116,42.3465,-71.0703,4.5,29,0
8bZV2Q_zdehEn1bC9rIJHw,Avalon At Prudential Center,,780 Boylston St,Boston,,02199,42.3483,-71.0805,2.5,25,1
8cZbeE3GrSqTcIcbkj0Ejw,Sunny Florists,,9 W Broadway R123,Boston,,02127,42.3427,-71.0575,4.5,27,1
8DEg5Y9zEMpk6tuWgczinQ,Pan Asia Restaurant,,414 W Broadway,Boston,,02127,42.3368,-71.0478,2.5,81,0
8dkFRq2lfCX5xyn4USTiKQ,Rudi's Resto Caf? & Bar,,811 Massachusetts Ave,Boston,,02118,42.3328,-71.0725,3.0,21,0
8DMJ74QTxlpqy56zZ_3Vbw,Haymarket International Food Co,,88 Blackstone St,Boston,,02109,42.3614,-71.0562,4.0,15,1
8E5LXXnerIdrFFX5rVqPcQ,Tremont-On-the-Common,,151 Tremont St,Boston,,02111,42.3545,-71.0634,4.5,7,1
8EdGZMP3iRLkCjD4VG0evA,Align Dental,,31 Saint James Ave,Boston,,02116,42.3534,-71.0743,4.5,14,1
8EZ1G3_p5QMiqpvM6lqVlA,Benetton,,140 Newbury St,Boston,,02116,42.3508,-71.077,4.0,14,0
8fBZ-UUcmGWUgWaOXuLVJA,Sky Nail & Spa,,447 W Broadway,Boston,,02127,42.336,-71.0468,4.0,92,1
8GdieFTsjpQ5vo-fLzkT8A,Boston Bottle,,372 Commercial St,Boston,,02109,42.3661,-71.0515,4.5,14,1
8gw0OFCpj8VzGEJj-kbQCQ,Sweetwater Tavern,,3 Boylston P,Boston,,02116,42.3518,-71.0659,3.5,169,0
8gW1AUGU7u-xK8FxuDPt-A,Restaurant L,,234 Berkley Street,Boston,,02228,42.3433,-71.0636,3.5,7,0
8H3nPJsXnFg31K2L071w1A,Cocoanuts Boston,,28 Parmenter St,Boston,,02113,42.3639,-71.0553,4.5,19,0
8H4P9_mjJ410Q6_N8QghLQ,Vinalia,,34 Summer St,Boston,,02110,42.3548,-71.0595,2.5,56,0
8H4sOUe69eVkhtqgGRerxQ,Michael Labrecque Salon,,292 Newbury St,Boston,,02115,42.3489,-71.0847,4.5,41,0
8hfzAdcwLh5eFEYn-JB5hg,Madhouse Motors,,8 Rugg Rd,Boston,,02134,42.3548,-71.1357,5.0,24,1
8Hon6ey8TTIwKvqjwTrJCA,Louis Barry Florist,,Prudential Ctr,Boston,,02199,42.3482,-71.0808,3.5,15,0
8Hs6GKIaGoLLnY74leyNLQ,BBQ Chicken,,182 Harvard Ave,Boston,,02134,42.3511,-71.1312,3.5,235,1
8Hsfwy-58WEmp_RdlIQgWA,Liberty Bell Roast Beef,,170 W Broadway,Boston,,02127,42.3405,-71.0529,4.0,39,0
8I275yw-PcoFgiXROgdFMA,City Winery,,80 Beverly St,Boston,,02114,42.3645,-71.0589,3.0,303,1
8IIgIzb6CagBVyiwot-LdQ,Amici Italian Cuisine,,111 N Washington St,Boston,,02114,42.3656,-71.0581,3.0,46,0
8iJhLE0RW7gLcMIafEQ-8Q,Tactical-Moves,,90 Wareham St,Boston,,02118,42.3387,-71.0667,5.0,5,1
8j6EqEgy_SrOvmL-6gxuHw,Studio U,,1065 Commonwealth Ave,Boston,,02215,42.3529,-71.1235,4.5,57,0
8jEq6xx9xfQVUvnAtNXzOw,Alma Gaucha,,401 D St Boston,Boston,,02210,42.3436,-71.0446,4.5,36,1
8JWwx1Qo7DzbdKGps8l48w,Skin Rx Boston,,12 Ericsson St,Boston,,02122,42.2918,-71.0408,4.0,5,1
8jxuIcCA4muy2j83X-DnIA,Kaju Tofu House,,636 Beacon St,Boston,,02215,42.3496,-71.0953,4.0,135,1
8KmqrgF-vTNDepSUtQ_3mg,Cosi,,53 State St,Boston,,02109,42.3585,-71.0562,3.5,33,0
8KuXYt3eN1C5J9ozq2leDw,Bonney Brothers Cleaners,,12 Westland Ave,Boston,,02115,42.3432,-71.0867,2.5,5,1
8L-UyaVgiqJh2_EokKpz2Q,Skylight Jewelers,,44 School St,Boston,,02108,42.3577,-71.0597,5.0,18,1
8L6hUdwrGiF-RJDEtikzhQ,Devonshire Dental Associates,,,Boston,,02110,42.3613,-71.0483,3.0,13,0
8lmtnwrJpZOK28qMyGyITg,Pho Republique,,1415 Washington St,Boston,,02116,42.3412,-71.0706,3.5,163,0
8ly4-S_AgIJBBvZawC75-w,Vineyard Grille,,1 Harborside Dr,Boston,,02128,42.368,-71.0183,2.5,98,1
8M0tAAyPMfsvHNWWUQ237Q,JJ Foley's Bar & Grille,,21 Kingston St,Boston,,02111,42.3538,-71.0591,3.5,177,1
8MfhAUT_XIF9D1bIcpi7cQ,Stage To Sell,,78 N Beacon St,Boston,,02134,42.3542,-71.142,5.0,5,1
8mlbrG6stc1qYZH8jUfVSA,Our House East,,52 Gainsborough St,Boston,,02115,42.3418,-71.0873,2.5,82,0
8mP2CWt_Dx5QfFLQkjGa5w,Jarige Photography,,,Boston,,02128,42.3695,-71.0201,5.0,8,1
8mr1IVW7st5o3Ly_eF22bw,FedEx Office Print & Ship Center,,700 Albany St,Boston,,02118,42.3355,-71.0704,3.5,7,1
8nHAnmmh5mqp25T1v_ih8w,G & P Management Group,,163 Newbury St,Boston,,02116,42.3509,-71.0788,1.5,7,1
8nUuZj5DNa69iiyGbzEf_Q,Andy's Cleaners & Laundry,,1679 Washington St,Boston,,02118,42.3377,-71.0758,3.0,38,1
8OEhNrjjeAfpQ6coqRP0_A,Fitcorp,,77 Avenue Louis Pasteur,Boston,,02115,42.3384,-71.1033,4.0,15,0
8ofCsmE_YR-DLUoRhF7Tbw,Carmella's Market,,86 Cottage St,Boston,,02128,42.3679,-71.0353,4.5,35,1
8OlvNJkV6B4_h0GIijuuCw,Great Taste Bakery & Restaurant,,63 Beach St,Boston,,02111,42.3511,-71.0602,3.5,390,1
8pIlB0KHylC-Jga5wFD0kA,Wild Cherry,,15 Beach St,Boston,,02111,42.3513,-71.0623,2.5,25,0
8pTLIzJciZ9mg-veEPuyEg,Soft Surroundings,,100 Huntington Ave,Boston,,02116,42.3464,-71.079,3.0,5,0
8qF5_Wi2NaaOob1gwF_mOQ,Espana Painting Services,,41 Hano St,Boston,,02134,42.3558,-71.1374,5.0,26,1
8QGq6YchCeXcTgw3Qbk42w,Pat Corcoran's Mens Barber Shop,,200 Berkley St,Boston,,02116,42.3499,-71.0728,3.5,25,1
8qKsRvKOwqNMbMfdIQfueQ,Boathouse 400,,400 Soldiers Field Rd,Boston,,02134,42.3601,-71.1182,2.5,9,1
8qx1bWVkURVEGTSf2aDl6w,Utopia Cleaners,,99 Bedford St,Boston,,02111,42.3533,-71.0581,2.0,37,1
8r9U0UsxNezgmMfNMMFnFQ,Walgreens,,1065 Truman Hwy,Boston,,02136,42.2418,-71.1272,2.5,11,1
8RATRgstqOrMQ5s3LZXdog,Parlor,,1246-48 Washington St,Boston,,02118,42.3425,-71.0674,4.5,7,0
8rGM28jvWYYcfkgX_QcXsw,Abacus Builders & General Contractors,,190 Old Colony Ave,Boston,,02127,42.3335,-71.054,4.5,13,1
8RlpZ6QMUUytBVrlWxgw6g,Food For The Soul,,651 Warren St,Boston,,02121,42.3098,-71.0831,3.0,10,1
8RMMUl3Z6AZtyfh6exjCqQ,Royal Roast Beef & Seafood,,752 Bennington St,Boston,,02128,42.3856,-71.0108,4.0,116,0
8RUV3Lqi_sZ1ytK83HO5MA,Garbanzo Mediterranean Fresh,,134 Boylston St,Boston,,02116,42.3523,-71.0661,4.5,27,1
8s9_ehUEzDIb4Aa7BNazkQ,SKECHERS Retail,,417 Washington St,Boston,,02108,42.3559,-71.0605,2.5,11,1
8UgvbmJIEmiZfBtpyJK6pA,Le Patissier at Troquet,,140 Boylston St,Boston,,02116,42.3523,-71.0662,4.0,13,0
8UYhEzgkP_Tt49Vs5gqQOw,Tweed Barbers Of Boston,,1313 Washington St,Boston,,02118,42.342,-71.0684,4.0,243,1
8VHzD_vxEmeyZQZUIgpLCA,B.GOOD,,84 Summer St,Boston,,02110,42.3539,-71.058,3.0,144,1
8VsVz5-cgcdzUc30p_7lIw,DIRECTV,,,Boston,,02215,42.3476,-71.1003,1.0,68,1
8wbf9CsSptsd-xL8NudEmw,Jupiter Beauty Academy,,95 Freeport St,Boston,,02122,42.3052,-71.0576,5.0,5,1
8wD2-9HoBwprLV7U0uDFwg,Allen Edmonds,,25 State St,Boston,,02228,42.3586,-71.0571,4.5,13,1
8WoU7GmJmwU3vxjeieWWvA,The Wrap,,137 Massachusetts Ave,Boston,,02115,42.3469,-71.0879,3.0,9,0
8wow_BaQyAR3dpSVgLbCqw,Slainte Bar & Bistro,,28 W Broadway,Boston,,02127,42.3425,-71.0566,3.0,16,0
8wUaZU3HJXT_Zkq5vnjR1Q,City Cab of Boston,,,Boston,,02108,42.3549,-71.0661,1.5,51,1
8XDwj62XKgEL7qoMh0R5OA,Sky Energy Travel,,66 Kneeland St,Boston,,02111,42.3505,-71.0605,1.0,6,1
8XOzp1K8yO-LAmE4b4Hxaw,Wings Over Boston,,325 Huntington Ave,Boston,,02115,42.3409,-71.0881,2.5,181,1
8xuUthCjEwYO-40S7FPMqQ,Museum Of Fine Arts,,465 Huntington Ave,Boston,,02115,42.3394,-71.094,4.5,790,1
8xyC-LiMXB1pqDCj7_08Aw,Strayboots,,800 Boylston St,Boston,,02199,42.3483,-71.0825,4.5,6,1
8XZVP0PLiHhR4lSznu1Mow,Pathways To Wellness,,35 W Newton St,Boston,,02118,42.3389,-71.0737,4.5,15,0
8Y4gdYZHzsmabYoT1A-4kQ,Darque Tan,,830 Commonwealth,Boston,,02215,42.3505,-71.1127,2.5,43,0
8YBhAqgJ5wZwHkqwlSMDSg,Kraft & Schrott Dental Associates,,25 New Chardon St,Boston,,02114,42.3621,-71.0618,4.5,21,1
8YEpiSjIjvobDZKzltB-jQ,Intelligentsia Coffee,,225 Franklin St,Boston,,02110,42.3563,-71.0543,4.0,13,1
8z1x84dI3HyCCRkn1GBWdw,Hollywood Star Nails & Spa,,643 E Broadway,Boston,,02127,42.3355,-71.0388,4.0,53,1
8z3lst9OdWQOcJ54_R3K-A,McDonald's,,870 Massachusetts Ave,Boston,,02118,42.3315,-71.0704,1.5,71,1
8zbOkuB061SVpv_KPXv0Mw,Currito,,1 Harborside Dr,Boston,,02228,42.3666,-71.0162,3.0,109,1
8zbqEW6bASxbDZ1bqyDOsw,Speedway,,151 Old Colony Ave,Boston,,02127,42.3344,-71.0553,2.0,5,1
8zLHresim_7dPvkYSuBVzA,Menton,,354 Congress St,Boston,,02210,42.3505,-71.0484,4.0,488,1
9_si0rQEZdng0xRXgN21zA,Marco Polo,,274 Summer St,Boston,,02210,42.3504,-71.05,3.0,23,0
9-EPHqXRLN1-6UR-HpHudA,Marc Jacobs,,81 Newbury St,Boston,,02116,42.3519,-71.0748,4.0,52,0
902bFDnNeoS10uuej6GdUw,Salsa's,,118 Dorchester St,Boston,,02127,42.335,-71.0462,3.0,170,0
90ansQJOYIvGVUBps5qCmw,Wrapmi,,66 Kneeland St,Boston,,02111,42.3504,-71.0608,3.5,46,0
90hMVW_ivM7P3aGezBIquQ,Starbucks,,655 Atlantic Ave,Boston,,02111,42.3521,-71.055,2.0,7,0
91aDQQV8_OdFC6WIHq4gng,Lucia Ristorante,,415 Hanover St,Boston,,02113,42.3656,-71.0527,3.5,541,1
91PMm2MrFvY2oG3qMLMkFw,Super Duck Tours,,100 Terminal St,Boston,,02129,42.3829,-71.0554,2.5,69,0
91wq6Z-KZZ3v4p-Ucelrdg,Jimmy Choo,,100 Huntington Ave,Boston,,02118,42.347,-71.0772,4.0,8,1
92b1rDgOV20YEakeD_I3mg,Beth Israel Deaconess Medical Center,,330 Brookline Ave,Boston,,02215,42.3397,-71.1051,2.5,187,1
93bAG6r3fnTx1jx4jzWMTA,Koo De Kir Interior Design,,45 River St,Boston,,02108,42.2719,-71.0719,3.0,8,0
93T2a86FnXICglIk_ojmYw,MBTA - Ashmont Station,,1900 Dorchester Ave,Boston,,02124,42.2847,-71.0645,3.0,6,1
93xIHkFiIr3I89LI2Zm9pg,One Dog At A Time,,,Boston,,02118,42.3378,-71.0706,5.0,15,1
943fBDjPbEE600gMhQH9og,Gracenote Coffee,,108 Lincoln St,Boston,,02111,42.3516,-71.0581,4.5,180,1
95LTOX5eQ3rXgjoj89aQ8w,Solomon Carter Fuller Mental Health Center,,85 E Newton St,Boston,,02118,42.3366,-71.071,2.0,5,1
95pvhSK6klkQkwclpsQj8g,Joshua's Deli,,44 Batterymarch St,Boston,,02109,42.3575,-71.0539,3.5,40,1
96RV4GvZdPahV-brg3hnOQ,The North End,,,Boston,,02455,42.3636,-71.0547,4.5,106,1
97WXL08kn4T8qcJ0_SXk2w,Mariners House,,11 North Sq,Boston,,02113,42.3639,-71.0536,4.5,20,1
97zU-wt0cPV9KOgp6s6_HQ,Sakura Japan,,417 Washington St,Boston,,02108,42.3559,-71.0605,4.0,8,1
982VhM2PU19ifUfliIU6BA,Tasty Burger,,69 L St,Boston,,02127,42.3353,-71.0355,2.5,124,0
99GBd7ROX1f_mqr086aXWA,Oasis Guest House,,22 Edgerly Rd,Boston,,02115,42.3459,-71.0878,3.5,43,1
99qKO6j58KWCoqYouzTyDQ,Studio 24 Graphix & Printing,,1182 Blue Hill Ave,Boston,,02126,42.2839,-71.0913,4.0,14,1
99yW_vx5bNpuQFMvXYShMg,Church of the Advent,,30 Brimmer St,Boston,,02108,42.3579,-71.0716,4.5,8,1
9aVdsbAdqNtjQlx1t7voxQ,Thinking Cup,,236 Hanover St,Boston,,02113,42.3634,-71.055,4.0,572,1
9BmP5aQyuvbT-xwpcej1Yw,Futago Udon,,508 Park Dr,Boston,,02215,42.3476,-71.1059,4.5,282,1
9Bto7mky640ocgezVKSfVg,MiniLuxe Back Bay at 296 Newbury St,,296 Newbury St,Boston,,02115,42.3487,-71.0848,3.5,377,1
9CmB51XZH04gZkwM_TvlAQ,Max and Leo's Fenway,,82 Lansdowne St,Boston,,02215,42.347,-71.0983,2.5,28,1
9CmPtIFSPIRUlpDkXYfO4w,Advantage Rental Cars,,100 Tomahawk Dr,Boston,,02128,42.3685,-71.0302,1.0,95,1
9db6apYLOBTTGPMLBQ_zTg,Boston Book Annex,,906 Beacon St,Boston,,02215,42.3467,-71.1059,4.0,22,0
9dcMkKSd76iCIBLYHwfBdg,The Wild Duck Wine & Spirits,,660 Washington St,Boston,,02111,42.3518,-71.0624,3.0,11,1
9DiFgsgWTVsNxLM8I7ftKg,B.GOOD,,50 Northern Ave,Boston,,02210,42.3534,-71.0462,3.0,62,1
9E1YiYWjLXssZjJr0KV0sQ,Wrapmi,,779 Central St,Boston,,02130,42.2947,-71.1305,3.5,13,0
9FIg5HM3Sg4tz0iYIcjxQA,Max Studio,,100 Huntington Ave,Boston,,02116,42.3472,-71.0774,4.0,5,0
9fRLQWiwW8wpPczpXnQAuw,China House,,331 Hanover St,Boston,,02113,42.3642,-71.0538,3.5,79,1
9fWwm_0Lw5IHapHiiuVzYA,AAA Auto Tech,,1271 Dorchester Ave,Boston,,02122,42.3074,-71.0589,1.5,11,1
9giqdVvjMkdwuDHWWn56EQ,Grass Roots Cafe,,101 Arch St,Boston,,02110,42.3548,-71.0592,4.5,139,1
9gk_ktiwQIW8epBTzKeHEA,Buckingham Apartments,,240 Commonwealth Ave,Boston,,02116,42.3503,-71.0822,4.5,11,1
9gV2YmOzoNlya1CD6lGSXQ,D'Guru Restaurant,,187 Devonshire St,Boston,,02110,42.356,-71.0575,3.5,143,1
9HbjZRGqPhf39D3LZtlJSQ,AIDS Action Committee of Massachusetts,,75 Amory St,Boston,,02119,42.3207,-71.0998,4.0,7,1
9hKJwCK1aJfPHA3KBBn60g,AutoZone,,184 Border St,Boston,,02128,42.3747,-71.0407,5.0,5,1
9HnVH2UDb4KSCOKzFl8u8Q,Eleven West,,11 West Broadway,Boston,,02127,42.3424,-71.0569,4.0,8,1
9hTI2_9upvC5JI0oju1PtQ,Sissy K's,,6 Commercial St,Boston,,02109,42.3594,-71.0537,3.0,320,1
9HVf34sOQTFHpItj9eKvzg,Shawmut Place,,231 Shawmut Ave,Boston,,02118,42.3439,-71.068,3.0,25,1
9iEygczV7IdXdZcC3jZWBg,Hudson Carpet & Flooring,,,Boston,,02117,42.349,-71.074,4.5,7,1
9ig-xgReo12m13AF3Gwoyw,Which Wich,,324 Newbury St,Boston,,02115,42.3484,-71.086,2.5,24,1
9iGoR5-wXJfe2Tpuh58XtA,DeLuca's Market,,11 Charles St,Boston,,02114,42.3565,-71.0695,2.5,73,1
9iJ0yUXiGrnIWac-4WcggA,Sal's Ristorante & Pizzeria,,205 L St,Boston,,02127,42.3314,-71.0354,3.5,61,1
9Iwq-C66_1gJ2ouri0GjrQ,South Bay Veterinary Group,,587 Tremont St,Boston,,02118,42.3435,-71.0731,4.0,55,1
9J0Q8aCLaAIRKHdS9KZArQ,J Pace & Son,,75 Blossom Ct,Boston,,02114,42.3649,-71.0668,4.0,61,1
9j0yaRp5dGs_9Zpzajx4Fw,Laundro Magic Coin-op Laundromat,,59 Westland Ave,Boston,,02115,42.3439,-71.0884,4.0,30,1
9J1pjynBlD3g60SuCnG0gg,Extra Space Storage,,41 Norwood St,Boston,,02122,42.2919,-71.0462,3.0,10,1
9JC_BWqlxQhoUtFDLDI51g,Skin MD Boston,,209 Newbury St,Boston,,02116,42.3502,-71.081,4.5,30,1
9JdZYh-OF_gpo5ioAdkzdQ,Aquitaine,,569 Tremont St,Boston,,02118,42.3438,-71.0724,4.0,904,1
9Jiax4wZ94ZmMcMzmpdvJA,Victoria Seafood Restaurant,,1029 Commonwealth Ave,Boston,,02215,42.3522,-71.1217,3.5,318,0
9kSxRSi7fsAKWZksbSYtEQ,South End Community Health Center,,1601 Washington St,Boston,,02118,42.3383,-71.0749,3.0,32,1
9kwkBVZij0Vz2GzxARwG0Q,Noodle Street,,627 Commonwealth Ave,Boston,,02215,42.3499,-71.102,3.0,336,1
9kzW4uPNdm0tsmN3AKFs8A,Hard Rock Cafe,,22-24 Clinton St,Boston,,02109,42.3608,-71.0551,3.0,313,1
9lje-m58URdq9AOm7KJ9Ww,Boston's Locksmith,,,Boston,,02116,42.3587,-71.0567,4.0,13,1
9Lq02-rtpaTJh_gnGfoSJw,Clarke's At South Station,,720 Atlantic Ave,Boston,,02111,42.3514,-71.0561,3.5,34,0
9m678PeuzwYamIf6sysUHg,Marliave,,10 Bosworth St,Boston,,02108,42.357,-71.0603,4.0,1295,1
9mClygXHgT32dBxwBvGLww,The Gallery,,100 Stuart St,Boston,,02116,42.3508,-71.0657,3.0,12,1
9meBoSjZh52HiwtB5LaWvQ,Mister Q Cafe,,283 Main St,Boston,,02129,42.3776,-71.0668,5.0,29,1
9n3O8_2dFFFKkOSLIQPkOQ,Subway,,144 Tremont St,Boston,,02111,42.3553,-71.0628,4.0,5,0
9N6qfxyNAd-AKIU47_0qDg,JF McCloskey Mechanical,,,Boston,,02124,42.2826,-71.0676,5.0,5,1
9NfthqHCsSnzdsGhq8FZDA,Black Seed Cafe Food Cart,,,Boston,,02128,42.3695,-71.0201,4.0,5,1
9nh19TrTD6OoiEiOuCoejA,Cactus Grill,,44 Maverick Sq,Boston,,02128,42.3701,-71.0392,4.0,94,1
9NmYT87ECEMuS76Pa09NTA,Kutrubes Travel Agency,,328A Tremont St,Boston,,02116,42.3486,-71.066,3.0,5,1
9nnpEXSa44UHoaUVOzSz1w,Boom Crispy Chicken,,22 Kneeland St,Boston,,02111,42.3509,-71.0621,3.0,64,0
9ns2ZT6o49gMk1Vij2WQkQ,Torii,,745 Atlantic Ave,Boston,,02111,42.3503,-71.0571,5.0,21,1
9NSxY7UocGcbVzxHHsI-5A,Greenline Realty,,1956 Beacon St,Boston,,02135,42.3362,-71.1507,2.0,35,1
9NXoLkHS2VjRDUK_DuQNow,King's Chapel Burying Grounds,,48 Tremont St,Boston,,02108,42.3587,-71.0599,3.5,13,1
9NZJqXn3bQtOb7doLr6QXQ,Great Bay,,500 Commonwealth Ave,Boston,,02215,42.3486,-71.0952,3.5,48,0
9o6kBMaTISQmqY-r3Q1uQw,Tiffany & Co,,4 Copley Pl,Boston,,02116,42.3487,-71.0772,3.5,79,1
9O76GbJJ1mFI_j2CzIFxUQ,Stefano Sub & Pizza,,863 Washington St,Boston,,02124,42.2816,-71.0713,4.0,9,1
9ognPN4NTfLp_0EIcwbRPQ,Blackstone Urban Landscapes,,41 W Newton St,Boston,,02118,42.3392,-71.0742,3.0,6,1
9P7UIaVLBj_zWT3pReGi5g,Holiday Inn Express & Suites Boston Garden,,280 Friend St,Boston,,02114,42.3648,-71.0616,3.0,69,0
9PLGvlh7gi8AMjL_4VySBA,New Shanghai,,21 Hudson St,Boston,,02111,42.3506,-71.0603,3.0,114,0
9pqWP-QlJafRxB05prtPVA,MASS Masonry and Stone,,,Boston,,02127,42.3278,-71.0532,4.0,5,1
9QWnAOefEJXVcp-C5dZZNw,Thai Spa of South Boston,,620 E Broadway,Boston,,02127,42.3356,-71.0394,4.5,64,1
9rQ4JM_WDMMPFpb340zl6A,Blaze Pizza,,123 Stuart St,Boston,,02116,42.3513,-71.0656,4.0,176,1
9RQA3ZKM61bxgKT6vcT5EQ,Thom Brown Shoes,,331 Newbury St,Boston,,02115,42.3487,-71.0864,3.5,29,0
9rx9UJTz4Ph_xXd4PzjR6g,Exhale Back Bay,,28 Arlington St,Boston,,02116,42.3516,-71.0703,3.5,297,1
9rXqPMzSKbOOzE7vQKzGiw,Oakwood Corporate Housing,,1 India St Lbby 1,Boston,,02109,42.3589,-71.0542,3.5,11,1
9S_2t2Y-cf61_2huAZADuw,Papa John's Pizza,,1224 Dorchester Ave,Boston,,02125,42.3088,-71.0578,2.0,61,1
9ST46wSnkpf3U-YXWuJ53w,Hing Shing Pastry,,67 Beach St,Boston,,02111,42.3511,-71.06,4.0,135,1
9taeXt4yjXR7J7Z9Ry9MtQ,Avana Sushi 2,,58 Franklin St,Boston,,02110,42.3558,-71.0584,3.5,121,1
9tePy1FB6j0AzXxclgoXFA,MyStryde,,456 Hanover St,Boston,,02113,42.367,-71.0529,4.0,20,1
9TLpz9sndFxi2ucjNAGK2g,Nu Flav Restaurant,,1100 Blue Hill Ave,Boston,,02124,42.2869,-71.0902,3.0,11,1
9tm5RvNb8eLQ4W4FUtGUsg,Agoro's Pizza Bar and Grill,,356 Chestnut Hill Ave,Boston,,02135,42.3368,-71.1516,3.5,41,0
9TZQ9zhPBMQt77SK0jmEEw,UFood Grill,,201 Brookline Ave,Boston,,02215,42.3445,-71.1016,3.5,47,0
9U_u8DY8DWWAokNBv5VLvg,City smoke shop,,87 Salem St,Boston,,02113,42.3636,-71.0557,4.0,12,1
9u4AVpijoGqz1wSrwZTmrQ,FoMu,,201 Brookline Ave,Boston,,02215,42.3444,-71.1018,4.5,13,0
9uMX0EV-ueIQ4JoHj6V6fw,El Rancho Restaurante,,309 Bennington St,Boston,,02128,42.3789,-71.0278,3.5,12,1
9UpstujNF6_95u6vqUobwg,Dorfman Jewelers,,24 Newbury St,Boston,,02116,42.3523,-71.0725,4.0,7,0
9uYa1bl3ajS0R9bRraNkbw,Tradesman Coffee Shop & Lounge,,58 Batterymarch St,Boston,,02110,42.3574,-71.0535,4.5,143,1
9VGECwLbj29RljD2WVSzaw,Porters Bar & Grill,,173 Portland St,Boston,,02114,42.3643,-71.0617,4.0,247,1
9VN2GViTo-N-8QpoJq8_wg,Levenger,,800 Boylston St,Boston,,02199,42.3485,-71.0823,3.0,27,0
9VnWiOiY9htOUiBIIjkgAQ,The Urban Hound,,129 Malden St,Boston,,02116,42.3393,-71.0661,4.0,70,1
9VXqiTWxisVKN_RHFagOsw,Jack Wills,,179 Newbury St,Boston,,02116,42.3507,-71.0795,3.5,10,0
9wEMicZRp7n-hid_n5IeRw,Boston Center For Adult Education,,122 Arlington St,Boston,,02116,42.3491,-71.0693,3.5,59,1
9WHRGfoy66R_FF_5Gl3CvQ,Sedurre,,28 1/2 Prince St,Boston,,02113,42.3645,-71.0544,4.5,12,1
9WnOkJI0A9e8ZV6QAAu4TQ,Boston Realty Net,,665 Boylston St,Boston,,02116,42.35,-71.0788,4.0,34,1
9X-7Lb0y8gDkpXPjLig1aQ,Luxie Nails Spa,,85 Salem St North End,Boston,,02113,42.3637,-71.0557,3.5,27,1
9XjtRd_oKfH8N1dbsZHr-g,Azure,,710 Boylston St,Boston,,02116,42.3493,-71.0798,3.5,44,0
9XnhJphs8bLueRlyQ_ynrw,Tremont 647,,647 Tremont St,Boston,,02118,42.3422,-71.0754,3.5,733,0
9XovFXshYZEqA-4v2mzh6g,The Squealing Pig,,134 Smith St,Boston,,02120,42.3347,-71.102,3.5,410,1
9xsBo1pVgGdMs3CylUM5BA,Professional Staffing Group,,155 Federal St,Boston,,02110,42.3537,-71.0566,1.5,199,1
9Ya0K9LAHtYjzHo4fBWRog,Aceituna Grill,,100 Federal St,Boston,,02110,42.3553,-71.056,4.0,30,1
9YC31tR_ucpkSgF5uw6uxg,Trillium Garden at the Substation,,4228 Washington St,Boston,,02131,42.2862,-71.1281,3.5,17,0
9yeIj42YFqINAmB_ETS51g,Motor Mart Garage,,201 Stuart St,Boston,,02116,42.3509,-71.0681,2.5,15,1
9Yf92nb9hFWnzbeYtXV4bw,Maria's Pastry Shop,,46 Cross St,Boston,,02113,42.3633,-71.0565,4.5,557,0
9yiUccioRQ3btyJ906wNCQ,Circle Furniture,,31 St James Ave,Boston,,02116,42.3509,-71.0718,4.5,13,1
9ylWOjNH4ldduzaF0FFylA,Tonkatsu King,,1 Brighton Ave,Boston,,02134,42.3529,-71.1253,3.5,7,0
9YNfftsuSHNJRcMWi6bkGg,Lilly Pulitzer,,133 Newbury St,Boston,,02116,42.3513,-71.077,3.5,27,1
9z2eHz3gpzHqaH1qqUpe7g,Bursky Locksmith,,,Boston,,02116,42.3531,-71.0765,3.5,29,1
9z9D8KilPI4mCSKYkQUpbg,Windsor Button,,35 Temple Pl,Boston,,02111,42.3551,-71.0621,4.0,80,0
9zfnjSHwpx1fgCb7zeHTzQ,CRP Mobile,,,Boston,,02114,42.3653,-71.0646,5.0,22,1
A_aHKSwxj2yg_FIkdQ1L0A,Boston's Best Dog Walkers And Pet Services,,,Boston,,02210,42.3589,-71.0568,5.0,19,1
A--_gxXUMp4caZzQlLPLoA,Temazcal Tequila Cantina,,250 Northern Ave,Boston,,02210,42.3488,-71.0384,3.0,834,1
A-0bsmOLw9w9ed029NyMOg,New England Trips,,8 Faneuil Hall Marketplace,Boston,,02109,42.3606,-71.0542,5.0,32,1
a-Ba_Ol_lOO6yXZChdJrhA,Osaka Express,,8 Park Plz,Boston,,02116,42.3514,-71.0661,3.5,11,0
a-Oqqof5Fu6HUezdSfYiEw,Muscarella's Market,,570 Tremont St,Boston,,02118,42.3434,-71.0724,4.0,19,0
a-Q_GrOrCYIUOYBzsp0Y3A,Shabumaru,,10 Huntington Ave,Boston,,02116,42.3486,-71.0771,3.5,140,1
A-xThdCQ4jG87idnL9mbUw,Walgreens,,1603 Washington St,Boston,,02118,42.3382,-71.0749,2.5,33,1
a0DnGNhPevoKQBAO_YMd1A,RadioShack,,43-45 Winter St,Boston,,02108,42.3562,-71.0617,2.5,7,0
A0lW0lQ1KFKwDG7r78ALOQ,Boston Best Rate Movers,,40 Rugg Rd,Boston,,02134,42.3558,-71.1356,4.5,81,1
a0WtG8K4ChwWOx6rAMOIeQ,Your Neighborhood Locksmith,,,Boston,,02132,42.3587,-71.0567,4.5,33,1
a0Y7sq1I3rbR7rXYDmUhCg,Mother Juice,,700 Boylston St,Boston,,02116,42.3495,-71.0777,3.5,9,0
a12oPoj3p2-dhcJUnGV1ew,Armani Cafe,,214 Newbury St,Boston,,02116,42.3498,-71.0807,3.0,25,0
a17mI6DjjfWDL6dpZS6oBg,Brownstone,,111 Dartmouth St,Boston,,02116,42.3464,-71.0754,3.5,376,1
a1KwXvNaX2JlAjpyRQAeuA,Turnstyle - South End,,310 Harrison Ave,Boston,,02118,42.3458,-71.0631,4.0,61,1
a1Lpv5JvMXbnwMoymIDA2A,Fillbelly's The Kitchen Kingz,,,Boston,,02127,42.3365,-71.0349,4.0,6,1
a1mep8SOK7R2LWP73eBdQw,Comm Ave Associates,,1101 Commonwealth Ave,Boston,,02215,42.3521,-71.1251,3.0,69,1
a1MOjLJXAIVmYZ2cG5gKCw,Sportello,,348 Congress St,Boston,,02210,42.3506,-71.0485,4.0,841,1
a2ba5E1Kk1UHC3YJjl7lmA,Caprice International Burger Bar,,275 Tremont St,Boston,,02116,42.3501,-71.0654,2.0,5,1
A2evQRGDm1dOoEmXeTOygw,Gourmet India,,1 Faneuil Hall,Boston,,02109,42.3603,-71.0545,3.5,56,1
A2vd8aqElnnBPRSHLfR7cQ,Hungry Traveler,,29 Court Sq,Boston,,02108,42.3584,-71.0594,3.5,39,0
A36yAxx3VqbYUbkGHI8b3Q,Pan Roma Pizzeria & Grill,,1026 A Commonwealth,Boston,,02215,42.3516,-71.122,2.5,54,0
A3fd8jBtRnW8HODwaQHzig,Guild of Boston Artists,,162 Newbury St,Boston,,02116,42.3504,-71.0785,3.0,5,1
a3p77nnJtZvJSLiLZRf1FA,India Quality Restaurant,,484 Commonwealth Ave,Boston,,02215,42.3486,-71.0944,4.0,756,1
a4ROEHdQNqYwsQ8OlOY2Sw,Wine Riot,,519 Tremont St,Boston,,02116,42.3449,-71.0709,3.5,14,0
A5A8dP2q7_j1_jmKDjDz6w,Haru Sushi - Boston,,55 Huntington Ave,Boston,,02199,42.3469,-71.0803,3.0,492,0
A5qgYfVjnKP7J4KXEmgGOw,Mei Sum,,36 Beach St,Boston,,02111,42.3517,-71.0618,4.0,147,1
a5sHUBXmdhkVzKReUB9LKg,Michael W Marcus,,82 Marlborough St,Boston,,02116,42.3535,-71.0757,2.0,17,1
A5tBxUgSieBIfjc3nffhHg,Halftime Pizza,,115 Causeway St,Boston,,02114,42.365,-71.0614,3.5,142,1
a7-IFobWsjczZjCR3tWGHQ,Banana Republic,,200 State St,Boston,,02109,42.36,-71.0532,2.0,7,1
a74NJ0ftVg85t-PFnJpfUg,Subway,,560A Washington St,Boston,,02124,42.2873,-71.0711,2.5,5,0
A75aCQIoEGaSwnS8AN24DA,The Tobin Bridge,,Tobin Memorial Bridge,Boston,,02228,42.3857,-71.0465,2.5,17,1
A78A1DoDEDqYFKrGolKIvA,Frank Anthony's Gourmet Market,,9 Fan Pier Blvd,Boston,,02210,42.3536,-71.0458,3.5,38,1
A7GU9vH_jvvOePZ2xJStdg,Muffler Mart of Boston,,1579 Columbus Ave,Boston,,02119,42.322,-71.0987,3.5,49,1
A80xSSmFMIxguZtildFiBw,The Velvet Fly,,28 Parmenter St,Boston,,02113,42.3639,-71.0553,4.0,18,0
A86KZNesn79wjY8_V4zZew,PS Gourmet Coffee,,106 Dorchester St,Boston,,02127,42.3352,-71.0459,4.0,121,1
a8Cl4k2amYa_So1EJzdYQQ,Nusr-et Steakhouse,,100 Arlington St,Boston,,02116,42.3501,-71.0698,3.0,19,1
a8g7yBgZGH99u4WV6lJsgg,Boston Bagel Company,,753 E Broadway,Boston,,02127,42.3355,-71.0353,2.5,138,1
A8hdnFBTViSstuq5jDX17g,Tobacco Exchange,,28 Chelsea St,Boston,,02128,42.3708,-71.038,4.5,18,1
a8qD4rxFb-v2I6YR71HLiQ,honeygrow,,1282 Boylston St,Boston,,02215,42.3446,-71.0967,3.5,128,1
A8SjGitXFoni_RhKVoyMog,Sepal,,374 Massachusetts Ave,Boston,,02115,42.3419,-71.0834,4.0,5,0
A8yAdoOQXTyC27fBcUOQ1w,Modern Taekwondo Center,,618 Gallivan Blvd,Boston,,02122,42.2836,-71.0506,5.0,5,1
a9FzRw0b98SXh9hRlmQj_g,M·A·C Newbury Street,,112 Newbury Street,Boston,,02116,42.3512,-71.0758,4.0,121,0
A9SHJ6_SfU6NQDUyfF4TJg,East Meets West Catering,,212 Northern Ave,Boston,,02210,42.3518,-71.0376,5.0,18,1
A9ZkCEKrK5cKTYXXCbyiEA,DaCoopas Pizza and Subs,,474 Saratoga St,Boston,,02128,42.3801,-71.0272,4.0,81,1
Aa_mYBOlhNaqKPO95ml1wQ,Nud Pob Thai Cuisine,,738 Commonwealth Ave,Boston,,02215,42.3498,-71.107,4.0,356,1
AA2jVRlADaTgkCFVpp8V6Q,Chalky C Photography,,,Boston,,02127,42.3584,-71.0598,4.0,8,1
AA3s5dGi0fQCwBZnhFb2eQ,Ma Soba,,156 Cambridge St,Boston,,02114,42.361,-71.0647,3.0,304,0
aA8DmbQ2lk8Dp9KRn19fwg,Bocca Buona,,169 Chestnut Hill Ave,Boston,,02135,42.3419,-71.1543,2.5,11,0
aaktzsZj7Nq_y58VIy8uKg,I AM Books,,189 N St,Boston,,02113,42.3633,-71.0536,5.0,14,1
aAntWIjPrU3Pf4Pr_m7dBg,Napoles Restaurant,,1233 Bennington St,Boston,,02128,42.3899,-70.9968,3.0,19,1
aaojZNaGq1WlxXDarKRKjg,Webster Bank,,100 Franklin St,Boston,,02110,42.3555,-71.0576,3.5,5,1
AaqNXyWanL7-BnN7HTzVBQ,McGoo's Pizza,,479 W Broadway,Boston,,02127,42.3355,-71.0459,3.0,59,1
AaSLHUU2Vg6QgZY0x_NefA,Lapels Dry Cleaning,,54 Old Colony Ave,Boston,,02127,42.3366,-71.0558,1.5,9,1
aaV2fMJqHq34hDH0C6-KXQ,Dunkin' Donuts,,111 Causeway St,Boston,,02114,42.3644,-71.0629,3.0,12,0
AAYolAh1a1lu-mAQRuTW7g,Mobile Auto Clinic Towing Service,,,Boston,,02472,42.3703,-71.1793,4.5,20,1
AAZFsMBLNgNg58eA06bFJA,Sombrero Chiquito,,197 Mass Ave Boston 02115,Boston,,02115,42.3452,-71.0871,4.5,16,1
Ab8P-9kKhJUfFABi7ZPMuQ,Halal Indian Cuisine,,736 Huntington Ave,Boston,,02115,42.3337,-71.1054,3.0,121,1
aBe7oe5cYDxb_tk5PVyWDw,Murr Center at Harvard,,65 N Harvard St,Boston,,02163,42.3671,-71.1254,4.5,5,1
ABG4xvKXITBt8Kv9rq1cIQ,Tribe Barber,,50 Concord Sq,Boston,,02118,42.3419,-71.0796,5.0,17,1
AbITtapcz_5G95M-lDvusQ,Anytime Property Solutions,,,Boston,,02125,42.3589,-71.0568,5.0,5,1
ABrcH2VyNxv5jrIYfg80dA,Madewell,,329 Newbury St,Boston,,02115,42.3488,-71.0864,4.0,38,1
AbXyqYjyF8XsfXGeN1MZbw,Old City Hall,,45 School St,Boston,,02108,42.3581,-71.0593,3.5,7,1
aByN1vRZfZuygaFOlU-5WQ,Caribbean Flavors,,1210 Blue Hill Ave,Boston,,02126,42.2829,-71.0914,3.0,6,1
AClplhNKWXqRetv6pXMvXg,John P McHugh Electric,,,Boston,,02129,42.3795,-71.0646,5.0,8,1
ACm-lXU8f5AZhPKGOxF0wg,Espresso Love,,33 Broad St,Boston,,02109,42.3585,-71.0545,4.0,144,1
acRkrnOMeIiJSdbIBqDJvQ,Double Chin,,86 Harrison Ave,Boston,,02111,42.3508,-71.0614,3.5,503,1
ACXu01eoX9TVfBWozhrezg,Pottery Barn,,122 Newbury St,Boston,,02116,42.3512,-71.0764,2.0,7,0
aD60bUJ4ACQnJNdSShCWvQ,Il Giardino Cafe,,132 Brookline Ave,Boston,,02215,42.345,-71.1006,4.5,12,0
aD6zYhUx6P-UrtUJ0hARXw,Sicilia's Pizzeria,,840 Commonwealth Ave,Boston,,02215,42.3506,-71.112,3.0,129,0
ADCKoNQtBj_j45NTh56ccQ,Jobi Liquors,,170 Cambridge St,Boston,,02114,42.361,-71.065,3.5,19,1
AdekgFYmv6ATzEyupUX9nA,Rebecca's Cafe,,1 Beacon St,Boston,,02108,42.3585,-71.0608,2.0,8,1
aDRDzghCECHdNgjYGglRPg,Faneuil Hall Marketplace,,4 S Market Bldg,Boston,,02109,42.3598,-71.0545,3.5,427,1
adwsprhs0CgZNCQ1FRfYQg,UNI,,370 Commonwealth Ave,Boston,,02215,42.3486,-71.0886,3.5,450,1
ae-86bFfaupr_9BjfnlVDw,McDonald's,,702 Washington St,Boston,,02111,42.3511,-71.0627,1.5,14,0
AeCWjKKSYn12xy329l1b8w,Hertz Car Sales Boston,,450 William F Mcclellan Hwy,Boston,,02128,42.3919,-71.0129,2.5,7,0
aehgQxttnq8h6LEKsu9T7g,The Hill Tavern,,228 Cambridge St,Boston,,02114,42.361,-71.0667,3.5,246,1
AenmGkpEdP2qjsrJ-EwQNA,Battery Wharf Grille,,3 Battery Wharf,Boston,,02109,42.3674,-71.0503,3.0,8,1
aF1MWG2ERIVg_zp4TdzsGg,Boston Fencing Club,,100 Holton St,Boston,,02135,42.3599,-71.138,3.5,6,1
afbcQ4v7W_YzBKyVJVvM9A,Arianna Gold Skincare,,151 Tremont St,Boston,,02116,42.3545,-71.0634,3.0,34,0
aFD76viyy3AURuYnb_6A4Q,101 Bakery,,56 Beach St,Boston,,02111,42.3515,-71.0605,3.5,124,1
AfdJ_eAIX-wku97dUwlfIQ,Domino's Pizza,,163 Old Colony Ave,Boston,,02127,42.3341,-71.055,1.5,65,1
aFe9kuO2AJHeK3_97oSboA,Continental Airlines,,,Boston,,02128,42.3695,-71.0201,2.5,7,0
AFLkrZdA1yihw6J8yuJizQ,TR Street Foods,,343 Congress St,Boston,,02210,42.3506,-71.0494,4.0,22,0
AfmXvQWK7WtQGqQ7dbAKyw,Galleria Umberto,,289 Hanover St,Boston,,02113,42.3637,-71.0543,4.5,644,1
AfoSWzx3ebQpt5SwHKC-tA,Economy Parking Logan Airport,,Prescott St,Boston,,02128,42.3766,-71.0268,2.0,24,1
AfsNZlHod7C80OdTeJ_coQ,APM coffee,,99 Kneeland St,Boston,,02111,42.3496,-71.0603,4.5,32,1
afwA7CrHMBsmAdWEd0HdKg,Caffe Nuovo,,76 Salem St,Boston,,02113,42.3636,-71.0559,3.0,62,0
AG1ETqbneinRRJUeA8PfSA,Flemings Prime Steakhouse & Wine Bar,,217 Stuart St,Boston,,02116,42.3506,-71.0686,4.0,679,0
Ag4LkZ6mH-wM04xVfngAGA,Dr. Weiner's Pet Care Center,,272 Huntington Ave,Boston,,02115,42.3415,-71.0863,2.5,6,0
agfClrqtM5Fqf2GhXt521w,Platino's,,59 Meridian St,Boston,,02128,42.3715,-71.039,5.0,5,1
aGhS1lfz9GzMSvhHAa3P4A,Tasty Burger,,2306 Washington St,Boston,,02119,42.3301,-71.0841,1.5,15,0
AGLFLXkERfLzoUatZGnznw,Dunkin' Donuts,,2 City Hall Sq,Boston,,02108,42.3578,-71.0594,2.5,12,0
AGR_kBvN__I7aTl0rBywAg,Atlantic Fish Company,,761 Boylston St,Boston,,02116,42.3492,-71.0811,4.0,2575,1
aGTKy7N54o-ZcXEilPwENw,MetroCab,,84 Braintree St,Boston,,02134,42.3563,-71.136,1.5,135,1
agWTQIOzNFMT-OIE4UD6Gw,Red Dog Pet Resort & Spa Boston,,274 Southampton St,Boston,,02118,42.3315,-71.0636,3.5,152,1
agxFvxeIabbA-TRvRw4YfQ,Jimmy John's,,413 D St,Boston,,02210,42.3448,-71.0434,3.0,59,1
aGYdF_fNHDhFCAnXoTCkGA,Boston Sail Loft,,80 Atlantic Ave,Boston,,02110,42.3625,-71.0505,4.0,846,1
aH-E56it_hM8Ks8Qcei0tQ,Churrascaria Vulc?o,,203 Adams St,Boston,,02122,42.3022,-71.0607,4.0,30,0
ah0zGtQokkWPcgFBeBaGSQ,Samson Movers,,,Boston,,02215,42.3476,-71.1003,4.5,26,1
AHaaxF5ERCuLDvcC6xnQJQ,Pret A Manger,,507 Boylston St,Boston,,02116,42.3508,-71.0748,3.5,148,0
AhFFh96YexpVdr0RTndtKQ,North End Nails,,113 Salem St,Boston,,02113,42.3643,-71.0554,3.5,57,0
AHgRWXw3IMe5WHktt3f6Xg,Crudo,,78 Salem St,Boston,,02113,42.3637,-71.0559,4.0,271,1
AHZMbcuI2tGmwxe9LB85BA,Papagayo Downtown,,15 W St,Boston,,02111,42.3546,-71.0622,3.0,226,1
ahznfhd0E-IzitJelz55JA,East Boston Diamond & Gold Exchange,,378 Chelsea St,Boston,,02128,42.3793,-71.0282,4.5,6,1
Ai-FFF4MVS4U806WOU87PA,Elegance of Asia Hair Salon,,27A Tyler St,Boston,,02111,42.3507,-71.0609,3.5,6,1
aI869kgg8Eyg1oRoZCYZTw,Blo Blow Dry Bar,,437 Columbus Ave,Boston,,02116,42.3439,-71.0779,4.0,249,0
AIBp7CZNAqzLlLc_Kpc9JA,Copley Square,,560 Boylston St,Boston,,02116,42.3501,-71.0761,4.0,50,1
AIcLknEtoFICeBca9hSAzw,The Pooped Pooch,,2284 Dorchester Ave,Boston,,02124,42.2727,-71.0679,5.0,39,1
AiHUQSP7nbRWZi2Wv-LMcg,Warrior Ice Arena,,90 Guest St,Boston,,02135,42.3575,-71.1443,4.0,11,1
aiku3jd6v6N2NOu21IaldA,The Medieval Manor Theatre Restaurant,,246 E Berkeley St,Boston,,02118,42.3434,-71.0631,3.5,113,0
AiL2xAbeI4CJDTqyFAcAAg,Hynes Convention Center,,900 Boylston St,Boston,,02115,42.3474,-71.0842,4.5,7,1
AIO6i8VhMqIUts0c7SSdPg,Corner Cafe,,502 Massachusetts Ave,Boston,,02118,42.3393,-71.0801,3.0,43,0
AiQPgbtYloyNoJs1Ke7wxw,Plaza III,,101 S Market St,Boston,,02109,42.3599,-71.0555,2.5,19,0
aiurspJ9FAto_bp6kvCtfA,Steriti Memorial Rink,,561 Commercial St,Boston,,02109,42.3681,-71.0573,4.5,27,1
aIxfBPUs8sg4rg4lncsErg,Statewide Cleaning,,,Boston,,02130,42.3097,-71.1151,5.0,19,1
aiXrSPAKp8HFuBTs55P52A,Jimmy John's,,380 Western Ave,Boston,,02135,42.3627,-71.1376,3.0,29,0
AIxtu-eZgQqqvqCpqRIukQ,Downton Abbey: The Exhibition,,130 Columbus Ave,Boston,,02116,42.3496,-71.0703,3.0,9,0
aiZmwNtRiwse1zriV4sfEQ,Salon Mirabella,,118 Lewis Wharf,Boston,,02110,42.3633,-71.0501,4.0,26,1
aj1nVeZcE6fLn8y1iRg3PQ,? deux: bespoke wedding paper,,,Boston,,02129,42.3807,-71.0692,5.0,6,1
aJc2Kj6B8_-uQ6alYTlpCg,Moversaurus,,420 Rutherford Ave,Boston,,02129,42.3796,-71.0718,5.0,5,1
ajcn7LM7slvAfJua6oBSyA,The Gryphon House,,9 Bay State Rd,Boston,,02215,42.3502,-71.0932,4.5,18,0
AJEu9qBF1oLY6mqlek1gYg,Regina Pizzeria,,1330 Boylston St,Boston,,02215,42.3443,-71.0984,4.0,149,1
AJgchUjL8WDlWm6LAVnMUw,Blue Fuji,,106 Cambridge St,Boston,,02114,42.361,-71.0632,3.0,10,0
AjH2BdL_lN81gtTo_arv4A,Gypsy Bar,,116 Boylston St,Boston,,02116,42.3524,-71.0657,2.5,252,0
AJhBwy7TpKiaUUq0xQdbiQ,Odessa Shoe Repair,,113 High St,Boston,,02110,42.3548,-71.0544,2.5,27,1
AjPE8KPBgefDuN81V6kPpQ,Ledge Kitchen and Drinks,,2261 Dorchester Ave,Boston,,02124,42.2732,-71.0678,3.0,161,0
ajqbpJWSdnRiYIUrVX4F0Q,IL DECOR,,10 St James Ave,Boston,,02116,42.3509,-71.0708,2.0,8,1
ajsTomAquR_QXzqSFjn4dA,Mass Floor Care,,35 Linden St,Boston,,02122,42.3061,-71.0594,5.0,5,1
AjtgE9M6nyYm3v3Ow7Xdag,State Financial Services,,197 Portland St,Boston,,02114,42.3645,-71.0617,1.5,19,1
Ajw-lsWsKmReqTXqblA4Ow,Johnson Paint,,355 Newbury St,Boston,,02115,42.3484,-71.0876,4.5,14,1
aK6odON41CXMaGP6_pS4Sw,Joint Ventures Physical Therapy and Fitness,,1079 Commonwealth Ave,Boston,,02215,42.3524,-71.1239,4.5,48,1
AkaYjquGGgmjvmnii8eELQ,Gourmet Dumpling House,,52 Beach St,Boston,,02111,42.3515,-71.0607,3.5,1990,1
akef33PeEd1XSM2GvsXr7g,Boston Children's Theatre,,527 Tremont St,Boston,,02116,42.3449,-71.0709,4.0,5,1
aKkBBvvvDlatW2eHWBJwkQ,Venezia Restaurant Boston,,20 Ericsson St,Boston,,02122,42.2928,-71.04,3.5,207,1
aKkc5MTTfXgNSIMAfdq_wQ,Robin's Flower Shop,,1 Devonshire Pl,Boston,,02109,42.3583,-71.0574,4.5,38,1
aKKC9PCAPtUvoSfcb5_S5g,The Upper Crust,,245 Summer St,Boston,,02210,42.3514,-71.0539,2.5,12,0
akl1PmHnaM6wwH_Hm1lWhw,Mi Rancho Restaurant,,45 Meridian St,Boston,,02128,42.3715,-71.0388,3.5,24,1
AKMozsUddYF2B7mLvar9Jw,Uptown Espresso Caffe,,563 Columbus Ave,Boston,,02118,42.3411,-71.0815,4.0,73,0
akOIitIoXuCRbcKH01uSCQ,Town Nail & Skin Salon,,380 Commercial St,Boston,,02109,42.3664,-71.0518,4.5,17,1
aKvu62EcEWcHgGArrf-d8w,Tertulias,,28 Porter St,Boston,,02128,42.3746,-71.0378,3.5,17,1
aL3CK8-sOSMXdnt87OMY0A,SoWa Art + Design District,,450 Harrison Ave,Boston,,02118,42.3427,-71.0649,4.0,21,1
aLfnFb8yVJutc8DM10EpYQ,Starbucks,,48A Northern Ave,Boston,,02210,42.3535,-71.0465,3.5,10,1
ALmxhnBnmNzQd12Q2k0X3w,Rader's Engraving,,333 Washington St,Boston,,02108,42.3571,-71.0594,4.0,26,1
aLnLMUxHGmt5H5rhaMRjZg,Billy Sweet Chimney Sweep,,,Boston,,02120,42.3319,-71.0988,4.0,16,1
Alq-zjJOfiS_0sTxYqm9xg,Dirty Water Dough,,222 Newbury St,Boston,,02116,42.3497,-71.0811,4.0,469,1
AlWFJgPVptPynau60S9D2Q,Cindy's Nails,,179 Portland St,Boston,,02114,42.3644,-71.0617,4.0,6,0
ALxl5ywfF-AEfZcG5kUXfA,Santander Bank,,437 Rutherford Ave,Boston,,02129,42.3806,-71.0708,2.5,5,1
AM_hgkcQzQQMR1RlhYmlSA,No Rest For Bridget,,220 Newbury St,Boston,,02116,42.3498,-71.081,4.0,21,1
Am6BQFn5Ngg7RzePnDMNSw,Jill Miller Esthetics,,236 Commercial St,Boston,,02109,42.3638,-71.0514,5.0,7,1
AMeMr_ZjJhYj0C_2bNW5Ew,Tonic,,3698 Washington St,Boston,,02130,42.2999,-71.1132,3.5,33,0
aMf7UzHHd08CibfH1Rz8ug,C Mart Supermarket,,692 Washington St,Boston,,02135,42.3509,-71.0615,3.5,80,0
aMgKk2W1iEb3ChzkyuvrvQ,HUB Appliance,,36 Boutwell St,Boston,,02122,42.291,-71.0518,4.0,20,1
AMhmAE947u0zl0gA887g9A,Caffe Graffiti,,64 Cross St,Boston,,02113,42.3651,-71.0554,3.0,51,0
AmkRFJBsx2VMRTjB5Kx4tQ,Yankee Line - Boston,,370 W First St,Boston,,02127,42.3384,-71.0444,5.0,6,1
ANLPqO8fAV4LuMqfnHk_jw,Wish,,49 Charles St,Boston,,02114,42.3617,-71.0663,4.0,29,0
annpkdk--tmAg2JW3OJQiQ,Murl's Kitchen,,143 Washington St,Boston,,02121,42.3045,-71.0797,4.5,23,1
AnokOQ1vTvrb01pASrO0wg,Matthews Arena,,238 St Botolph St,Boston,,02115,42.3415,-71.0843,4.0,16,1
ANryRDsywhydO3EOA2rJAg,Lilo's Plates,,511-583 Atlantic Ave,Boston,,02210,42.3529,-71.0554,3.5,8,0
ANS_99in7H56CgBPoELspQ,Tony & Elaine’s,,111 N Washington St,Boston,,02114,42.3656,-71.0581,4.5,139,1
aOBqXcnzunLd3oAkyT6Ldg,Prudential Dental Associates,,575 Boylston St,Boston,,02116,42.3506,-71.0766,3.0,85,1
AoDYvRivl8uAmP886cOReg,Fenway Properties,,125 Jersey St,Boston,,02215,42.3425,-71.097,4.0,10,0
AOiNvHQUa5tAJN7Xt4176A,Tiki Rock,,2 Broad St,Boston,,02109,42.3589,-71.0543,3.5,361,1
aOIzCEqLWS_hQNYMxUvgrw,Boston Public Library - Connolly Branch,,433 Centre St,Boston,,02130,42.3206,-71.1111,4.5,6,1
aOKjV_k05zc58O_bM5WsRQ,Dollar Car Rental,,110 Huntington Ave,Boston,,02110,42.3467,-71.0787,2.5,18,1
AONXtm1So3Znutr-8YHWpw,Advantage Hair Salon,,111 High St,Boston,,02110,42.3552,-71.0544,4.5,100,1
AOQB_DBNZj_8ErPgI2kMiw,Boston Bicylce,,842 Beacon St,Boston,,02215,42.3474,-71.1034,3.0,11,0
AoSJb1w2VH-SDt02Ys4i1w,'47,,286 Newbury St,Boston,,02115,42.3489,-71.0845,3.0,36,0
AoujoyCAgetxMBc1X1sc1Q,Cogliano Dental,,105 Atlantic Ave,Boston,,02110,42.3615,-71.0525,5.0,6,1
APhJqjYQvR89TJ9Pe3nU9w,Subway,,45 High St,Boston,,02110,42.3549,-71.0542,2.5,9,0
apIHa_sfOox4DQkWE4u3ow,Umai,,224 Newbury St,Boston,,02116,42.3498,-71.0812,3.5,218,1
ApLPa2gDY4P5j6k2bEbhIg,Salon Marc Harris,,125 Broad St,Boston,,02110,42.3571,-71.0521,4.0,51,0
aPpN1AeiLHn-PwA05Z51wg,Panera Bread,,450 Boylston St,Boston,,02116,42.3509,-71.0735,2.5,163,0
aPPOXIAe4rcBlutAN7O8tw,Boston for the Dogs,,,Boston,,02130,42.3097,-71.1151,4.0,17,1
APwNiclRVJxkOK-Yd5U2_w,Yummy Express,,106 Cambridge St,Boston,,02114,42.361,-71.0632,2.5,6,0
Aq3wevEhM87VGCk8cmArTQ,The Savant Project,,1625 Tremont St,Boston,,02120,42.3338,-71.1035,3.0,191,0
aQ3yttyVtlfa0Ywfcs4bDg,Boston 1 Dragon Boat Team,,88 Sleeper St,Boston,,02210,42.3538,-71.0487,5.0,8,0
aQMOkldId9kpiu0nuQvhpA,Baco Banh Mi,,1095 Commonweath Ave,Boston,,02134,42.3523,-71.1253,4.0,20,0
AqWBjqlI3CMOo-oTKZf8sg,Cappy's II,,309 Huntington Ave,Boston,,02115,42.3412,-71.0875,3.0,39,0
AqZCQB0EdQCJM1s4yS4OXA,Bright Hockey Center,,65 N Harvard St,Boston,,02134,42.3676,-71.1259,3.5,11,1
arKnK3vj1xa1nigl1uHVAQ,Amelia's Taqueria,,1076 Boylston St,Boston,,02215,42.3469,-71.088,3.0,6,1
arnbjQR2n0-6-iqdBB_gHw,The Point,,147 Hanover St,Boston,,02108,42.3617,-71.057,3.5,204,1
ArOpJWNQUxZb728-eLw2tA,New Sushi,,106 Cambridge St,Boston,,02114,42.361,-71.0632,4.0,140,1
AroWr8-II-Y4kq6LK-IWHQ,Radisson Hotel Boston,,200 Stuart St,Boston,,02116,42.3504,-71.0674,4.0,34,0
ARqD8o02qtuC4dwcTeBM1g,PRESSED,,120 Charles St,Boston,,02114,42.3592,-71.0709,4.0,124,0
ARUNI6MX3rRqEwUxOp3_Ig,Flock,,274 Shawmut Ave,Boston,,02118,42.343,-71.0688,4.0,29,1
AS2tXMg5jdQH3BOORb38ug,Timeless Teas,,85 Newbury St,Boston,,02116,42.3517,-71.075,4.0,6,0
ASp0SCj7n7Z-5054r2kfAA,Newbury Visions,,215 Newbury St,Boston,,02116,42.3502,-71.0812,4.5,70,1
aSR5XbPdNC5qp67SAvcGyw,Boston Children's Hospital,,300 Longwood Ave,Boston,,02115,42.3373,-71.106,3.5,99,1
aSTL1RH10FzstL7sGzSVrg,Colonial Shoe Repair,,101 Summer St,Boston,,02110,42.3535,-71.0581,4.5,70,1
ASunPHiTSQfNcSSF9935ww,City Convenience,,130 Dartmouth St,Boston,,02116,42.3465,-71.0758,2.0,9,1
aSx-cNdKzmMxduIABDioXA,American Eagle Outfitters,,201 Newbury St,Boston,,02116,42.3504,-71.0805,3.5,10,0
aT9XgKItacn8bI58Gqb7mg,Dollar Tree,,950 American Legion Hwy,Boston,,02131,42.2761,-71.1157,2.5,8,1
atA0yKTxJIUfQVRcWCrmFg,Gibson House Museum,,137 Beacon St,Boston,,02116,42.3547,-71.0741,4.0,14,1
AtFpPsn8tTwDaD71AQB-YQ,Boston By Foot,,87 Mount Vernon St,Boston,,02108,42.3584,-71.0679,4.5,59,1
atg8IauALhyYs_vv_XcN2Q,Peter Pan The Show,,City Hall Plz,Boston,,02109,42.3599,-71.0583,3.5,10,0
atxmaoBCVzD3EJpEq1hHmQ,Squeeze Juice,,53 State St,Boston,,02109,42.3585,-71.0562,3.5,12,1
au32y5Bj3yLxY3V0ikIN1Q,Sushi Factory,,140 Brighton Ave,Boston,,02134,42.3528,-71.1318,2.5,138,0
auC1XuU-7japsW66a-7Wvg,minigrow,,565 Boylston St,Boston,,02116,42.3507,-71.0764,4.0,73,0
audTz9Mp9sOhuZTDkM_lNA,Siam Bistro,,151 Pearl St,Boston,,02110,42.3546,-71.0535,3.5,192,1
aUKkrd7MeJyQk3q3frHN6A,Urbgardens,,,Boston,,02118,42.3378,-71.0706,2.5,6,1
AUOfrGDyh6RVaPKnShVuDA,Crossfit The Taj,,133 Federal St,Boston,,02110,42.3543,-71.0564,3.0,17,0
AUthGbl0FsDRaQgfmTdtnQ,Winmil Fabrics,,111 Chauncy St,Boston,,02111,42.353,-71.0612,4.0,94,0
aUzMHQULsVEkjRP-zDDj5w,The Wine Shop,,370 Western Ave,Boston,,02135,42.361,-71.1375,4.5,7,1
avfpGtDJqeK07U7jdJ0Uww,Bulfinch Yacht Club,,234 Friend St,Boston,,02101,42.3643,-71.0611,2.0,8,1
AVmOM_to8rvH6wUYpKCW1A,Boston Pizza Express,,1026A Commonwealth Ave,Boston,,02215,42.3516,-71.122,3.0,44,0
aVWx-leShBUsDvJoPZDtvA,Longchamp Boston,,139A Newbury St,Boston,,02116,42.3512,-71.0772,3.5,29,1
aVXmLL7Y-ywXrdJReQd3Rw,MBTA Bus Route 111,,Woodlawn,Boston,,02130,42.2987,-71.1124,2.5,10,1
AVZOTI4I6ZHArOZspBuiqw,Charles Street Liquors,,143 Charles St,Boston,,02114,42.3603,-71.0707,4.5,74,1
AW3ZQw48dI2SN13QaVwOnA,Back Bay Tailors,,160A Commonwealth Ave,Boston,,02116,42.3513,-71.0786,3.5,11,1
AW850xyNUeevLD3HrpuViA,Tous Les Jours,,24 Tremont St,Boston,,02108,42.3587,-71.0597,4.0,56,0
aWciCVQxlkSh84-Fsl2Q2g,LIT Boutique,,223 Newbury St,Boston,,02116,42.3501,-71.0816,3.5,54,1
AwNf_rOK7YiT90LKy9SIeQ,SpanishBlackbelt,,71 Commercial St,Boston,,02109,42.3613,-71.0529,5.0,6,1
awNipd67RPoN6qy1P6z2hg,Rosticeria Cancun 2,,145 Meridian St,Boston,,02128,42.3737,-71.0388,4.5,13,0
AwPLmcnw6AJp4KM7SqUzDw,Original Kelly's Landing 11,,81 L St,Boston,,02127,42.3348,-71.0354,3.0,7,0
AwTkLfIvGdsCa2WSriWy7Q,Starbucks,,364 Brookline Ave,Boston,,02215,42.3386,-71.1063,3.5,20,1
AXbyYBfo5PejaT7x1WqIJg,Dot Cafe,,1459 Dorchester Ave,Boston,,02122,42.3009,-71.0601,4.5,31,1
AXggxnpksbGrEMYj05EX2A,Wheelock Family Theatre,,Wheelock College,Boston,,02215,42.3431,-71.1051,4.5,17,1
AxHvlLigmE1-B3RoxbLqrQ,Sweet Caroline's Modern Kitchen & Bar,,1260 Boylston St,Boston,,02215,42.3449,-71.096,3.0,156,0
AxM9u5LN27QECw-X5d_SFQ,Presidential Properties,,17 Myrtle St,Boston,,02114,42.3595,-71.0652,4.0,41,1
axmb-uAWhGwJLrjoen0KOg,Starbucks,,97 Charles St,Boston,,02114,42.3589,-71.0706,3.5,49,1
AXpay6R_gFs0KFT81rHlzQ,The Threading Place,,248 Meridian St,Boston,,02128,42.3759,-71.0394,4.0,5,1
AXQaXPvk5JVMyyZc5jZpRA,Enterprise Rent-A-Car,,996 Commonwealth Ave,Boston,,02215,42.3513,-71.1206,3.5,60,1
AxUka2Wv-0MlK5Xh38kqxw,The Male Encounter,,,Boston,,01906,42.4682,-71.0141,4.5,5,1
aXZvTioWPFS3xqd9zW18pA,Classic Tuxedo & Custom Clothing,,253 Newbury St,Boston,,02116,42.3497,-71.0829,4.5,13,1
AY8M7-n0kS6q4rNIr3qRtw,Paintzen - Boston,,,Boston,,02201,42.3582,-71.0585,4.0,8,1
Ayg4nFe5j3YV5apItPQ9Wg,Night Star Convenience,,63 Harvard Ave,Boston,,02134,42.3541,-71.1324,5.0,7,0
ayi5mpJJ2ttyGWGyy9B8iw,BSC Lab,,699 Boylston St,Boston,,02116,42.3499,-71.0793,4.0,25,1
AyKYWdnnAJIkDht7BjSggQ,Lauren Methia Photography,,,Boston,,02460,42.3468,-71.2072,5.0,7,1
aYlIvAqd6cnHX6AGkhjq5Q,Chacarero,,101 Arch St,Boston,,02108,42.355,-71.0587,4.0,407,1
ayoATz1SVvC_EOjcF1GMDw,Rouge,,480 Columbus Ave,Boston,,02118,42.3428,-71.0786,3.0,7,0
aYpHWQGaQizMObrUkcuPUg,Covet,,391 W Broadway,Boston,,02127,42.3372,-71.049,5.0,36,1
AYXI075xCbAK-B-acG1Hyw,Waterline,,296 State St,Boston,,02109,42.3602,-71.0509,3.5,60,1
AYxtDjXVDqDusFMSOkOkvA,Tatte Bakery & Cafe,,125 Summer St,Boston,,02110,42.3531,-71.0571,4.0,107,1
AYyHjfDLb9LUJtPP_5CAwQ,Boston Baby Photos,,,Boston,,02187,42.27,-71.07,5.0,5,1
ayzDygu0mbJJywL-9xoC7w,Blue Mountain Jamaican Restaurant,,884 Morton St,Boston,,02126,42.281,-71.0846,4.0,26,1
az0DEo7NfL1Y8IKxLD1L_A,Starbucks,,Boston Logan International Airport,Boston,,02128,42.3632,-71.0248,1.5,16,0
Az3_GJA9xAkKa3haMx-jAw,Louie's Hair Cuts,,712 Commonwealth Ave,Boston,,02215,42.3498,-71.1057,4.0,93,1
Az5MrQxmTdZko9Hwsqb6dQ,Emerson Cleaners,,768 E 4th St,Boston,,02127,42.335,-71.0331,4.5,38,1
aZc0q-ZZmre4yF5OZAae9A,Dunkin',,616 Massachusetts Ave,Boston,,02118,42.337,-71.0772,2.0,21,1
AzfLOF1I2K3GvxTSnUbNLA,Sakkio Japan,,417 Washington St,Boston,,02108,42.3559,-71.0605,4.0,8,1
azSfeYs59hB5Gk-vi4KZjA,kate spade new york,,117 Newbury St,Boston,,02116,42.3515,-71.0763,3.5,33,0
B_cbCsK4zUw8xQHsAowxQQ,Classic Harbor Line Boston,,60 Rowes Wharf,Boston,,02110,42.3564,-71.0502,4.5,95,1
B_WRwm9rPZkYGuDJ_qf5gw,Super 88,,50 Herald St,Boston,,02455,42.3462,-71.0651,4.0,8,0
b07S96AmlcQ1C7yRA78LRA,Clarendon Wine,,563 Boylston St,Boston,,02116,42.3507,-71.0763,2.5,28,0
b0sI1rqlHe1bCGtEX00VGw,Kitty World,,279 Newbury St,Boston,,02228,42.3494,-71.0841,3.0,6,0
B1CEV6oRmeCtIBoTW2gh6Q,Jazz Cafe & Bar,,4174 Washington St,Boston,,02131,42.2877,-71.1266,3.0,6,0
b1g-9AqvIifEiL1ESJeBAQ,Berkshires,,1 Hotel Dr,Boston,,02128,42.3674,-71.0234,2.0,9,1
b1V2uZeviVnbYQd5Z_U32A,European Car Doctors,,61 Brookline Ave,Boston,,02215,42.3476,-71.1003,4.5,40,0
B2AY-Yv8iMHcin5avYeKMg,Saint,,90 Exeter St,Boston,,02116,42.3484,-71.0787,3.0,110,0
B2rMRUYL-BIOWrzNuMsxzw,Dunkin',,330 Congress St,Boston,,02210,42.3512,-71.0493,2.5,26,1
B2wTQLIoiXmqeSkAbi4zDg,Raymond Personal Tailor & Men's Clothing Store,,160 Federal St,Boston,,02110,42.3543,-71.0559,5.0,34,1
B2xamOLRnClKRAYgfEtuUw,Tammy Tan,,,Boston,,02116,42.3531,-71.0765,5.0,9,1
b3pIGHFgjtP2E4ZHB9a6nw,I-CE-NY at Boston,,217 Newbury St,Boston,,02216,42.3501,-71.0814,4.0,91,1
b3rqnZDXxJ1hk5oIGhCN-Q,Boston Center for Oral Health,,400 Commonwealth Ave,Boston,,02215,42.3485,-71.0911,3.5,23,1
B3UN8a02SDAMe5L7MOR9TA,Pan Asia,,720 E Broadway,Boston,,02127,42.3358,-71.0364,2.5,28,1
B3YtTTP0QSQpOJOgItkhzw,Society Barbershop,,770 Tremont St,Boston,,02118,42.3395,-71.0797,5.0,11,1
b4q4YyMd-AsttEAqwM3TEQ,Kang's Corner,,56-B Gainsborough St,Boston,,02115,42.3418,-71.0874,4.5,25,1
B4R8XBinqG0eW4yYM7GrJg,Workbar - South Station,,711 Atlantic Ave,Boston,,02111,42.351,-71.0565,4.5,16,0
b4z2TotXXgxU1HWV2IRTcw,Soul Clap,,,Boston,,02138,42.3803,-71.1389,5.0,6,1
b5C3SePK2dRHNsxWqi3SZA,Alexandria Pizza & Grill,,1252 Washington St,Boston,,02118,42.3423,-71.0673,2.5,74,1
b5e7gDTSi0cei_Wj1GwAeA,Flagship Merchant Services,,20 City Sq,Boston,,02129,42.3722,-71.0609,1.0,28,1
b5ETACFHwW1PQAmqtBxgLA,Laura Preshong Ethical Fine Jewelry,,558 Tremont St,Boston,,02118,42.3437,-71.0717,4.5,46,1
B5yYnr3KY1RuGy6L1Y8AWw,Cathedral Station,,1222 Washington St,Boston,,02118,42.3428,-71.0669,3.5,51,1
b6pNVT4nWMAXJgkj03C_KA,Firehouse Subs,,545 Boylston St,Boston,,02116,42.3509,-71.0759,3.5,66,0
B6YsI_cwt4lWvJZsRpQYww,Los Pinos Mexican Restaurant & Grill,,82 Bennington St,Boston,,02128,42.3761,-71.036,4.0,9,1
b6zd49pnAkSfMRE_Oqq0-g,Broadway Haircutters,,670 E Broadway,Boston,,02127,42.3358,-71.0377,4.5,10,1
B7c8DC2uh9cQpZEoxJT-3A,Eastern Bank,,265 Franklin Street,Boston,,02110,42.3565,-71.0534,1.5,38,1
B7SpY52onPIJRQmH7InIKw,Espresso Dave's Coffee Catering,,,Boston,,02127,42.3365,-71.0349,4.5,5,1
B7VRpVK7ndV3R-jPHxC8qw,Kung Fu Video & Dvd,,365 Washington St,Boston,,02108,42.3566,-71.0596,4.0,6,1
b8_a5LuSt0Gcy-TZIvDl3g,Black Lamb,,571 Tremont St,Boston,,02118,42.3437,-71.0726,4.0,98,1
B9NAv0fZWsLn_QMW5YOUHQ,Sweet Tooth,,371 W Broadway,Boston,,02127,42.3377,-71.0496,4.0,237,1
b9v6v6I08pU8zNV6aryAUg,Winston Flowers - Boston Design Studio,,160 Southampton St,Boston,,02118,42.3317,-71.0671,5.0,16,1
B9WNtC3FE85Bbv7IV1Gadg,Viyada Thai Spa,,336 Newbury St,Boston,,02115,42.3483,-71.0865,3.5,9,1
bakFk82wplnGcTstpa4Esg,Town Nail & Skin Salon,,336 Newbury St,Boston,,02115,42.3483,-71.0865,3.5,264,1
Bap_m5iTSk_GaXl3IoY-5A,South End Realty Group,,476A Columbus Ave,Boston,,02118,42.3429,-71.0784,3.0,20,1
basuTtwCRDVO1SC5X8hEXA,Garden Cafeteria,,465 Huntington Ave,Boston,,02115,42.3396,-71.0945,3.0,8,1
BaxJO4LgFOpK2Y-t_ceOsQ,Ramada by Wyndham Boston,,800 Morrissey Boulevard,Boston,,02122,42.295,-71.0469,2.0,95,1
bAZ8mgLxx65zBkk22TnARQ,'sPoochies Spa and Boutique,,400 Tremont St,Boston,,02216,42.341,-71.0773,3.0,5,0
bb5s03u6XlFAOcOgUJrnIg,Food Basket,,563 Columbus Ave,Boston,,02118,42.3411,-71.0815,3.5,15,1
BBblBHBnjpepOP1Q1kfi1A,Pho Pasteur,,682 Washington St,Boston,,02111,42.3514,-71.0627,3.5,1322,1
BbbtEqlLyNWKnWia8ZIlIw,WOW air,,1 Harborside Dr,Boston,,02128,42.3634,-71.0258,1.5,222,0
bbCSUtzuJZ2seJkHsUA0QA,MGH Department of Obstetrics & Gynecology,,,Boston,,02108,42.3549,-71.0661,2.0,5,1
BbE5D_kYjwmiovf-BNLNbw,YourMechanic,,,Boston,,02108,42.367,-71.0826,3.5,13,0
BBJ5hooyHnri8bA8FloWag,Dunkin' Donuts,,1350 Tremont St,Boston,,02120,42.332,-71.0929,3.5,7,0
BbnYarlqCZkR5PP-Gqy8oA,Ichiban Yakitori Sushi House,,14 Westland Ave,Boston,,02115,42.3433,-71.0866,3.5,157,1
bBt8lvPhK-6AFn5p1CaSXQ,Phuong's Hair Salon,,1031 Dorchester Ave,Boston,,02122,42.3154,-71.0568,3.5,18,0
bC_zfsWM5adXVsx4TAtuZQ,Lady M Cake Boutique,,304 Newbury St,Boston,,02115,42.3487,-71.0851,3.5,204,1
Bc71TJztUhmkmvl-_4e-kA,B-Sure Home Inspection,,,Boston,,02108,42.3498,-71.0702,4.5,40,1
BCFDatZ72MzHNqcJI4yy-w,Felt,,533 Washington St,Boston,,02111,42.3541,-71.0622,2.5,169,0
bCHfiQiL0UxX05457pqtEg,Jalapenos,,1277 Commonwealth Ave,Boston,,02134,42.3496,-71.1333,3.0,44,0
bclq6O9fVfxaWpq1Bmz1xA,The Castle at Park Plaza,,130 Columbus Ave,Boston,,02116,42.3496,-71.0703,3.5,12,1
bD14X8OcKEU-ToxYDBKs6Q,Figaro's,,105 Beach St,Boston,,02111,42.3507,-71.0582,4.5,152,1
Bd1V6LG6kiq0_2kcNTlW8g,Centre Bar,,1664 Dorchester Ave,Boston,,02122,42.2935,-71.062,4.5,6,0
bD93te3PFTpzSDmTbCnb5g,Fresh Cheese Deli,,20 Fleet St,Boston,,02113,42.3646,-71.0529,4.5,11,0
bDeZ23VSXVSIiSg-lJHrnw,British Airways,,1 Harborside Dr,Boston,,02128,42.3699,-71.0195,2.5,34,1
BDFi8SI6ZqHV5wlfviXXNA,Lapels Dry Cleaning,,4 Longfellow Pl,Boston,,02114,42.3632,-71.0644,3.0,14,0
BdM6Ub0iw68c3-Lx9rHU1A,North Face - Boston,,326 Newbury St,Boston,,02115,42.3487,-71.086,3.5,38,1
BDqDlf2e52d0dXR_XBcdHA,Tremendous Maid,,,Boston,,02124,42.2826,-71.0676,4.0,38,1
bdWj8_TgF8cmiWMJC6qpCw,Lobstah On A Roll,,537 Columbus Ave,Boston,,02118,42.3417,-71.0808,4.5,402,1
be0GC6K6HrakBxAEmFzpsA,Jennifer's Frosty,,,Boston,,02116,42.352,-71.0703,4.5,12,1
BEmun2CLzTWURNIcHx7HGA,Joe V's,,315 Shawmut Ave,Boston,,02118,42.3424,-71.0704,3.5,46,0
bF_JXZjwN157zAY2fa8-Tw,Rustam K DeVitre and Associates,,392 Commonwealth Ave,Boston,,02215,42.3486,-71.0903,4.5,7,1
bf-V94Y6ABoHz6SX7-N1_A,Oishii Boston,,1166 Washington St,Boston,,02118,42.3432,-71.0664,4.0,744,1
BFDxUv4ZuErbfJ6KJGat0w,Total Clerical Services,,18 Tremont St,Boston,,02108,42.3588,-71.0596,1.5,14,0
bfF6b1XyG0JH8HH_Urivcw,The Vans DQM General,,174 Newbury St,Boston,,02116,42.3503,-71.079,2.5,6,0
bfq0rm4uJ0cSpdTnhahOpQ,2020 On-site,,,Boston,,02110,42.3613,-71.0483,4.0,98,1
bFuUggRPBrXbSQqUbpUgUw,Slate Bar & Grill,,109 High St,Boston,,02110,42.3548,-71.0544,3.5,148,1
BfXJDegZWpVdSm5r4JAVlw,Advanced Automotive,,215 London St,Boston,,02128,42.3754,-71.0363,5.0,7,1
Bfz9W-WEN_RuSi4Q1QQRoA,Walden Local Butcher Shop,,316 Shawmut Ave,Boston,,02118,42.342,-71.0706,5.0,8,1
Bg7EiUQjEqfJgxTnVud3Eg,Romanovsky Law Offices,,12 Marshall St,Boston,,02108,42.3615,-71.0569,4.5,12,1
bGeyQ31P8IfRDJivuXDJew,Philip Edward Salon,,227 Bunker Hill St,Boston,,02129,42.3793,-71.0632,4.5,24,1
bgOnyzBJmP-luK-Q8ocLWg,Certified Meatball,,429 W Broadway,Boston,,02127,42.3363,-71.0475,4.0,149,0
bgV_tFbmVDKBxZni2my7XA,Mi Pueblito Restaurant,,333 Border St,Boston,,02128,42.379,-71.0398,4.5,181,1
bH3-UhczBqLWwyR667SNZQ,Green Line - B Trains,,1186 Commonwealth Ave,Boston,,02134,42.3498,-71.1292,1.5,43,1
BH7RzIKoQr8EZF53KWNpKQ,Rogue,,222 Friend St,Boston,,02114,42.3642,-71.061,3.5,18,0
BHgJE2gSuke33RqSqQKlTQ,Pho Thien Thien,,8 Kneeland St,Boston,,02111,42.3508,-71.0626,3.5,25,0
bhjab7QDX1riefnNjo9whA,Carmen Trattoria,,33 North Sq,Boston,,02113,42.3635,-71.0538,4.0,158,0
BhjO9yUEB3z3O80k56Hf7Q,Chatime,,251 Newbury St,Boston,,02116,42.3497,-71.0829,3.0,38,0
bhk5O_Fm_OJtp-ASsd8deQ,EyeStarr by Andrea,,291 Newbury St,Boston,,02116,42.3491,-71.085,4.5,40,1
bHOh8LtQ4UOOo1yqoUzVGA,Taste of the Town,,10 Post Office Sq,Boston,,02109,42.3575,-71.0554,2.0,6,1
bhv5HXExhp-2LItm4ShpHw,Cindy's Planet,,70 Tyler Street,Boston,,02111,42.3481,-71.0619,4.0,5,0
bhWkqXfy6YgotgbNeNdMPQ,Advanced Moving Services,,700 Boylston St,Boston,,02116,42.3493,-71.078,1.0,12,1
bHxzPmfT7jHXUWAKK2Xiqg,Groovy Baby Music,,,Boston,,02124,42.2826,-71.0676,5.0,5,1
Bimj1MV3g5678-KguKR0Nw,Taylor House Bed and Breakfast,,50 Burroughs St,Boston,,02130,42.3135,-71.1175,3.0,12,0
BiMZ98ZUmznp9gycHKHigA,Row House,,25 Lovejoy Wharf,Boston,,02114,42.3672,-71.0599,5.0,5,1
bin8WnikToct6C77oHBJCg,No Relation,,11 William E Mullins Way,Boston,,02118,42.3454,-71.0641,4.0,34,1
Bip53OADDPB2SEv4BqRG9g,Avila,,1 Charles St S,Boston,,02116,42.3511,-71.0673,3.5,143,0
BIPEhyf6lENTHQqXKf_y9Q,Steve's Firewood,,,Boston,,02108,42.3549,-71.0661,5.0,10,1
Bipm6ueBoXkeuG9XzqpBKA,Bubbles Car Wash,,90 Southampton St,Boston,,02118,42.3325,-71.0705,3.5,49,0
BiTkkYYNaHzj_dSB-7ZbNA,Johnston & Murphy,,292 Washington St,Boston,,02108,42.3574,-71.0582,4.0,6,1
BiW3B0aiAo2VY6nqsb6cgw,Watch Hospital,,40 Bromfield St,Boston,,02108,42.3568,-71.0606,3.0,43,0
bIy0jffIgp8JEQswQKdCnQ,Massachussetts State Police Department,,250 Leverett Cir,Boston,,02135,42.3669,-71.0689,3.5,10,1
biYgFkftCPue7g3upflUOg,Trade,,540 Atlantic Ave,Boston,,02110,42.3535,-71.0531,3.5,550,1
BjmFaINA3UgJnIrh46bj0w,John's Hair Styling,,21 Myrtle St,Boston,,02114,42.3595,-71.0654,3.5,7,1
BJPiRz-MiCH5u-DlJyL8XA,Crumbs Bake Shop,,800 Boylston St,Boston,,02199,42.3465,-71.0839,3.0,27,0
BjWuVzH-vFvqH5oDI_qbCw,Law Office of Kevin Seaver,,8 Whittier Pl,Boston,,02114,42.3655,-71.0673,4.5,26,1
BJZOfJ2nPuEmBLZX2jTihw,Ojee's Beauty Salon,,88 Massachusetts Ave,Boston,,02115,42.3487,-71.0882,4.0,48,1
bkAkRQ5_hmw_YnoEYREipg,CDF Therapeutic Bodywork,,12 Clarendon St,Boston,,02116,42.3446,-71.0725,5.0,29,1
BkimD2Kl7tjQpO7Wp2ggGQ,Sowa Open Market,,460 Harrison Ave,Boston,,02118,42.3422,-71.0643,4.5,46,1
BKJ4LQB-CSxk4Ypmig2J2A,Mrs. B's Cafe,,30 Channel Center St,Boston,,02210,42.346,-71.0515,2.0,35,1
BklGGFQczLRFaqElvlF5Pw,Starbucks,,39 Dalton St,Boston,,02199,42.3464,-71.0839,2.5,19,0
bKlOqBL-26r72SAdvaCOtg,Gamestop,,800 Boylston St,Boston,,02199,42.3485,-71.0826,3.5,11,0
BkP7b85-iEQvMvhu8sdHwg,Bay State Locksmith,,121 Tremont St,Boston,,02135,42.3518,-71.1736,3.5,7,1
Bl969RrJS5zNmAx6KpyP5A,Angelina Rose Photography,,,Boston,,02203,42.3601,-71.0589,5.0,21,1
BLcef8xFLHqZMgGjTcsRPg,Troquet,,140 Boylston St,Boston,,02116,42.3524,-71.0662,4.0,179,0
bLdAfI2cDvWzY_q6YQmULg,Target Optical,,1341 Boylston St,Boston,,02215,42.3447,-71.0993,3.0,9,1
BLH186ak8sT1uE5kL17Q3g,Boston News Cafe,,80 Arch St,Boston,,02110,42.3552,-71.0581,4.5,25,1
BLly5k37w3SpyvWoTFUwbA,The Lenox Hotel,,61 Exeter St At Boylston,Boston,,02116,42.3492,-71.0796,4.5,250,1
BLtDrdCta5PJz1t4YKzgHg,Fiya Chicken,,1024 Commonwealth Ave,Boston,,02215,42.3515,-71.1218,4.5,34,1
bmaSDWZjleCIyZll7sK3MQ,UNIQLO,,341 Newbury St,Boston,,02115,42.3485,-71.0867,2.0,25,1
bMcozrCMkppinCDu0C5ueA,Penguin Pizza,,735 Huntington Ave,Boston,,02115,42.3341,-71.1055,3.5,539,1
bmXUFGarMFaZ-EWRlNg0Pg,Ten One Tea House,,279 Newbury St,Boston,,02116,42.3495,-71.0841,4.0,74,1
bN6swjw_5oJ8v5fqezMGFA,Wisteria House,,264 Newbury St,Boston,,02116,42.3492,-71.0831,3.5,18,0
BnC0NKXCYQDPD9DDXgre4A,Whisky Saigon,,116 Boylston St,Boston,,02116,42.3524,-71.0657,2.5,160,0
BNDUvETo2Hnhl1KYiodLXg,Go Boston Carpet,,225 Franklin St,Boston,,02110,42.356,-71.0541,4.0,26,1
Bng9dv3Hl_DIB0NlyNlkZA,Lucky 2 Strokes,,12 Penniman Rd,Boston,,02134,42.356,-71.1363,4.5,9,0
BNJoS7r8fn0bsfLSJjVm5Q,Maid To Clean,,,Boston,,02131,42.3587,-71.0567,5.0,8,1
bnjuRMgkFkm4h4heTo9ryA,Massachusetts Division of Unemployment Assistance,,19 Staniford St,Boston,,02114,42.362,-71.0636,1.5,121,1
BnKIn8khQmhKxPVRxLNOHA,John F Kennedy Presidential Library & Museum,,Columbia Point,Boston,,02125,42.3149,-71.0354,4.5,254,1
bNKz_3aDb-YX6l4jnslQUA,Vaisakhi Indian Kitchen,,157 Sutherland Rd,Boston,,02135,42.3411,-71.1468,4.0,118,1
BO4Usu_YSE7jlmchGMeVcw,Shin Hakata Ramen,,173 Massachusetts Ave,Boston,,02135,42.3459,-71.0874,3.0,133,1
boF5lsuImrqbuDkuFZzN3g,Bon Me - Boston Public Market,,100 Hanover St,Boston,,02108,42.3621,-71.057,3.5,43,1
BOFR11bGhGwaaFfyAYpSqA,Emily Ingardia,,18 Arlington St,Boston,,02116,42.3523,-71.0713,5.0,6,1
BOFU07XopJ9g8H2ac2OqZw,Parris,,1 Faneuil Hall Market Pl,Boston,,02110,42.3602,-71.0541,3.5,7,1
boK3cyDPLmwNUV97doMCNA,Strega,,379 Hanover St,Boston,,02113,42.365,-71.0532,3.5,527,1
bOKHgsgiGNKahLPy99smHw,G Spa,,35 Newbury St,Boston,,02116,42.3524,-71.073,3.5,40,0
bOkLeien1ra8x-7R9E8iYQ,Cottonwood Cafe,,222 Berkeley St Lbby 2,Boston,,02116,42.3601,-71.0589,3.0,94,0
bOsi1qC5rkfZ5-JKuP38Bg,Mast,,45 Province St,Boston,,02108,42.3571,-71.0601,3.5,271,1
BOzdu1Rv8ootQpnSBdhrng,Beantown Pho & Grill,,272 Newbury St,Boston,,02116,42.3491,-71.0834,4.0,427,1
BpJKfBJgxiw3SCO4BKuUyA,Healthy Body,,370 Chestnut Hill Ave,Boston,,02135,42.335,-71.1495,3.5,5,1
bPrcHlmBCwASzowVpb5UVg,Bay State Refinishing & Remodeling,,121B Tremont St,Boston,,02135,42.3518,-71.1737,4.0,65,1
bqePo8WHxdz6rvRekLKBsQ,Pavia Italian Cuisine Catering & More,,82 Water St,Boston,,02109,42.3578,-71.0558,4.0,95,1
BqIvYQyvXRswoqU6WD-mnQ,Breakaway Courier Systems,,One India St,Boston,,02109,42.3589,-71.0542,3.0,10,1
BQTAPMio4M5p84Jlmzancw,Fernandez Liquors III,,2665 Washington St,Boston,,02119,42.3242,-71.089,4.5,10,1
bR9qij3953ssPKciV-CxWg,Olives & Grace,,81 Pembroke St,Boston,,02118,42.3419,-71.0761,5.0,15,0
bRCDPZvIocYCthOH3HUl3Q,Blink Moving,,412 Saratoga St,Boston,,02128,42.3794,-71.0295,4.0,10,1
brJDrKFzyIg3nP8gzH1Q2Q,Andal?,,125 Summer St,Boston,,02110,42.353,-71.0575,3.5,82,0
BrLMFsE85g9lIioZFfg3iQ,Subway,,262 Washington St,Boston,,02201,42.3584,-71.058,1.5,10,0
brOzmNDA4_3BehZ3d6c2GQ,Tatte Bakery,,201 Washington St,Boston,,02108,42.3586,-71.0583,4.5,35,1
BruAH-ErE2dGQbGZDqKxuw,Tatte Bakery & Cafe,,160 Massachusetts Ave,Boston,,02115,42.3461,-71.0868,4.5,17,1
brxdYlb68NPOwTEHLy0ENQ,The Eddy Apartments,,10 New St,Boston,,02128,42.3713,-71.0441,5.0,10,1
bs2Dg0_BVLBQcsIhq6ik0g,Boston Gift Shop,,17 North Square,Boston,,02113,42.3638,-71.0536,4.5,7,1
BS5dDrsOcM6_Ciax20LGVg,Oak,,245 Newbury St,Boston,,02116,42.3497,-71.0826,4.5,15,0
bS92qFD1O4eT5w97XNckZw,Oath Pizza - South Station,,700 Atlantic Ave,Boston,,02111,42.3519,-71.0552,4.0,126,1
bsbiplBRwSZ3Dad5-8WOdg,Beantown Trolley,,8 Park Plz,Boston,,02116,42.3513,-71.0661,2.0,44,1
BsEEJ8bWBvGns73CKuBQ4w,Salon 54,,54 Queensberry St,Boston,,02115,42.3428,-71.097,4.0,7,0
bSFI7EtvQmek2oQv7whtiQ,Soluna,,100 Hanover St,Boston,,02108,42.3621,-71.057,5.0,9,1
bsGuOhibpJc-MHNXj9kiUg,Cask'n Flagon,,62 Brookline Ave,Boston,,02215,42.3473,-71.0982,3.5,606,1
bShWBW9OGRWrtzuJElh9tg,Newbury Natural Nails,,247 Newbury St,Boston,,02116,42.3498,-71.0827,4.0,7,0
bSJPI4LqaSOVVPCqEnaWcA,The Wholy Grain,,275 Shawmut Ave,Boston,,02118,42.343,-71.0694,4.0,143,0
bsOUoxdb6z_aJwsqzQiG4g,Bento Express,,62 Boylston St,Boston,,02116,42.3522,-71.0643,3.5,31,0
BsRbNgbiZPbJI2Zxmi2o1w,Period Furniture Hardware Company,,123 Charles St,Boston,,02114,42.3598,-71.0706,4.0,6,1
BsT8stuc0fEPy4ukH_x8sg,French Dressing,,49 River St,Boston,,02108,42.2719,-71.0721,4.0,15,0
bT86pokz6csFGrR6vwKSUQ,Sarku Japan,,800 Boylston St,Boston,,02199,42.348,-71.0825,3.0,18,0
bt8T47weou9uG6-z5Nw6Bg,The Roommate Connection,,,Boston,,02228,42.357,-71.0605,2.0,9,0
BTCBzJp-obIBnmUUHsjRbA,OliToki,,76 Brighton Ave,Boston,,02134,42.3524,-71.1288,4.0,159,1
bTcOIViKUy1SDnDx4ZQ-hw,Boston Harbor Mini Speed Boat Tour,,Milk St Old Atlantic Ave,Boston,,02110,42.358,-71.0498,4.0,33,0
bTCZN-0ARxclOuahL5foHw,Copley - Harvard Vanguard,,165 Dartmouth St,Boston,,02116,42.3478,-71.076,3.0,72,1
bTEFXgIbLBD7fhx4tdM0mQ,Chanel,,6 Newbury St,Boston,,02116,42.3523,-71.0716,4.0,47,1
BtfxEWUw6MdcTFNyBcBkyA,Boston HiFi,,,Boston,,02467,42.3178,-71.1627,4.5,21,1
bThfK5n8GzfsFKVN4qwvIA,Stanhope Grille,,350 Stuart St,Boston,,02116,42.3492,-71.0724,3.5,44,0
BtIDAJdsfZz-aVW02G8WVA,Belle Coquette Boudoir,,,Boston,,02215,42.3476,-71.1003,3.0,14,0
btRmQR0x4xoDRZJU0WPddQ,Bernie's Tavern,,34 1/2 Beach St,Boston,,02228,42.3583,-71.0603,3.5,6,0
btS3vlCJ-VIIy7xWgdUUAA,NightOwl Deliveries,,,Boston,,02228,42.357,-71.0605,1.5,26,1
bTX-ZBQzqt9mAAZgxKTVQA,Charles River Park Apartments,,5 Longfellow Pl,Boston,,02114,42.3635,-71.0643,2.5,6,0
bTZibgVsS63YFL3_7q0ZIg,Bombay Club,,1415 Washington St,Boston,,02118,42.3412,-71.0706,3.5,123,0
bU5tVs6IoXDeplQDl1QADw,Amsterdam Falafelshop,,642 Beacon St,Boston,,02215,42.3493,-71.0953,4.5,91,0
bueH6h74oLR8fkCik4C8MQ,Starbucks,,360 Huntington Ave,Boston,,02115,42.339,-71.0873,3.0,18,1
BuT436hcyYuKUDiLvY0jRw,Boston Doghouse,,1 Faneuil Hall Marketplace,Boston,,02455,42.3602,-71.0551,2.5,11,1
BUV2wHr08pU8Z27I4pZQxA,2nd Time Around,,324 Newbury St,Boston,,02115,42.3484,-71.086,2.5,31,0
bUZjXTe7PjJ8lh4lITQb6Q,Underground Snowboard,,860 Commonwealth Ave,Boston,,02215,42.3506,-71.114,4.0,11,0
BV_WDHq9SLi6enVuH3kgbQ,Monica's Trattoria,,67 Prince St,Boston,,02113,42.3652,-71.0553,3.5,512,1
bvD9ZnigVeitgR9vP1fEkA,Boston Taxi & Limousine Service,,30 Newbury St,Boston,,02116,42.352,-71.0726,1.0,8,0
bVfSOXrR7eTMYN67PyKcRQ,Savin Hill Supply,,99 Savin Hill Ave,Boston,,02125,42.3118,-71.0542,4.0,7,0
BVmai7GjUgVXpgCPYDLlrw,Max Brenner - Boston,,745 Boylston St,Boston,,02116,42.3494,-71.0808,3.0,1575,0
bVMZg7Tpg2dDWElDIaUUxQ,US Post Office,,31 Milk St Lbby,Boston,,02109,42.3565,-71.058,2.5,31,1
BvonrQ3ScmOVrTG3CIbLrQ,7-Eleven,,532 Commonwealth,Boston,,02215,42.3485,-71.0963,1.5,13,1
BvppEr2jn3Z3lQ1jXvtXGA,City smoke shop,,324 Newbury St,Boston,,02115,42.3484,-71.086,3.0,8,1
bVQHJXfiG7496Um9WSLJOw,Starbucks,,1 Financial Ctr,Boston,,02111,42.3522,-71.056,3.0,42,1
bVv-ClVhDgqUBchTNV18rA,Hotel 140,,140 Clarendon St,Boston,,02116,42.3486,-71.0745,3.0,85,1
bvvHDT6s-zMHYctmacSzwg,The College Club of Boston,,44 Commonwealth Ave,Boston,,02116,42.3528,-71.0733,5.0,38,1
bVwk8DNl2G3RYUx8-rxxWg,7-Eleven,,200 Seaport Blvd,Boston,,02210,42.3502,-71.0418,3.0,7,0
bvYuLic5TE9XCsuNqisdRQ,Peters Park,,1277 Washington St,Boston,,02118,42.343,-71.0675,4.5,74,1
bW1R7YdHECn3nWhyHsCtyA,Taste of the Town,,60 State St,Boston,,02109,42.3594,-71.0564,4.0,6,0
BWhA3GT1_XlOldIv5iSjKA,Flying Prince House Cleaning,,,Boston,,02116,42.3531,-71.0765,5.0,47,1
BwMgGcFcoW-MBl4lSs2rww,The Lounge,,Terminal C,Boston,,02128,42.3682,-71.015,2.0,103,1
bWqlZw4YKN15mHyO4YjOsg,Kelley & Son's Painting,,,Boston,,02125,42.3157,-71.0527,2.5,5,0
bwZlXQ3FPFWmewJupcOcAQ,Tsaocaa,,10A Tyler St,Boston,,02111,42.351,-71.0605,3.5,23,1
bX1Uae8r2RY-R5zTeTEkFw,Hertz Rent A Car,,39 Dalton St,Boston,,02199,42.3463,-71.084,1.5,8,1
Bx7R_E-NAdtVaFUHhOaPNg,Tinailery,,92 State St,Boston,,02109,42.3592,-71.0553,4.0,62,1
Bx9wv8NIXMLpUssxLbn-8Q,Boston Honey Company,,100 Hanover St,Boston,,02108,42.3621,-71.057,4.5,7,1
bXDm7x7G5zTSgTyBp6Lw8w,The Luxury Box,,649 E Broadway,Boston,,02127,42.3355,-71.0386,4.0,5,1
bXGeoyeEjWeCEmxJovISHw,Hot Gossip,,207 Newbury Street,Boston,,02116,42.3503,-71.081,4.0,10,0
bxK9HuWkZ_8wH8EzZyMvBg,Drydock Cafe,,7 Drydock Ave,Boston,,02210,42.3446,-71.0359,4.0,61,1
BXlYwqIWf8m7qk1RFMKCeQ,163 Vietnamese Sandwiches & Bubble Tea,,66 Harrison Ave,Boston,,02111,42.3512,-71.061,3.5,336,1
bXQnVNN28toojDpBaTQvLw,Five Guys,,1223 Commonwealth Ave,Boston,,02134,42.3506,-71.1313,2.5,45,1
bXXPV4_TFofZfr45SRqG0g,Boston's Best Babysitters,,,Boston,,02108,42.3549,-71.0661,5.0,6,1
By_KaA2UBn4h42ZeQexPYw,Oath Pizza - Fenway,,1348 Boylston St,Boston,,02115,42.3441,-71.0993,3.5,76,1
bYphqPyY14xWr69Vcf1LSQ,Pee Poop Purr : Kitty Care,,,Boston,,02132,42.2798,-71.1627,5.0,7,0
bYpQziRS3M0HZ_dmS_Kq7A,Franklin Southie,,152 Dorchester Ave,Boston,,02127,42.3418,-71.0571,3.5,256,0
byR3cDtWfxYVNSY541QTXQ,Salvatore's,,545 Washington St,Boston,,02111,42.3539,-71.063,3.0,230,0
bYXMgbRsIYLXgSPiKq4ZGQ,Back Bay Laundromat,,409A Marlborough St,Boston,,02115,42.3504,-71.0888,2.0,30,1
bZ0qgsjF-4KYk5AAeaVgIw,Our Lady of Victories Church,,27 Isabella St,Boston,,02116,42.349,-71.0702,5.0,5,0
BzDeC3xxTgE1qhCglJYu4w,SALMAGUNDI,,765 Centre St,Boston,,02130,42.3103,-71.1154,4.5,168,1
Bzgvc1EmhIsYJV11-hZBqg,Swiss International Air Lines,,1 Harborside Dr,Boston,,02128,42.3697,-71.0197,3.0,5,1
bZhUufqdpg5qxsDKpIRv5A,Bar Mezzana,,360 Harrison Ave,Boston,,02118,42.3446,-71.0636,4.5,346,1
BZjWve7MX3CmYK_7JaxU9w,Joint Ventures Physical Therapy and Fitness,,4 Water St,Boston,,02109,42.3577,-71.0577,4.5,21,1
bzQ6jx4WoJqqj6WsTtw3PA,Dick Doherty's Comedy Den,,184 High St,Boston,,02110,42.3566,-71.0523,4.0,8,0
C_8orv8Slev8pSKhs1Y0Aw,District Hall,,75 Northern Ave,Boston,,02210,42.3525,-71.0453,4.5,11,1
c_AnPxR8LMAj3uRI38tunQ,Greater Boston Management,,100 Hallet St,Boston,,02124,42.2815,-71.0463,1.5,6,1
c_Dzx3gNVrjWkTOZqt4Adg,The Social Register,,401 D St,Boston,,02210,42.3435,-71.0446,3.5,81,0
c_Fa8t1zaCcWWZCTCFCiKA,Tea Station,,,Boston,,02116,42.3531,-71.0765,3.0,19,1
C_hRy9PIVMYLERE-UDX2lA,Plush Nail and Beauty Bar,,107 Savin Hill Ave,Boston,,02125,42.3116,-71.054,4.0,46,1
C_qwOuhikJ_WPMTZqWY8zg,Aiden Rhaa Photography,,1946 Washington St,Boston,,02118,42.3342,-71.0796,5.0,7,1
C_TmE7rkeZIwxxLpx5C6qQ,Starbucks,,1 Federal St,Boston,,02110,42.356,-71.0567,3.5,7,1
c-6qjxNPQOk8RJN2cmQssw,Bon Appetit Creperie,,100 Hanover St,Boston,,02108,42.3621,-71.057,4.5,33,1
c-jLDHqPc6SywFZBC_y_DA,Lisa's Nails On Newbury,,167 Newbury St,Boston,,02116,42.3508,-71.0789,2.5,35,0
C-LSST3SlSLHKMWENx_8WA,Blackstone Grill,,15 Union St,Boston,,02108,42.3609,-71.0566,3.5,141,0
c0d6MwDQGkt4sBLVFQCaMw,Banyan Bar + Refuge,,553 Tremont St,Boston,,02116,42.3443,-71.0719,3.5,359,1
c1FZLUgmdcsbFIDgmlQWSw,Lyons Group - COMPASS,,126 Newbury St,Boston,,02116,42.351,-71.0763,5.0,5,1
C1PHk7fUY8YItm7_A5Mxxw,Realty Ventures,,343 Chelsea St,Boston,,02128,42.3781,-71.029,3.0,5,1
C2tKmvEC9bkvF36wfKnd_A,XHALE,,47 Huntington Ave,Boston,,02116,42.3483,-71.0786,2.5,5,0
C2xBQ4Xulw_RcJ54a-apug,Frontier,,1 Harborside Dr,Boston,,02128,42.37,-71.0235,2.0,16,1
C3-m3wOZfYp7tNqKyHUcGQ,Sunny Cafe,,1000 Bennington St,Boston,,02128,42.3868,-71.0069,4.5,85,1
c319_3VSm9DyYwhkLXrunA,The Hub Pub,,18 Province St,Boston,,02108,42.3573,-71.0596,3.0,212,1
c3gTjdR0TV5AeUn7r8uJ-A,FedEx Office Print & Ship Center,,2 Center Plz,Boston,,02108,42.36,-71.0603,2.0,16,1
c3VFmQ8TvuTxrtkN6g6Cpw,BCBG,,71 Newbury St,Boston,,02228,42.3521,-71.0744,4.0,14,0
C4OwaeXcBjC3TFv8oTpx6Q,Yoberry,,124 Dorchester St,Boston,,02127,42.3352,-71.0462,4.5,46,0
C4w2FBO8NYgvR_6aDXE2gw,ChocoLee Chocolates,,23 Dartmouth St,Boston,,02116,42.3437,-71.0739,4.0,67,0
c5sr3d0MOCdQXeL0uTAuSg,Aveda El Coco International,,24 North St,Boston,,02109,42.3608,-71.0558,3.5,88,0
C5WbX71az-SdNlWt3HEy_g,UBurger,,346 Huntington Ave,Boston,,02115,42.3394,-71.0878,2.5,17,1
C68LGP6rfpWkQJgwgyfTrw,Felicity Sweets,,579 Tremont St,Boston,,02118,42.3436,-71.0728,4.0,12,0
C6BZlJMEoUSy5z8Xf6t4ZA,The Atrium Apartments by The Hamilton Company,,1079 Commonwealth Ave,Boston,,02215,42.3524,-71.1244,2.5,10,1
C6Ppu2IbmpOBAV9fsloE5A,Caf? Susu by Suitsupply,,240A Newbury St,Boston,,02116,42.3495,-71.0823,4.5,76,1
c6QaDLAu9T3ge_DZ7w4Sig,Neptune Launderette,,489 Saratoga St,Boston,,02128,42.3802,-71.0264,3.0,13,1
C6qqUmYLCib_tw_W7GEQ6g,Garrison Square Management,,7 Harcourt St,Boston,,02116,42.346,-71.0787,1.0,9,1
c77ZNB8Wn43CuGboTJMKmA,Ocean Time,,800 Boylston St,Boston,,02199,42.3461,-71.0814,4.5,45,1
c7D98WOcJMDK2lKEY-Ud4A,ADP Auto Driving School,,235 Bowdoin St,Boston,,02122,42.3059,-71.0671,2.0,6,1
C7LcIZpEHFh1GEn3wEPleA,Caricatures by Michael Horvath,,,Boston,,02114,42.3653,-71.0646,5.0,5,1
C7MkvQIiuSYouUKoNc7kWQ,The Big Dig,,500 Atlantic Ave,Boston,,02210,42.3539,-71.052,2.5,13,1
C7wR32GJoIFOyBcGGbC1Zw,Mass Bed Bug Busters,,,Boston,,02129,42.3795,-71.0646,5.0,13,1
C8-SeZtLTvzZjxB5ObhRjw,Ducali Pizzeria & Bar,,289 Causeway St,Boston,,02114,42.3671,-71.0581,3.5,279,1
c81oaaBKc7XJmoHGCudSOg,Seapoint Restaurant,,367 E 8th St,Boston,,02127,42.3311,-71.0463,4.0,41,1
C88BaLkvlieoOiRWiq66_Q,West Broadway Gulf,,79 W Broadway,Boston,,02127,42.3415,-71.0554,2.0,12,1
c8WBGYFrof23ibHQ4y5vdw,CVS Pharmacy,,285 Columbus Avenue,Boston,,02116,42.3472,-71.074,4.0,26,1
C8Zvtv4Yeg7V00OEoStfsw,Pleasant Moving,,,Boston,,02125,42.3157,-71.0527,4.0,29,1
c9crzZ61wP3-1bLLpLxWlg,The Supper Club At Capo,,443 West Broadway,Boston,,02127,42.3361,-71.0471,3.5,12,1
C9SJfJJmlqDvsgSNR569Xw,Five Spices House,,58 Beach St,Boston,,02111,42.3514,-71.0604,3.0,202,1
C9t9knmMQbyGWVK0VQgc3A,H & F Appliances & Services,,3137 Washington St,Boston,,02130,42.3143,-71.1,4.5,28,1
cA9Dctms_azRsYbpClMeaA,Massachusetts College of Pharmacy and Health Sciences,,179 Longwood Ave,Boston,,02115,42.3364,-71.1013,2.0,10,1
CAANnGsVEgNTZRN3FXLh7g,F.I.T.T. PIT,,339 Old Colony Ave,Boston,,02125,42.3288,-71.0526,5.0,5,0
cAiDdLUsI3ckaksDitiIlA,One Brick Boston,,,Boston,,02108,42.3549,-71.0661,4.0,8,1
cALuHj4N_iWZpjH9lerQiA,Boston Harbor Sailing Club,,65 E India Row,Boston,,02110,42.3577,-71.0505,3.5,6,1
Capv22GStBAm0U_lgs2DQQ,Wicked Good Cupcakes,,4 S Market St,Boston,,02109,42.3602,-71.0548,2.5,166,1
CAQV54HZrVd6dcU5XxT1LQ,Hampton Inn & Suites Boston Crosstown Center,,811 Massachusetts Ave,Boston,,02118,42.3325,-71.0731,3.0,111,1
CaVk6T9yi-KIp--yitA5gw,Evan's NY Deli,,,Boston,,02111,42.353,-71.0557,3.5,17,0
CaXUKR4KrqydGnl3C-1SOw,Lettering By Liz,,,Boston,,02108,42.3549,-71.0661,5.0,28,1
CaXxQnzl04xRxpl9_Da8bw,Nick the Tailor,,33 Harrison Ave,Boston,,02111,42.3516,-71.0614,4.0,14,0
CazVFwRVmeICgvom5j489w,Massachusetts Constable Service,,,Boston,,02128,42.3695,-71.0201,4.5,6,1
CB0KEBdcItjSDMOkcv7QtA,Toscano Restaurant,,47 Charles St,Boston,,02114,42.3574,-71.0698,4.0,492,1
cBjeB8LGwcL21njkYpqGiA,Chelsea Street Bridge,,620 Chelsea St,Boston,,02128,42.3859,-71.0224,3.5,5,1
CbNdZ3_jJvZHq0o3np_XJA,UFC GYM Boston Financial District,,76 Lincoln St,Boston,,02111,42.3519,-71.0581,4.0,44,1
Cbq8FSBYrmQL2OIEV9ZJDQ,Boston Common Garage,,0 Charles St,Boston,,02108,42.3544,-71.0683,3.5,43,1
cbWIAVZKQ16GuiQwpJhlcw,Dunkin' Donuts,,176 Federal St,Boston,,02110,42.3535,-71.0558,3.5,6,1
Cc9noTier_jEOYXaTqsAFQ,Found Hotel Boston Common,,78 Charles St S,Boston,,02116,42.35,-71.0664,2.5,64,1
cCAAA6871M0K_EHZidkKmQ,The Daily Catch,,2 Northern Ave,Boston,,02210,42.3541,-71.0481,2.5,404,0
CcdSfZecTl3Dik6kfU9FJg,Al Mercatino,,1 Faneuil Hall Mrkt Pl,Boston,,02109,42.3602,-71.0551,2.0,19,1
CCepSmzxxr7lpAnlJXfTyw,Restoration Resources,,1946 Washington St,Boston,,02118,42.3341,-71.0795,4.0,20,0
ccgx3Jj0KtVZEwo5rRrlbw,Stop & Shop,,1620 Tremont St,Boston,,02120,42.3334,-71.1043,2.5,82,1
CcGXlHhdLbsjGS0cctgS3Q,Children's Hospital Boston Blood Donor Center,,300 Longwood Ave,Boston,,02115,42.3385,-71.1054,4.5,6,1
CCH-JjAVGGYtTO-b0fOAbw,Templeton General,,25 Channel Center St,Boston,,02210,42.3461,-71.0507,5.0,5,0
CcSecKOSzrkE0lXdXshkZg,Bo Thai Cafe,,433 Cambridge St,Boston,,02134,42.3549,-71.1344,2.5,21,0
cCxa-w5pebw3eMo_R3rbGg,Qdoba Mexican Grill,,800 Boylston St,Boston,,02199,42.3486,-71.0825,3.0,30,0
CD5UFFwNoa6l8lih1OLZ8A,Caffe Italia,,150 Meridian St,Boston,,02128,42.374,-71.0393,3.5,7,0
cdyApexC_9z7JrGQrN3E3w,Great Clips,,800 Boylston St,Boston,,02199,42.3485,-71.0823,2.5,35,0
CdyU8nNmx1RyllkZ3uTIuA,Fragrance Day Spa,,99 Harrison Ave,Boston,,02111,42.3508,-71.0618,5.0,14,1
cDZB3LrCm2q4RrSfSzHnNg,Cloudberry Cleaners,,4 Longfellow Pl,Boston,,02114,42.3632,-71.0644,1.5,11,1
Ce_nVrZnerqxjuBe7d6v8g,Danish Country Antiques,,138 Charles St,Boston,,02114,42.3597,-71.071,4.0,14,1
CejHwUzB8JkoFPic6_lk7A,Sweet 'n Nasty,,,Boston,,02115,42.3399,-71.0899,4.0,73,1
cemun4jCAfs0ZVPyQ55DwQ,Hot Tomatoes,,261 North St,Boston,,02113,42.3638,-71.0519,4.0,41,0
CeqWSh-ht8cQwaBKL6WgbQ,Appleton Cafe,,123 Appleton St,Boston,,02116,42.3453,-71.0747,3.5,204,0
Cf4jLAt-mQN6Gp5HScqvIw,Erika's beautuy salon,,63 Centre St,Boston,,02130,42.3135,-71.114,4.0,10,0
CfcvSK_73aF4QLJr3C-g9A,Sagarino's,,106 South St,Boston,,02111,42.3514,-71.0573,4.5,24,1
cfDU2yEHYZDtENd8cdWs0w,Pure Hair Design,,425 Harrison Ave,Boston,,02118,42.3429,-71.0651,4.5,164,1
CFgiRwdrG5ENkguBsp2jJg,Conor Larkins Grill & Tap,,329 Huntington Ave,Boston,,02115,42.3409,-71.0882,3.5,113,0
cfH04SrCkd8_U61SpifCCw,A-L&L Driving Academy,,1295 River St,Boston,,02136,42.2559,-71.1248,3.0,19,1
cFjo2hVLMU0pl_AXC1PJMw,Pelican Executive Suites,,1 Park Ln,Boston,,02210,42.3485,-71.0387,2.0,6,1
CfRl6i3QoBue0uQUjs9noA,D Cari Salon,,860 Blue Hill Ave,Boston,,02124,42.2954,-71.0875,3.0,12,1
CFS2tQ2cE1Zwwrln-wPWjg,Wooding's Garage,,112 Waverly St,Boston,,02135,42.3618,-71.1411,4.5,44,1
cfvR12jMMPCCwPoi6nSZEw,30 Dalton,,30 Dalton St,Boston,,02115,42.3459,-71.0845,4.0,13,1
cg8mfYBkdhaPrvEVblm7gQ,James Hook & Co,,440 Atlantic Ave,Boston,,02210,42.3549,-71.0509,4.0,1277,1
CgfanxSY2rBAFfoafJ5dSQ,Pure Oasis,,430 Blue Hill Ave,Boston,,02121,42.3101,-71.082,4.0,29,1
cgLMCwrpvy0lksukYEMqYA,Castanet,,175 Newbury St,Boston,,02116,42.3506,-71.0793,4.5,15,1
CGRL2XNrDjLAW2H2p8xWTw,AMC Boston Common 19,,175 Tremont St,Boston,,02111,42.3531,-71.0638,3.0,564,1
CGsnccgt6EbqGfYTOGvnpg,Frances Ray Jules Salon,,10 Lewis St,Boston,,02109,42.3636,-71.0519,3.5,140,1
CH-G7w6diXpUQfK2j8go7w,Life Energy Massage,,76 Summer St,Boston,,02110,42.3559,-71.0527,4.5,28,0
CHcwpvcUr1G7bAF0k0JnMQ,Van Shabu & Bar,,1156 Dorchester Ave,Boston,,02125,42.3112,-71.0575,3.5,284,0
ChNXEKhzPnSYCPRez5ZzVw,Longwood Barbershop,,342 Longwood Ave,Boston,,02115,42.3382,-71.1063,4.0,37,1
Choq0lds-DnnH0bUqx8FHQ,Economy True Value Hardware,,219 Massachusetts Ave,Boston,,02115,42.3444,-71.0869,3.5,57,1
ChzM9HTXqqe0VdXSbMGoqQ,Red Lantern,,39 Stanhope St,Boston,,02116,42.3485,-71.0734,3.5,690,1
cI-Agrt2PcCsCVUn3H4UPg,Spin Services,,229 Berkeley St,Boston,,02116,42.3516,-71.0731,1.0,6,1
ci2z8P4CfeW9esn9PMltNw,Little Miss Cupcape,,250 Newbury St,Boston,,02116,42.3494,-71.0826,4.5,23,1
Ci31i-zr5KYvm3Dhuv3e3A,Kalai Hairstyle,,30 Oxford St,Boston,,02111,42.3516,-71.0602,4.5,28,1
CIoQL4IgpPX_nB3TW0dVJw,Mount Hope Cemetery,,355 Walk Hill St,Boston,,02126,42.2841,-71.1023,5.0,6,1
Ciot2KZ9pZ_46HVFR7hcjA,Eagles Salon,,372 Chestnut Hill Ave,Boston,,02135,42.3365,-71.1512,4.0,14,0
CirofAAK0oTj-nWyYTTjAQ,Optimum Vision Care,,9 Henshaw St,Boston,,02135,42.3495,-71.1499,4.5,27,1
CIuNre-2JhMOZLkaLeBtRA,Scoozi Newbury,,237 Newbury St,Boston,,02116,42.3499,-71.0821,3.5,234,0
cIwFM9qDzpdr1gQK9WQ9sA,El Valle de la Sultana Market,,121 Bennington St,Boston,,02128,42.3765,-71.0343,3.0,5,1
CJ0DuAPIract7wPMWgsXbg,Renegade's Pub,,1004 Bennington St,Boston,,02128,42.3869,-71.0068,4.0,93,1
cJ0vreSV-P5zLphHFr3pcg,Balanced Health,,30 Chauncy St,Boston,,02111,42.354,-71.0597,3.5,54,0
cjA3U5gH9Ezq27XUNCdZmg,On Location Tours,,,Boston,,02111,42.3515,-71.0602,4.5,6,1
cjH7ymHf-RbuiN8k7Z9bxw,Necco Street Garage,,10 Necco St,Boston,,02210,42.3489,-71.0507,4.5,11,1
cJJXkS2bnz90M_9d5oZpPA,NECO Center for Eye Care - Commonwealth,,930 Commonwealth Ave,Boston,,02215,42.3509,-71.1178,3.5,57,1
CJMgXHbaP6jBLXw1majssA,The Dog House By Dogs R Us,,168 Neponset Ave,Boston,,02122,42.2931,-71.0507,4.5,9,0
CJReiVMMTEOB3xkyeNKjEg,Cold Stone Creamery,,94 Belvidere St,Boston,,02115,42.3458,-71.082,3.0,40,1
cjrMqvRyqBEnEhqjACoanQ,The Paramount,,667 E Broadway,Boston,,02127,42.3354,-71.0379,3.5,254,1
cjyLoEh5rMXK9abs12KdKA,Back Bay Harry's,,142 Berkeley St,Boston,,02116,42.3489,-71.0721,3.5,179,0
cKbcB2o3GIi2f-aNcSZG0w,Prudential Center Garage,,800 Boylston St,Boston,,02199,42.3475,-71.082,1.5,58,1
CkmykRQcSfIsbb62F4NQoQ,Terra at Eataly Boston,,800 Boylston St,Boston,,02199,42.3485,-71.0823,3.5,294,1
cKU0IBWmj0ferkwsur66sg,Leica Store - Boston,,74 Arlington St,Boston,,02116,42.3505,-71.0698,4.5,6,1
ckuyHSaxiVFUqizDrI-1FA,The Vape Shop,,354 Chestnut Hill Ave,Boston,,02135,42.3368,-71.1516,4.5,11,1
cKyDnQwyBaWSZsMaHTmhNg,Broadway Station - MBTA - Red Line,,Dorchester Ave And W Broadway,Boston,,02127,42.3426,-71.0569,3.5,15,1
CLcc0KHboLBug19fcmvhcw,Boston Ghost Cruise,,1 Long Wharf,Boston,,02110,42.3597,-71.0507,2.0,10,1
clEgArRkO8YLCy3YI4IXiA,Southwest Corridor Park,,38 New Heath St,Boston,,02130,42.3104,-71.1076,4.0,25,1
cLkPsao0b5lPElDL6IvXKw,Triangle Coffee,,21 Dry Dock Ave,Boston,,02210,42.3443,-71.0309,4.0,8,0
clq33DpxwltI0N64yjPTlA,Best Buy,,360 Newbury St,Boston,,02115,42.3483,-71.0875,2.5,34,0
CLRcRANILxrMePKZ3jixdw,Comm Ave Mobil - Auto Repair Service Shop,,850 Commonwealth Ave,Boston,,02215,42.3506,-71.1135,3.5,35,1
clv2xpkfEU2_cllnXzCf9A,Rose Health Spa,,213 Harrison Ave,Boston,,02111,42.3481,-71.0628,5.0,39,1
clxImylF9FlMFq8TitQlyA,Wichit,,244 Newbury St,Boston,,02116,42.3496,-71.0824,3.5,216,1
cm4wrU1Ab4JSTdhbGMQShQ,Tantric India Bistro,,123 Stuart St,Boston,,02116,42.3512,-71.0657,3.5,289,0
cMC4NC270OV5hENI9uJIxA,Sfizi Italian Kitchen,,135 Richmond St,Boston,,02109,42.3633,-71.0541,4.0,57,0
CMIXOJYXVZhAeCUwKcDo9w,Roosters Men's Grooming Center,,518 Tremont St Unit 1-B,Boston,,02116,42.3449,-71.0698,4.5,86,1
cMjnYws1h-3_1EArMPU3Rg,Sam & Anne Deli,,115 Water St,Boston,,02109,42.358,-71.0546,4.0,6,0
cmotviS_Dw50B6AmjGTsUg,Avalon,,15 Lansdowne St,Boston,,02215,42.3474,-71.0957,3.0,81,0
cMsk5YjyH-O3KyIJkMPYDw,Federal Reserve Bank,,600 Atlantic Ave,Boston,,02210,42.3528,-71.0534,3.5,6,1
CN2hVGaWYZv8y2A6DoZZOg,EZ Eyecare,,1341 Boylston St,Boston,,02215,42.3447,-71.0996,3.5,7,1
Cn8Nvd6q_Q7wcLcJjXV3hg,Bluemercury,,160 Newbury St,Boston,,02116,42.3505,-71.0785,4.5,27,1
CnHFYzrBWpvxmI6ybpgqGg,Foggy Goggle,,911 Boylston St,Boston,,02228,42.3485,-71.0844,2.0,32,0
Cnmw5H0jwJI6mJb5xDDQtA,The Four's Restaurant & Sports Bar,,166 Canal St,Boston,,02114,42.3651,-71.0609,3.5,350,0
cNQfEXydomNJtZ_ArIY-dw,Christmas Tree 4Me,,,Boston,,02125,42.3157,-71.0527,5.0,11,1
CNtjo4UMruNKPtyisPRT6w,Gary Drug,,59 Charles St,Boston,,02114,42.3576,-71.0702,4.5,26,1
CnUGnjYFI1kBFaicpRwFQQ,David Dorothy Ramler Park,,120 Peterborough St,Boston,,02215,42.3426,-71.1007,5.0,5,1
Co1ZrymHFSFDRg0kaSJ9rg,Cameo Macaron,,,Boston,,02116,42.3531,-71.0765,4.0,17,0
cO6Q8u9UVyu5LOR87LVdJw,Revelry Food Truck,,1270 Boylston St,Boston,,02111,42.356,-71.0549,4.5,17,1
cOk43K9MNNwePZo2hjsBxQ,Spyce,,241 Washington St,Boston,,02201,42.358,-71.0582,4.0,268,1
coUVIfUQ3tw3VMI_4WqaCQ,Steven Alan,,172 Newbury St,Boston,,02116,42.3504,-71.0789,4.5,8,0
Cp8kBWLf5dJ9hJKUeqoyAw,Agostino Salon,,70 Charles St,Boston,,02114,42.3579,-71.0706,4.5,28,1
CpLGxwK7wiUwZ5EtVc0fXA,XFINITY,,,Boston,,02114,42.3653,-71.0646,1.0,349,1
CPOHRkSHxIENkEIVewE4og,Super Crate,,,Boston,,02116,42.3531,-71.0765,4.5,5,1
cPyDyg--ga0ThL1jjlqfCg,Crazy Dough's Pizza,,1124 Boylston St,Boston,,02215,42.3468,-71.089,3.5,174,0
cPyQFwnQNW4HLAGt17hxYA,Isabella Stewart Gardner Museum,,25 Evans Way,Boston,,02115,42.338,-71.0989,4.5,549,1
Cq1zyFDfGDTL1EV68Z58ag,Saigon Alley,,,Boston,,02116,42.3531,-71.0765,5.0,14,0
cqcb6bH8DYbexGeA7F0g1A,Pinkyotto,,156 Newbury St,Boston,,02116,42.3505,-71.0782,3.5,43,0
cqgUE9i8BI29-QWK4xweWQ,Burtons Grill,,1363 Boylston St,Boston,,02215,42.3441,-71.1002,3.5,135,0
CQQB6WczhjZviMGxkGlqYQ,Michele Topor's Boston Food Tours,,,Boston,,02113,42.3654,-71.055,4.0,21,1
cqQfX8bDkR-7Ijh8JMtqJg,Audubon Boston,,838 Beacon St,Boston,,02215,42.3475,-71.1032,4.0,191,1
cqZ6lnRGGM-y49JJ8VpsbQ,Sovereign Bank,,575 Boylston St,Boston,,02116,42.3506,-71.0767,2.0,8,0
cr3HgikNSOAAsDjspi6fIg,Friend Street Hostel,,234 Friend St,Boston,,02114,42.3644,-71.0611,2.5,36,0
Cr6-jDChFO6c4KosxrXO0w,DJ Raffi - Music & Lighting Productions,,,Boston,,02108,42.3549,-71.0661,4.5,13,1
CR7E75UvIFiQw_I8FAnSLA,East Boston Farm Stand,,75 Meridian St,Boston,,02128,42.372,-71.0388,4.5,39,1
CRbd6ME9QAD4oMswvHMzMA,Viga,,133 Pearl St,Boston,,02110,42.3548,-71.0537,4.0,73,1
cROt_J8z3XC1Afuo9v3osw,Xiang‘s Hunan Kitchen,,1032 Commonwealth Ave,Boston,,02215,42.3515,-71.1222,3.0,34,1
Cru8OxWJsKowm-YuWXwszQ,JT Electrical Services,,,Boston,,02119,42.3218,-71.0884,5.0,10,1
CrWQiEcbO8-gHjmRPZRB6w,John J Dean Jr,,46 Gloucester St,Boston,,02115,42.3488,-71.0842,4.5,8,1
CS9ikyJ58f6Oz28IZrWhgw,Salon Ole,,42 Bromfield St,Boston,,02108,42.3568,-71.0607,4.0,19,0
csmI3nG8Rpy53ftJOWw40A,Shell Gasoline,,1241 Boylston St,Boston,,02215,42.3455,-71.095,2.5,18,1
CSMMXDxprn1fC57YN1sBOg,Teriyaki House,,1110 Boylston St,Boston,,02215,42.3469,-71.0886,3.0,276,1
cSvpRCBljhJiE6NFZUwK4w,Sunset Cantina,,916 Commonwealth Ave,Boston,,02215,42.351,-71.1168,3.5,633,1
CtERG2GxPj1iqkKKb2ZLhw,Blo Blow Dry Bar,,157 Seaport Blvd,Boston,,02210,42.3507,-71.0434,3.5,124,0
CTnwr3W8o-6b0qD0GETwng,The Ivy Team - Keller Williams Realty,,51 Charles St,Boston,,02114,42.3576,-71.07,4.5,9,1
cTVeYcLZv05hD5i_QL4_Mg,Smg Brookline Women's Health,,226 Harvard Ave,Boston,,02134,42.3493,-71.1298,3.0,7,1
CUFK7h9YWrDDqlczhyTR7w,The UPS Store,,292 Newbury St,Boston,,02115,42.3488,-71.0847,4.0,31,1
CUnDGuaEtPgne0tS6sdP5w,Omar & Oscar Jewelry,,100 Meridian St,Boston,,02128,42.3727,-71.0392,3.0,5,1
CUY1WARC0uNArY1N511bWQ,Going Bananas,,64 Salem St,Boston,,02113,42.3634,-71.0561,3.5,79,1
cV_YaVZ2yX3Avkl5Mm4MGg,Au Bon Pain,,750 Washington St,Boston,,02111,42.3498,-71.0633,2.5,27,1
CvFG-e-EOxacJ2OL1GDnMQ,Star Laundry,,896 Huntington Ave,Boston,,02115,42.3319,-71.1116,3.5,13,1
cvFt24hF04M4MpYvZ9F7EQ,PLS Check Cashing,,150-192 Park St,Boston,,02132,42.284,-71.1543,1.0,6,1
cvJGYZqpy_TG7QnUmvzh3g,Kennedy Fried Chicken,,1041 Tremont St,Boston,,02118,42.3366,-71.0858,4.0,7,0
cVk-6rMhqyjovT_oSd0WJA,Azores Airlines,,1 Harborside Dr,Boston,,02128,42.3697,-71.0194,1.5,15,1
CVn0N8XWxxAPyrZV4syrJg,Sebastians Caf? & Catering,,1 Devonshire St,Boston,,02108,42.3582,-71.0575,3.5,48,0
cvQ8bvFSudHcWZRNJGRgHQ,Charles River Bistro,,1 David G Mugar Way,Boston,,02114,42.3573,-71.0737,2.5,48,0
cvRz6IlHaUFXGRUTNGrb0Q,The Alley Bar,,Boston Harbor Hotel,Boston,,02110,42.3565,-71.0541,3.5,11,1
CVvIU9OIhfBYBm0wHKi6-Q,Nunzio's Pizzeria,,195 State St,Boston,,02109,42.3593,-71.0527,3.5,45,0
CvxkXuBs0I7ySCe0aNrI0g,Boston Common Visitor's Information Center,,139 Tremont St,Boston,,02111,42.3555,-71.0638,3.5,13,1
CVZ8fRJ92X1aUNHXiVMLJQ,Pizza Rail,,1696 Commonwealth Ave,Boston,,02135,42.3412,-71.1466,3.0,30,1
cvzDDGJz9ZDps5Ebd-E8kA,Flat Black Coffee Company,,50 Broad St,Boston,,02109,42.358,-71.0537,4.0,186,0
CW91IVykW8gy6p-N7XMN6w,Cakeology,,290 Washington St,Boston,,02108,42.3574,-71.0582,3.0,25,0
CWCTuJNuaV2vWzX2KOFzlA,Boston Business Printing,,115 Broad St,Boston,,02110,42.357,-71.0522,4.5,35,1
CwGXGWKENxJ6XsvuSPs5oQ,Rice Burg,,,Boston,,02128,42.3695,-71.0201,3.5,54,1
CwJarmLZA7Q5Xu0xtpT-CQ,Sugar Heaven,,669 Boylston St,Boston,,02116,42.35,-71.0789,2.5,127,0
CwJVRCtS3DnG8a10TldWsA,J M Mechanical Services,,,Boston,,02128,42.3695,-71.0201,4.0,5,1
CWqL2TEq_V9tipCj-X-GoQ,Granary Tavern,,170 Milk St,Boston,,02109,42.3588,-71.0525,3.5,626,1
cwUUnKCZs8Zild6n2uwiSA,Publico Street Bistro & Garden,,11 Dorchester St,Boston,,02127,42.3372,-71.0437,4.5,184,1
cx_sTi9WYjOuLmF2GpM-0Q,Marshalls,,200 Border St,Boston,,02128,42.375,-71.0398,2.5,7,1
cx8d1acAwK5wnNN83apJkw,TJ Maxx,,350 Washington St,Boston,,02108,42.3564,-71.059,3.0,94,1
cXGFAtw4t4yaEKuboGc0aA,Blue Ivy,,,Boston,,02116,42.3531,-71.0765,5.0,23,1
cxjR1uXCsWM6D2x-ER3eLQ,Tartts Day Care Centers,,56 Wareham St,Boston,,02118,42.3391,-71.0669,4.0,10,1
cXnffm8KQ52uVYLmdEaWfQ,Beadworks,,167 Newbury St,Boston,,02116,42.3508,-71.0789,3.5,19,0
CXTsbhltf26t7L4WQvssBQ,Yang's Dumplings,,196 Quincy St,Boston,,02128,42.3129,-71.0742,4.5,7,1
cyJQsRE8ywDVOLbBRG7MfA,Insight Direct,,60 Canal St,Boston,,02114,42.3635,-71.0595,1.0,5,1
CYRcVhrGYRD-4DNCOftdmA,Rebecca's Cafe,,75 Federal Street,Boston,,02110,42.3551,-71.0567,3.5,5,0
CYugMk-L-rY67Yv6VJiEDw,Delete Tattoo Removal & Laser Salon,,228 Newbury St,Boston,,02116,42.3497,-71.0813,3.0,7,0
CZ2CUl7UilaGZmvYTDPPwg,Mirabella Pool,,Commercial St,Boston,,02109,42.3678,-71.0538,4.0,28,1
CZ2uZxeSMyLOL06hqD7pHA,Fetch Storage,,77 N Washington St,Boston,,02114,42.365,-71.058,4.0,29,0
CZcpzzzNnGUT_ctZoFL72Q,Candid Studio,,123 Newbury St,Boston,,02116,42.3514,-71.0765,2.5,9,1
CzN-Nozj-x6rYU1cqSKHnQ,Chau Chow City,,83 Essex St,Boston,,02111,42.3525,-71.0602,3.0,351,0
czsrWGmQRDwP0tBidbW-iQ,Emilio's,,536 Tremont St,Boston,,02116,42.3443,-71.0706,3.0,108,0
CzzkGwY4N-tW8lUOPKOBNA,Boston Beer Works,,1 Harborside Dr,Boston,,02128,42.3659,-71.0154,3.0,297,1
d_PzobpNDmf5bqgo5kdLrQ,Inner Harbor Jewelers,,112 Chelsea St,Boston,,02128,42.3728,-71.0357,5.0,6,1
d_riR4ErpWq7hMmW6iW1Bw,The Juicery,,58 Salem St,Boston,,02113,42.3633,-71.0562,3.5,77,1
d_SesaaSLwur2BYcMfb6Fg,Boston Pizza Grill,,535 Columbia Rd,Boston,,02125,42.3159,-71.066,3.5,98,1
D079EhvOlSTBHeF3LoU3Kw,New Wave Boston Real Estate,,164 Newbury St,Boston,,02116,42.3504,-71.0786,3.0,96,1
d0Q5-r0kzSzouTOfmWqMJg,Rebecca's Cafe,,One Financial Ctr,Boston,,02111,42.3523,-71.0562,2.5,12,1
d0sbWTa8sA6rS-L4rztmCw,Pizzeria Rico,,32 Bromfield St,Boston,,02108,42.3566,-71.0604,3.5,53,0
D0XChUzTgYwOzU33n4W59g,Sam Adams Boston Taproom,,60 State St,Boston,,02109,42.3594,-71.0566,4.0,21,1
d1eU_J5i6dvhRWkW-eHI2Q,Coldwell Banker Residential Brokerage,,713 Centre St,Boston,,02130,42.3113,-71.1147,2.5,6,1
D1Xc_k9e6mE69xZd3WRuHQ,Dunkin',,20 North St,Boston,,02109,42.3607,-71.0563,2.5,15,1
d28LbHwOCRIRzDALQEtmWA,Bakey's Restaurant,,45 Broad St,Boston,,02109,42.3582,-71.0542,3.5,22,0
d2aJEVJ6bXzxtZ268VpVGQ,Paperchase,,172 Newbury St,Boston,,02116,42.3503,-71.0789,3.0,8,0
D2FxQy1vJS8H9wxh_Fj-XQ,Threading For Beauty,,8 Corinth St,Boston,,02131,42.2867,-71.1304,5.0,11,1
D2Jvvos-Q6hZZWW-V2PvLw,Wendy's,,551 Boylston Street,Boston,,02116,42.3508,-71.076,2.5,49,1
D2KkLuRUIK_Q_wGTIQkYJQ,Blaze Pizza,,1282 Boylston,Boston,,02215,42.3445,-71.0971,4.0,248,1
D2xCw0EkNmZtTNPv73vBMw,Chicken Lou's,,50 Forsyth St,Boston,,02115,42.3394,-71.0903,4.0,116,0
d30UzNYJmuc8tmBWhSQ66w,Michelle Schapiro Photography,,,Boston,,02130,42.3097,-71.1151,5.0,14,1
D37JiBDWxz130VOHIjQhxA,Bogie's Place,,25 Temple Pl,Boston,,02111,42.3551,-71.0623,4.0,97,1
D37K-4d0Gy5OhykjfDiB8Q,Makeup by Kerri Herlihy,,,Boston,,02118,42.3378,-71.0706,5.0,22,1
D3EMZKhkRqUQya20IGv7lg,Rod Thai Family Taste,,94 Peterborough St,Boston,,02215,42.343,-71.0992,4.0,411,1
D3w6zKIhiQ0QmauujDUI-g,Edward J & Co Hair Salon,,100 City Hall Plz,Boston,,02109,42.3596,-71.0589,4.0,5,0
d4TBFDR80mzxgT3hSUIVJg,Cintolo & McCarthy CPA,,99 Summer St,Boston,,02110,42.3535,-71.0586,5.0,5,1
d4zbbtDjEREmADh4YoiV6g,Boomerangs Special Edition,,1407 Washington St,Boston,,02118,42.3412,-71.0705,4.0,42,1
d5_ooc0zulzEdCfPWqpjuw,Starbucks,,296 State St,Boston,,02109,42.3602,-71.051,2.5,8,1
d5_yxXOZtcoSqKmt0sraOQ,Lunarik Fashions,,279 Newbury St,Boston,,02116,42.3495,-71.0841,4.0,13,0
d52BHB4IrUcKfaRIkp5M7w,Upper Crust Pizzeria,,20 Charles St,Boston,,02114,42.3567,-71.0698,3.5,406,1
D5csJ8MGi6nE7ZtYN4YlZw,Times Irish Pub & Restaurant,,112 Broad St,Boston,,02110,42.3572,-71.0521,3.0,136,0
d5eBSx2XYFSeAcQ_VzvVPA,Bank of America Financial Center,,540 Commonwealth Ave,Boston,,02215,42.3484,-71.0968,3.0,6,1
D5LffSUxfsJUFEihaqDuXw,Night Shift Brewing Owl's Nest,,,Boston,,02134,42.3593,-71.127,3.5,22,1
D5RgxPF_2KMYC21FhAKBUg,Green Line MBTA,,,Boston,,02116,42.3531,-71.0765,2.0,175,1
D6CxhabvQx009VQBV7Ervg,Joey's Gelateria,,Faneuil Hall Marketplace,Boston,,02109,42.3602,-71.0551,2.0,25,1
D6wyapYXP4lwLWjf-8_I4g,Sabroso Taqueria,,2 Oliver St,Boston,,02109,42.3572,-71.0542,4.5,105,1
d7_gxqrbJmrMmeaNMf7D4Q,Days Hotel Boston-Harvard Fenway,,1234 Soldiers Field Rd,Boston,,02135,42.3637,-71.1364,2.0,26,0
d7BSSH6rgjNQ7FVnKy2UXA,Cai Sheng Tailoring and Alterations,,9 Knapp St,Boston,,02111,42.3511,-71.0619,4.5,8,1
D7EVbal8HCwHiwP1SDjfQA,Super Clean Professional Cleaning,,,Boston,,02128,42.3695,-71.0201,3.5,8,1
d7pKFHAd1udwFmeVo1idtg,My Boston Maids,,1 Bromfield St,Boston,,02108,42.3564,-71.0595,3.0,18,1
d7yrmHwalH53rljxC2P3SQ,EyeBar Boston,,10 City Hall Ave,Boston,,02108,42.3579,-71.0591,4.5,56,1
d7YXuKzivK9OvKcPwGTS6w,Amateras Ramen,,112 South St,Boston,,02111,42.351,-71.0571,4.0,251,1
D8O4u2wYhcdPIi62vbYiFw,Cirque Du Soleil - Varekai,,925 Commonwealth Ave,Boston,,02215,42.3522,-71.1177,3.0,17,1
D8rNVhd41Tn2IJjgskamrg,Seaport Tattoo Company,,380 Dorchester Ave,Boston,,02127,42.3354,-71.0568,4.5,29,1
D8RWQ2i_1EaQ9tq9yJjsIA,Playa Bowls,,277 Huntington Ave,Boston,,02115,42.342,-71.0862,4.0,25,1
D8yvIIWMKSFNbKcFnhRQLw,Benjamin Apartments & Cityside Homes,,107 Brighton Ave,Boston,,02134,42.353,-71.1305,2.0,29,1
d9INZdRybrmFJYhMM_ZrqA,Doughboy Donuts & Deli,,220 Dorchester Ave,Boston,,02127,42.3401,-71.0568,4.0,174,1
d9mwgdmu9R1_WN_2hGxpdg,Boston Common Coffee Company,,103 Canal St,Boston,,02114,42.3649,-71.0602,2.5,66,0
D9r4jovVE1sFHRZj3oYwHQ,CVS Pharmacy,,300 Longwood Avenue,Boston,,02115,42.3372,-71.1055,3.5,6,1
D9zjd7N69_9IvCdTIVu-ww,Liberty Fleet of Tall Ships,,67 Long Wharf,Boston,,02110,42.3595,-71.0493,3.5,101,1
Da0jlcxJRr8fFMfUHIFXow,Salon 236,,236 Dorchester St,Boston,,02127,42.3326,-71.0511,4.5,13,1
da1yiInoYkLmJCJvlhggIQ,South Station,,700 Atlantic Ave,Boston,,02111,42.3523,-71.0553,3.5,215,1
dA9_uVyFlvD5Blh8Aba-zA,McFadden's,,148 State  St,Boston,,02109,42.3594,-71.0541,2.0,138,0
daUdzT7FwCfOJH8Z2q4sfQ,O'Brian's Pub,,1 Harborside Dr,Boston,,02128,42.3774,-71.0169,2.0,10,1
DavscSfINs1QYVdZszHj-w,US Post Office,,11 Deerfield St,Boston,,02215,42.3496,-71.0969,3.0,47,0
db2bKAphF2qbl53AURLqeg,McDonald's,,329 Washington St,Boston,,02108,42.3569,-71.059,2.5,43,1
dB42voEqPL4lcAZIe6TEQQ,Rice Bowl,,6 Hemenway St,Boston,,02115,42.3466,-71.089,3.0,128,0
db4a9sZ7PMjtX-7mvTqMUQ,LE LABO BOSTON - BACK BAY,,129 Newbury Street,Boston,,02116,42.3513,-71.0768,3.0,6,1
DB4yMP4x4cmYLKIIwXwQ6w,MaxSold Estate Sales,,,Boston,,02115,42.3399,-71.0899,2.0,6,1
dB7dauNiPa4Tx1aIcZGeog,McGreevy's,,911 Boylston St,Boston,,02115,42.3485,-71.0844,3.5,360,0
dB9VDNi-P81dWqqFGPaRew,L J Peretti Co,,2 1/2 Park Sq,Boston,,02116,42.3522,-71.0674,3.5,86,1
dBB_sozn9NLIFB1sQLiAKw,Daily Table,,2201 Washington St,Boston,,02119,42.3312,-71.0833,3.5,7,1
dBEr7RLilPrgTCM2GxJcKA,Love Art Sushi,,1 Haviland St,Boston,,02115,42.3466,-71.0875,4.0,312,1
dbmAU7rsSq4JF6lqDMWrrg,Marva's Place,,154 Mavarick St,Boston,,02128,42.3699,-71.0379,5.0,6,0
DBOdKkWqgx8qcoFzYHB2CA,Pink Samurai,,658 Centre St,Boston,,02130,42.3128,-71.114,3.0,11,0
DbsUrQkO7y648qHaP1CBKA,Boston Golf Expo,,Seaport World Trade Ctr,Boston,,02210,42.3466,-71.0418,2.0,6,1
DbwbOeat2lCqFIjmZQeZDA,Rigoletto Ristorante,,115 Salem St,Boston,,02113,42.3644,-71.0554,4.0,312,1
DCfDQeOIG94z1rWAlJlwjw,Freedom Boot Removal,,,Boston,,02116,42.3531,-71.0765,3.5,6,1
DcJWQNCAp6VvI9OAVIvngw,Safar Boston,,235 Newbury St,Boston,,02116,42.3499,-71.0821,4.5,190,1
dcXeYPp3UAgiCzGzmEz6aQ,Sebastians Caf? & Catering,,251 Massachusetts Ave,Boston,,02115,42.3439,-71.0864,3.0,8,0
dDCQyhsMUma14tDIZGqKqA,The Gargoyles Grotesques & Chimeras,,262 Newbury St,Boston,,02116,42.3492,-71.0831,5.0,22,0
ddjGY3W2ErLgszhGOrWWig,Club Acela,,2 S Station St,Boston,,02111,42.352,-71.0546,3.0,6,1
DDUtz3VxbRZwUg8n1mI-kA,344,,344 Newbury St,Boston,,02115,42.3483,-71.0869,2.0,41,0
ddYsTcUtjMYcKn7ER-eoJw,Travel Pack,,35 Harrison Ave,Boston,,02111,42.3516,-71.0613,3.5,5,1
De_jcVYLEgW-fqsMa6ibKg,Magic Touch,,131 Dartmouth St,Boston,,02116,42.347,-71.0754,4.0,8,1
de2TuqV9cRym13OwcoPgGA,Natural Bean,,250 Newbury St,Boston,,02116,42.3494,-71.0827,4.0,27,0
DEBiM8Uo8U4yomOqhs46WQ,SpeakEasy Stage Company,,539 Tremont St,Boston,,02116,42.3444,-71.0713,4.0,7,1
deBUf_WDoYS2b1ePkLeXPw,Volle Nolle,,351 Hanover St,Boston,,02113,42.3645,-71.0534,4.5,136,0
degM_MPPwcpwmuP3z9eG3w,NEC Prep New England Conservatory Prep,,290 Huntington Ave,Boston,,02115,42.3412,-71.0866,4.5,20,1
degSieOzlaFvWU-OsJrePw,Herb Chambers MINI of Boston,,1168 Commonwealth Ave,Boston,,02134,42.3493,-71.1282,3.5,141,1
dejrn2wiptmc8gTm7MeAkw,Stella Cafe,,1515 Washington St,Boston,,02118,42.3399,-71.0721,3.0,32,0
DeKd_nL_AeEJdi5RmRMmeg,Pepper Pot,,208 Dudley St,Boston,,02119,42.3285,-71.0815,3.5,40,0
deYlC6-Km-KRPsXBSdTr-g,dogsRbarkin,,111 G St,Boston,,02127,42.332,-71.0444,5.0,16,1
DF2yDVDrQTebbDNzBi_03g,Boston Sports Clubs,,560 Harrison Ave,Boston,,02118,42.3407,-71.0672,2.5,142,1
DfF3fNYCnFdwf2aypoUtVg,W Boston,,100 Stuart St,Boston,,02116,42.3508,-71.0656,3.5,335,1
DFhUSSAqkQ3cD4gRGCMWRA,Cuffs,,350 Stuart St,Boston,,02116,42.3492,-71.0724,3.0,53,0
DfLQ1U-JRrgCkWgrB3ONBQ,Ceremony,,53 River St,Boston,,02126,42.3579,-71.0708,4.5,41,1
dfmcNAS_jOVUFHrRCQ3oQQ,Vogo Salon,,224 Harrison Ave,Boston,,02111,42.3479,-71.0617,4.0,36,1
dfXGSsN8k3AJ1qGwGUdvHg,Molly's Beauty Boutique,,425 Hanover St,Boston,,02113,42.3658,-71.0526,5.0,5,1
DG4QD4ueXvC_UXu0GKAugA,La Pizza & La Pasta at Eataly Boston,,800 Boylston St,Boston,,02199,42.3474,-71.082,3.0,145,1
DgK4nHFuWUQ7Sr918Oesmg,Deb McCarthy Photography,,10 Linden St,Boston,,02127,42.3342,-71.0451,4.0,5,1
DGlk1nTaaRE6uJFJbKv45A,City Table,,65 Exeter St,Boston,,02116,42.349,-71.0796,3.5,293,1
DgNeB7-RbhUtgdDfPYWqQQ,K & K Nails and Spa,,516A Gallivan Blvd,Boston,,02124,42.2828,-71.0555,4.0,17,0
DGVP4xageO2dioAygU87Ag,Shrafft's Center Caf?,,529 Main St,Boston,,02129,42.3844,-71.0718,2.5,13,1
dgZYQFDFS7cJbe474pIt5w,UFood Grill,,1 Harborside Dr,Boston,,02128,42.3633,-71.0174,2.0,70,0
DhCbcPSjdu5UNCRNfvQFNg,Dunkin',,100 City Hall Plaza,Boston,,02114,42.3595,-71.0591,3.5,8,1
DhCu4cleFdrKr9Zl-yNB5A,Sleep-A-Rama,,1260 Boylston St,Boston,,02115,42.3451,-71.0959,4.5,83,0
dhWyQbp9v0CM1RqcPVjMuA,Uyghur Kitchen,,,Boston,,02210,42.3517,-71.0409,3.5,7,0
dHymB6RvRDKinR5_MQh-nQ,Dosa Factory - Boston,,316 Newbury St,Boston,,02115,42.3487,-71.0855,2.5,182,0
DHyRP4_sbyhYUsysa1smNQ,All Out Moves,,,Boston,,02130,42.3105,-71.1174,3.5,6,0
dI41REp-KRYaOW0rnqtklw,South End Food Emporium,,465 Columbus Ave,Boston,,02116,42.3435,-71.0785,3.5,39,1
DiFfvfy51u2l7wX8kHMG6g,Spire Restaurant & Bar,,90 Tremont St,Boston,,02108,42.3574,-71.0609,4.5,21,0
diLEcXlYdKlFvPENJapGwQ,South Boston Auto & Heavy Truck Repair,,519 E 2nd St,Boston,,02127,42.3369,-71.0427,2.0,39,1
DImi8qeCP-OUaLA8L2QR6A,New Jumbo Seafood Restaurant,,5 Hudson St,Boston,,02111,42.3509,-71.0602,3.5,338,1
Diov7puSXElQlt4mj37Ltg,Priscilla of Boston,,801 Boylston St,Boston,,02116,42.3491,-71.0821,2.5,58,0
diQl0SK2aFCaRk_MtcS8IQ,Deria Express Cafe,,1121 Harrison Ave,Boston,,02119,42.3307,-71.082,5.0,7,1
DIRXMPneSiHoOani8QnI3A,Hong Kong At Faneuil Hall,,65 Chatham St,Boston,,02109,42.3597,-71.0539,3.0,429,1
divcUqvNdijpmL_hEf-Zug,Bostonwood,,1117 Commonwealth Ave,Boston,,02215,42.3515,-71.1256,4.5,23,0
DJ1mfFOjmEjNfSwAbDl35g,Metro Boston Property Inspections,,265 Franklin St,Boston,,02110,42.3565,-71.0534,4.5,11,1
Dj1vEVlk6PF1XrpQATOEvg,Bruegger's Bagels,,91 Summer St,Boston,,02110,42.3537,-71.0586,3.0,38,0
Dj2l6yc52rv1rZFB8mTXDA,Coffee Central,,55 Fruit St,Boston,,02114,42.3627,-71.0687,4.0,31,1
DJ4afgihkYY_aQxEKTnhjg,24 Hours Locksmith,,56 High St,Boston,,02110,42.3539,-71.0557,1.5,7,1
Dj6xAsNShu2sCGP32Jc-IQ,Onyx Hotel,,155 Portland St,Boston,,02114,42.3642,-71.0614,4.0,210,1
DJ8L-KDfSJ7ubkqE-FmqPw,Symphony Sushi,,45 Gainsborough St,Boston,,02115,42.3422,-71.0862,3.5,359,1
DjeCpbZ2eyc4YSheLp9i3w,L'Espalier,,774 Boylston St,Boston,,02199,42.349,-71.081,4.0,822,0
DJHb1T36ORCp9A0rLm7zcQ,Ultimate Bootcamp,,Beacon St & Charles St,Boston,,02108,42.3563,-71.0691,4.0,20,0
DJMKNvNYIo3G8ks9RrNqbg,Scoozi,,580 Commonwealth Ave,Boston,,02215,42.3488,-71.0995,3.5,193,0
DJNUhBgks1JFeVQrPchNBg,Pinkberry,,800 Boylston St,Boston,,02199,42.3472,-71.0818,3.5,89,0
dJOsggmNZtkCHiaC6_Ty6A,Friend Street Cafe,,234 Friend St,Boston,,02114,42.3644,-71.061,3.5,9,0
dJqm-f1PviXriIbASEwg_g,Barrington Coffee Roasting Company,,303 Newbury St,Boston,,02115,42.3489,-71.0855,4.0,152,0
dJrFJFDVpUQLIlmeFt5eIg,Temple Israel,,477 Longwood Ave,Boston,,02215,42.3405,-71.1091,5.0,9,1
dK2kynK3WsmZuNHhLPOx4w,New England Baptist Hospital,,125 Parker Hill Ave,Boston,,02120,42.3295,-71.1073,4.0,39,1
dk4B1OIQxLv5a6dBdkR1Rw,Ryder Truck Rental,,280 W 1st St,Boston,,02127,42.3403,-71.0469,2.0,6,1
dKfT6VhCD3OKYVE2HUrWWg,Sully's Barber & Styling Shop,,1596 Tremont St,Boston,,02120,42.3335,-71.1032,4.0,25,1
DkhLETFI7Z49Kbsa6E1icA,Hojoko Boston,,1271 Boylston St,Boston,,02215,42.3452,-71.097,3.5,396,1
DkIe97WSfRqfE5XTZWsWAQ,Dunkin' Donuts,,127 Tremont St,Boston,,02108,42.3551,-71.0631,3.0,19,1
DKJBTf2iQii8rfLtL6um_Q,Roman Tree Services,,,Boston,,02131,42.2832,-71.127,5.0,51,1
DkuCJwpeiGhW41EEcOKweg,Clink,,215 Charles St,Boston,,02114,42.3622,-71.0705,3.0,403,1
dLJnfBuvo173GQJ32RSN2Q,Cafe at John F Kennedy Library,,Columbia Point,Boston,,02125,42.3131,-71.0332,4.0,5,1
DLN1TuDm1sXBsOxppAUPxw,Le Chef Mobile,,,Boston,,02124,42.2826,-71.0676,2.0,9,1
dLnOm0ZaChg8ukUYdkeKzg,MGH General Store & Flower Shop,,55 Fruit St,Boston,,02114,42.3627,-71.069,5.0,9,1
DLvAonJVaiXR22OB7nvJpA,City Wine Tours,,,Boston,,02109,42.3661,-71.0483,4.5,65,0
dLy5XTpLgSgw9lrSxybfSg,Emerald Laundry & Dry Cleaning,,5290 Washington St,Boston,,02132,42.2588,-71.1596,4.0,32,1
dlze7JLZH8EbY3KeenOugQ,Happy Owl Cafe,,5 - 7 Henshaw St,Boston,,02135,42.3494,-71.1498,3.0,6,0
DM-a8Tsc1fEWjunMIG4IPA,Halisi Day Spa & Salon,,13 Melnea Cass Blvd,Boston,,02119,42.3317,-71.0736,3.0,45,0
DMH-jBuF_oezJk2Vb3jEkg,Boston Threading,,386 Washington St,Boston,,02135,42.349,-71.1544,4.5,199,1
DmJK-IWY2F0ykgHKxVgnZg,Cafe de Boston - Eatery & Catering,,75 Federal St,Boston,,02110,42.355,-71.0568,4.0,168,1
dmLrPLWGLGkI3qBixFDEvw,Bao Bao Bakery & Cafe,,77 Harrison Ave,Boston,,02111,42.3511,-71.0615,3.0,183,0
dMyA--f5F7PwRZMqi5rzeg,Subway,,700 Commonwealth Ave,Boston,,02215,42.3496,-71.1048,3.0,6,1
dn08P6oaAMhWv-2gqEJ-Eg,Oriental Car King,,283 Western Ave,Boston,,02134,42.3637,-71.1341,4.5,6,1
dn35cgExWIghaDarpbYILw,Newbury Guest House,,261 Newbury St,Boston,,02116,42.3496,-71.0833,4.0,69,1
Dn6uQsHhlF502IsvQl5mvw,Friends Pop-up Boston,,401 Park Dr,Boston,,02215,42.3448,-71.1023,4.0,6,0
Dn9cTUxni5_wem3judNwsg,Barracuda On The Fly,,55 Bromfield St,Boston,,02108,42.3571,-71.0608,4.0,8,0
dNysYJ_zT4VtQSTKQd2Dpw,Dunkin',,530 Commonwealth Ave,Boston,,02215,42.3485,-71.0964,2.5,21,1
DOFAhFXUgEs3SWbwUC0VCg,United Airlines,,1 Harborside Dr,Boston,,02128,42.3666,-71.0165,1.5,188,1
dofHy7pmnKMM5IOadYQD1A,Phdposters,,375 Longwood Ave,Boston,,02215,42.3399,-71.1081,5.0,19,1
DoHMtha6iMdoNXOILpvAAg,Hale & Hearty Soups,,185 Franklin St,Boston,,02110,42.3557,-71.0551,3.5,63,1
doIXoI9cJSSblfCLAvPw5g,Courtyard by Marriott - Boston Downtown North Station,,107 Beverly St,Boston,,02114,42.3657,-71.0597,4.0,43,1
DoS7jpSaKT7Ru2NAYDCIKg,Betty's Wok & Noodle Diner,,250 Huntington Ave,Boston,,02115,42.3423,-71.085,3.0,162,0
DoxJ_ELGpQHDtuCNXEWtCw,Clarke's at Faneuil Hall,,21 Merchants Row,Boston,,02109,42.3594,-71.0554,3.0,193,1
dp5RVEVtI8ZVW9xEZtcICw,Value Dry of Massachusetts,,41 Belvidere St,Boston,,02115,42.3461,-71.0859,3.0,9,1
Dp6uvrBNLkimgP1-iIAo4A,Noodle Lab,,100 Hanover St,Boston,,02108,42.3619,-71.0573,3.5,104,1
Dpc6xoqWFdhp4oNLXhechw,TurtleScreen,,1457 Dorchester Ave,Boston,,02122,42.3009,-71.0602,4.5,12,1
DpceX_exldZkU6WMsV0N_A,Carmel Movers,,65 Sprague St,Boston,,02136,42.2356,-71.1417,4.0,35,1
dpKrT9FdZfvp-C9sW7xVag,Goodrich Residential,,55 Causeway St,Boston,,02114,42.3643,-71.063,3.0,8,0
dQ4elaeRxCwkJC3YveGykQ,SideBar & Grille,,39 Dalton St,Boston,,02199,42.3461,-71.0837,3.5,31,1
dqIgmoEyjH-t3hTKdXYFmg,Avis Rent A Car,,3 Center Plz,Boston,,02108,42.3589,-71.06,1.5,24,1
dqk5hVO1WcPmRpo70j5tBQ,Elite Chimney Solutions,,,Boston,,02108,42.3549,-71.0661,1.5,17,1
DQqlcGu_mAcyJvx9VKpLFw,Ashburton Cafe,,1 Ashburton Pl,Boston,,02108,42.3596,-71.0624,4.0,22,1
DqRNdxyhHz9mFGzs5JwndQ,Zip Realty,,,Boston,,02127,42.3365,-71.0349,3.0,8,1
dqyM-zt4AUF_LTPx1828kw,Men In Black- Boston Wedding Band,,,Boston,,02135,42.3464,-71.1627,5.0,11,1
DqzztwJSmKzNzNrSh1fZ9w,Brito Family Dental,,272 W Broadway,Boston,,02127,42.3391,-71.0513,4.0,8,1
dR-eWXQCpMyqQvasCnLFOw,Marc Roos Realty,,484 Commonwealth Ave,Boston,,02215,42.3485,-71.0942,3.5,44,1
Dr218ZKEprN4zQXKpfgxlg,Shino Express Sushi,,144 Newbury St,Boston,,02116,42.3509,-71.0772,4.0,9,0
dR79gtrf1bljP-aM3n6d6Q,Wingz and Tingz,,388 Blue Hill Ave,Boston,,02121,42.3114,-71.0809,2.5,36,1
DRb-i1d7eV0qdinOg9MUKg,Dise?o,,460B Harrison St,Boston,,02118,42.3422,-71.0643,4.0,8,1
dRdGlKQPrhdhcZZuUjBi2Q,Mayfair On The Hill,,81A W Cedar St,Boston,,02114,42.3604,-71.0699,4.0,24,1
DrfWREMxP-0JCt5Pz8_sUQ,Legal Crossing,,558 Washington St,Boston,,02111,42.3537,-71.0623,3.5,373,1
dRjDFphmYQr0yS896Hl14Q,Aum Training Center,,332 Newbury St,Boston,,02115,42.3483,-71.0863,5.0,10,1
Drl90gb6vpnIho3WqF5mVg,Orange Leaf Frozen Yogurt,,145 Tremont St,Boston,,02111,42.3542,-71.0639,2.5,18,0
dRLxINn1wyUtDUUuY24GNQ,Noodles King,,400 Brookline Ave,Boston,,02215,42.3382,-71.1069,4.0,36,1
DS94WIIwhfkrz5ZxMHVIyA,High Spot Deli,,10 Beacon St,Boston,,02108,42.3581,-71.0618,4.0,65,1
DS9lwC8cjgye4Ms59eaZBQ,Marrero Events,,,Boston,,02116,42.3531,-71.0765,5.0,11,1
dSApVN8sojmU6cIQLpzdGA,Falafel & Couscous,,512 Park Dr,Boston,,02228,42.3478,-71.1058,3.5,9,0
dsJn8j4XfNhLltiZn1sLaA,Mansfield Street Dog Park,,Mansfield St,Boston,,02134,42.357,-71.1306,4.5,6,1
DsleGw9inwvhXqjueN3ucQ,Dorchester Brewing,,1250 Massachusetts Ave,Boston,,02125,42.3222,-71.0621,4.0,158,1
DsOE2WT-zhm0pfKFqbCi0g,Massachusetts General Hospital,,55 Fruit St,Boston,,02114,42.3632,-71.0688,3.0,231,1
DSU5A5D7o1WxoWKTH7cINg,Bookistan,,187 Harvard Ave,Boston,,02134,42.3508,-71.1315,4.5,12,0
dsYOWeRSD1lvR3-XPV4-jw,Cafeteria Y Pizzeria Mi Colombia,,50 Maverick Sq,Boston,,02128,42.3701,-71.0387,2.5,5,1
DtbqpLv3u1yePMdGpkGZjg,Emmi Sorokin Men's Fashion Stylist,,,Boston,,02101,42.3566,-71.0565,5.0,11,1
dtgCBHWeNCpKvKIpnjOlbQ,Fossil Store,,359 Newbury Street,Boston,,02115,42.3484,-71.0878,3.0,6,0
dtmmT1FWFmS45S9GveTU1Q,Koukla Salon,,62 Salem St,Boston,,02113,42.3633,-71.0562,4.5,9,1
DtnRy8ip_yfZr7OnMKtVbg,Borders Books Music & Cafe,,24 School St,Boston,,02108,42.3575,-71.0591,3.0,49,0
DtOLPInbvMKZ_q6IoiDfMA,Pearl Club,,75 Warrenton St,Boston,,02116,42.3499,-71.0659,2.5,8,0
DtpoEm-kp6mOBhsnpVzWlA,Yamato II,,545 Boylston St,Boston,,02116,42.3508,-71.0759,3.0,421,1
dtqlWj2D3NKYlDIIhvwg0A,Lovepop Cards,,700 Atlantic Ave,Boston,,02111,42.3519,-71.0552,3.0,58,1
dtR1VUvUTTVRxs5rrX98sA,Tiffany,,5 Newbury St,Boston,,02116,42.3528,-71.0715,3.5,15,1
DTRZJz9qcLHK1E1LvWgGtA,Mottley's Comedy Club at Trinity,,61 Chatham St,Boston,,02228,42.3597,-71.054,4.0,11,0
Du3iPcB4cwTsnHNjTosLwA,Southie Nail Bar,,150 W Broadway,Boston,,02127,42.3407,-71.0534,4.5,21,1
DU6tQWkcQCAJePs36FC5gA,Anfa Barber Shop,,33 Gloucester St,Boston,,02115,42.3494,-71.0841,3.5,99,1
DUBAEpVcS393gc-W1i1ykw,Boston Upper Deck Trolley Tours,,100 Terminal St,Boston,,02129,42.3829,-71.0554,3.5,49,0
dUkA48oM5biw-hsYpOgA_Q,Cohen's Fashion Optical,,328 Washington St,Boston,,02108,42.3569,-71.0589,3.5,64,0
DuLuajAOPfheZnqpIwiBmg,Lure,,306 Newbury St,Boston,,02115,42.3486,-71.0852,4.0,15,1
DuT5BBmKRtcGYQzKkoEiZw,Cheers - Faneuil Hall,,1 S Market St,Boston,,02109,42.3601,-71.0554,3.0,322,0
duUJcQpWkFeMkcOBpSqlqg,Northeastern University Bookstore,,360 Huntington Ave,Boston,,02115,42.3394,-71.0879,2.5,6,1
DVcfV1xkp56kJ5OmWbpWVQ,Hadassah Bargain Spot,,1123 Commonwealth Ave,Boston,,02215,42.3517,-71.126,4.0,5,0
dvDeqyghvJJ1_WIr2AESSw,Be Relax Spa,,Boston Logan International Airport,Boston,,02128,42.3656,-71.0096,4.0,45,0
Dveh_fLquTrzr1FI8gpH3w,Big City Moving Co,,,Boston,,02134,42.3593,-71.127,4.0,57,1
DveVfjSqijHv33AOQhtpwg,New Balance Factory Store,,173 Market Street,Boston,,02135,42.3567,-71.1495,4.0,148,1
DvHULVGFrf-IqkNkP3q8DA,Pete's Dockside,,12 Channel St,Boston,,02210,42.3455,-71.0369,4.5,118,1
DVKO5OvmVb2lZrR277AnYQ,City Golf Boston,,38 Bromfield St,Boston,,02108,42.3567,-71.0604,4.0,12,0
DvMQb7ycRagBGmoPSG2l8Q,Linens On the Hill,,52 Charles St,Boston,,02114,42.3574,-71.0703,2.0,9,1
DvomMGsyx9TaIrgENK1i-w,Piers Park Sailing Center,,95 Marginal St,Boston,,02128,42.3649,-71.0363,4.5,13,1
dvP90dB0Od0yreOajInkww,Pavement Coffeehouse,,286 Newbury St,Boston,,02115,42.3488,-71.0844,3.5,203,1
dVuKjYmq-L3wTofw29jdYQ,Peking Tom's,,25 Kingston St,Boston,,02111,42.3537,-71.0593,2.5,19,0
Dvwj6KWrDZHVQwlSjYS4Iw,Boston Burger - Boston,,1100 Boylston St,Boston,,02215,42.3468,-71.0885,4.0,1037,1
dVzEAnyh1697gGSz16y-7A,Cousins Maine Lobster - Boston,,,Boston,,02128,42.3695,-71.0201,4.0,13,1
dw5yatk-gpeCPUxftfqSEg,Emporio Armani Boutique,,2 Copley Pl,Boston,,02116,42.3474,-71.0783,4.0,9,0
dwAecuRfRFgGf27lm_Vyng,Minter and Richter Designs,,6 Ainsley St,Boston,,02122,42.2925,-71.0563,4.5,19,1
dWcos7Q35O87wKX7kgDjKw,Au Bon Pain,,53 State St,Boston,,02109,42.3587,-71.0563,3.0,30,0
dWIMHmdKbBUeGVqRPMAc9w,JP Oil,,525 Centre St,Boston,,02130,42.3173,-71.1134,2.5,5,1
DwKtYCzfK6NbKj1--ZLmOw,PlayYourCourt,,,Boston,,02115,42.3643,-71.0707,5.0,6,1
dxE9EBO2QeorLDakf1DRcg,Maria's Kitchen,,1819-1829 Centre St,Boston,,02132,42.287,-71.1537,4.0,11,1
DXho4NyanHYoI84uev9Omw,Coppersmith,,40 West 3rd St,Boston,,02127,42.3424,-71.0538,3.5,520,1
dXPmYs9b3xyv9Zqa0z8adA,La Voile,,261 Newbury St,Boston,,02116,42.3496,-71.0833,4.0,530,1
dy-XO6rRE1cAMMrpMDQRrw,Explorateur,,186 Tremont St,Boston,,02116,42.3525,-71.0642,3.5,351,0
dYal6OLxmxDQwJQKc2SAXQ,US Post Office,,25 New Chardon St Lbby,Boston,,02114,42.3621,-71.0617,4.0,6,1
dYezyZvEPYK0HRmgPxc5Ng,Croma,,269 Newbury St,Boston,,02228,42.3496,-71.0836,3.5,99,0
dyKPDjQpa34DzSeKAadwTg,Underbar,,275 Tremont St,Boston,,02116,42.3549,-71.0754,3.0,72,0
DYOLJf1GTcnb3tj4Ix_UDQ,Orange Corner Cafe,,374 Massachusetts Ave,Boston,,02115,42.3419,-71.0833,3.5,26,0
DYSHsDRZhYjogQtzL4tiFw,InterContinental Boston,,510 Atlantic Ave,Boston,,02210,42.3537,-71.0519,4.0,330,1
dYyX3WGN4ATQh0aBS1UL5Q,Blue Line MBTA,,,Boston,,02111,42.3515,-71.0602,3.5,37,1
dz2OSto01aMIWkGHXd8lOg,FiRE + iCE  Grill + Bar,,205 Berkeley St,Boston,,02116,42.3506,-71.0725,3.0,743,1
DZ39zrjmfRhuWxJQYxrKKQ,Cisco Seaport,,7 Fan Pier Blvd,Boston,,02210,42.3524,-71.0463,4.0,46,1
dz3W_NZx2LkvZVd6UxUvDQ,M C Spiedo,,606 Congress St,Boston,,02210,42.3482,-71.0395,3.0,62,0
DzJumFwRmQKJOiLWHAZA9A,Lucy Ethiopian Cafe,,334 Massachusetts Ave,Boston,,02115,42.3425,-71.0841,4.0,412,1
dzjVsFapiOY0hu0Yi6BQdw,Sweet Rice,,187 Main St,Boston,,02129,42.376,-71.0648,3.5,140,1
DZL7B4Yh_aSJCPGRsHUfBQ,Avis,,Government Ctr,Boston,,02108,42.3588,-71.0604,1.5,6,1
DZm67Anqn1IQTB9iGvw4Fw,Rock Bottom Restaurant & Brewery,,115 Stuart St,Boston,,02116,42.3513,-71.0653,3.0,651,1
DZnhcxnSys_emI7ZHd5jYg,OAK Long Bar + Kitchen,,138 St. James Ave,Boston,,02116,42.349,-71.0763,3.5,335,1
DZOe8OWo84iRb8-p8kIRwA,Dick's Beantown Comedy Vault,,124 Boylston St,Boston,,02116,42.3524,-71.0659,3.0,33,0
Dzqu8p58M3G2USX3TpifqA,An Tua Nua,,835 Beacon St,Boston,,02215,42.3469,-71.1029,3.0,122,0
Dzt3nDmCqi1yIdI05uximw,In Your Ear Records,,957 Commonwealth Ave,Boston,,02215,42.3519,-71.1191,4.0,80,1
DZwndM7SUHCFAkH-TNdhrw,Maxine's On Saint James,,304 Dudley St,Boston,,02119,42.328,-71.0775,3.5,51,1
dZXV7ALO_se27qPLM6v0RQ,Fei Fan Eatery,,42 Beach St,Boston,,02111,42.3515,-71.061,4.0,11,0
dzYTNSUTt81QsJOd29hwGQ,Met Back Bay,,279 Dartmouth St,Boston,,02116,42.3512,-71.0776,3.0,890,1
dZzYL31TwbNibo6DcfGwPQ,Dog 'n Claw,,90 E India Row,Boston,,02110,42.358,-71.0506,4.5,6,0
e_59C9rnDRtVJnQa35xgzw,Pizza Pie-er,,138 Old Colony Ave,Boston,,02127,42.3351,-71.055,3.0,35,0
e_bv9ieOHVriU8VkHFdpgQ,Lafayette Place Garage,,1 Avenue De Lafayette,Boston,,02111,42.3537,-71.0609,2.5,5,1
e_RP9seodUIa_5RPsGk0bw,Gong Cha,,44 Harrison Ave,Boston,,02111,42.3516,-71.061,3.5,200,1
e_Vuw_kjvWLp5j1W0mw2iA,Cryotherapy West Roxbury,,1747 Centre St,Boston,,02132,42.2875,-71.1503,5.0,10,1
e00eCR87_s_TaU9LJrA9Sg,T-Mobile,,375 Washington St,Boston,,02108,42.3563,-71.0589,2.0,16,0
e05x1ju1pUXB_MX68blO_Q,Guess,,80 Newbury St,Boston,,02116,42.3514,-71.075,3.0,10,1
e0EyjSJfWjOyZE1-ubjZ0w,Tours of The Freedom Trail,,139 Tremont St,Boston,,02111,42.3555,-71.0639,4.5,62,1
e0inP5NKA8anLuAGGnWhRw,A Sweet Place,,1514 Dorchester Ave,Boston,,02122,42.299,-71.0604,3.5,11,0
e0Xqct07zghIfUQrSITjaw,Darbar,,130 N Beacon St,Boston,,02135,42.3549,-71.1447,3.5,194,1
E26yjvDgx4mJhxuPv2RkpA,Au Bon Pain,,23 Drydock Ave,Boston,,02210,42.3442,-71.03,4.5,6,0
E2De90kZUtXIS2dy-vn1yg,Deuxave,,371 Commonwealth Ave,Boston,,02115,42.3495,-71.0892,4.0,546,1
e2fLdVyjH_7KqQ6SoDIM0Q,Rosa Mexicano,,155 Seaport Blvd,Boston,,02210,42.3501,-71.0426,3.0,697,1
E2iT-xVJT66Yxqb-vDz_Eg,Mezcala Tex-Mex Grill,,7 N Market St,Boston,,02109,42.3606,-71.0547,3.0,387,0
E2lz4CRukAMMYIRE2gaoTQ,George Howell Coffee,,100 Hanover St,Boston,,02108,42.3621,-71.057,4.0,47,1
e2QqPaX830qkMYAjkd2TBA,Rhyme of Korea,,72 Kneeland St,Boston,,02111,42.3505,-71.0605,4.5,16,1
E3pviiBf68UwNj5BfmvaoQ,Green Tangerine Spa and Salon,,39 Dalton St,Boston,,02199,42.3463,-71.084,4.0,57,1
E3Qqa99qFy1oeGMv0wPBBQ,Tora Japanese Restaurant,,20B Tyler St,Boston,,02111,42.3507,-71.0606,4.5,424,1
e3ub67T0KLXf61S9if9fvg,Durty Nelly’s,,108 Blackstone St,Boston,,02109,42.3617,-71.0566,3.5,228,1
e4CjMQOnUT4JxuS7PPm0Cw,Milk Street Cafe,,50 Milk St,Boston,,02109,42.357,-71.0576,3.5,124,1
e4LnH--_RyUWfB5mI_-_tw,Owl Station Japanese Bistro,,28 W Broadway,Boston,,02127,42.3428,-71.0564,3.5,55,0
e4r0wRKY_iNdmDffnV0ntw,Ogawa Coffee,,10 Milk St,Boston,,02108,42.3569,-71.0581,4.0,564,1
E4TlsW8iE29-nvEow5FSBg,Kingston Grille & Bar,,25 Kingston St,Boston,,02111,42.3537,-71.0593,3.0,47,1
E4yUvTNWXWZ0eYEaNFDcpg,Payless ShoeSource,,367 Washington St,Boston,,02108,42.3564,-71.0594,3.0,15,0
e5_xGalEytZ5nKp6qyWTeg,Judy West Photography,,,Boston,,02123,42.3505,-71.1092,5.0,9,1
e5AGp_FQAZjrJJZj-525jA,Machine,,1256 Boylston St,Boston,,02215,42.345,-71.096,3.0,164,0
E5AXynpMkDe_l2NYFVVj-g,Sal's Pizza,,150 Tremont St,Boston,,02111,42.3547,-71.0634,3.5,113,1
E5Rp_drzf_SwISfR7Jo6LQ,Dawat Fine Indian Cuisine,,129 Brighton Ave,Boston,,02134,42.353,-71.131,3.0,16,0
e5ugz2AGPaE3vp1SXfoZkg,Copley Square Fountain,,Copley Square,Boston,,02116,42.3502,-71.0762,4.0,12,1
e6WA4_4-4SzEzAHPsn7VNQ,Cafe Madeleine,,517 Columbus Ave,Boston,,02118,42.3421,-71.08,4.5,271,1
e6YUhGMvufrODYVJeAMh1g,Trattoria Newbury,,264 Newbury St,Boston,,02116,42.3492,-71.0831,3.5,95,0
e7AJP8vH4bo-yoYgyG8GJQ,Lock smith,,,Boston,,02445,42.3328,-71.1389,3.0,25,1
e7g8vGmr0a-YW1lBtEBLrg,Orinoco,,477 Shawmut Ave,Boston,,02118,42.3389,-71.0759,4.0,598,1
E7QPNyamhXo9GqUfIubMRw,North End Boston Food Tour,,30 Parmenter St,Boston,,02113,42.3639,-71.0551,5.0,27,1
E82PrmmAQA6gwCC-kZ3eMg,Waterfront Laundry,,418 Hanover St,Boston,,02113,42.3669,-71.0528,4.0,27,1
E8ApYgFi4ZHTgd2hx13AsA,The Elephant Walk,,900 Beacon St,Boston,,02215,42.3467,-71.1057,3.5,399,0
E8F4QcCBTXimwnJLbnt94g,Landmark Public House,,772 Adams St,Boston,,02122,42.2834,-71.0556,3.5,83,1
E9E6ZvU0NYKjXmA16fLPKg,P S Scoops,,124 Dorchester St,Boston,,02127,42.3349,-71.0465,4.0,5,0
e9H_iMXVqdcv9oHFCDJagA,Bar Boulud - Boston,,776 Boylston St,Boston,,02199,42.3488,-71.0813,3.0,329,0
eA-_4l8xoZZe-CX_D5_pKA,Caesar's Takeout,,34 Essex St,Boston,,02111,42.3525,-71.0616,3.5,10,0
eaaA_oAhYwiUR3e-iO_iMw,660 Washington,,660 Washington St,Boston,,02210,42.3518,-71.0627,1.5,13,1
EAMic7oGZiZsIZGCX5jxaw,Firefly Jewelry & Gifts,,270 Newbury St,Boston,,02116,42.3491,-71.0833,4.0,16,0
eAnIFy0VQjh4Xs2a5fwcdA,Sameka Dental,,500 E Broadway,Boston,,02127,42.3355,-71.0446,1.5,17,1
EaOzHMR4T5vRLeA0Pfu89w,Wet Seal,,7 Winter St,Boston,,02108,42.3559,-71.061,3.0,20,0
eB6dCpRp4w2G_2Un7Jn3SQ,RelaxSation Massage Therapy & Nails,,25 Kingston St,Boston,,02111,42.3537,-71.0593,4.0,274,1
Eb7-Y6bIxtY1ho0NNcPt_g,Cibo,,326 Hanover St,Boston,,02113,42.3647,-71.0539,3.5,31,0
ebFy_AWpR9AqtEzpdcD9BQ,Great Chef,,965 Bennington St,Boston,,02128,42.3795,-71.0278,3.0,34,0
EbJXAMOXcAn5DEwGQ5R0yQ,Pressed Juicery,,288 Newbury St,Boston,,02115,42.3488,-71.0845,3.5,68,1
EBPeemHFd6jFUO1qs_0PYA,Saint Clements Eucharistic Shrine,,1105 Boylston St,Boston,,02215,42.347,-71.0898,5.0,8,1
EbUZhM4fLpsWQ8fpBhhgEQ,Mike & Patty's,,12 Church St,Boston,,02116,42.3486,-71.0679,4.5,1756,1
Ec1Q9OwgCRl9_2qcyELQCw,Johnny's Pockets,,419 Baker St,Boston,,02132,42.2844,-71.1696,4.5,14,0
eC2kh2Ocy0_M4Itd-kwrIA,Pearle Vision,,100 City Hall Plz,Boston,,02108,42.3595,-71.0588,3.5,31,1
EC6Q79E14yl1owL6nu-QMA,Potato Freaks,,402 W Broadway,Boston,,02127,42.3372,-71.0482,3.5,6,0
ECCjn1X-_lpie_DUIZfdsA,Dorset hall,,267 neponset ave,Boston,,02122,42.2867,-71.0453,4.5,6,0
EcduNVJqCYUYtdn9BTukRw,The Kush Groove Shop,,1536 Tremont St,Boston,,02120,42.3325,-71.1004,4.0,16,1
eChLai1WaU2X995G2H7SnQ,Taco Bell,,76 Summer St,Boston,,02110,42.3541,-71.0582,2.0,32,1
EciUZlTwlegFRpRfu-HbIA,180 Cafe,,23 Edinboro St,Boston,,02111,42.3518,-71.0599,4.0,10,1
ecnQiDPdVCW_EqIjq4s-ig,Second Cup Coffee,,97 Causeway St,Boston,,02114,42.3649,-71.0619,3.5,14,1
ecqjHw3jeEApa9eZ622hAA,Fin Point Oyster Bar + Grille,,89 Broad St,Boston,,02110,42.3574,-71.053,4.5,309,1
eCvU1O-5kQAKrejDVcv-_A,Courtyard by Marriott Boston Copley Square,,88 Exeter St,Boston,,02116,42.3486,-71.0789,3.5,83,1
eCZZTSpW9-UUvGZ_F-Vohg,The Littlest Bar,,102 Broad St,Boston,,02110,42.3574,-71.0522,3.5,81,0
EDkJBHLYnxi6d4Wza3Jiug,Haymarket Center Garage,,136 Blackstone St,Boston,,02109,42.3625,-71.0579,3.5,55,1
eDMcnrb9J7jumbWrvnQWGg,Liquor Land,,1033 Massachusetts Ave,Boston,,02118,42.3273,-71.0676,4.5,82,1
eDMdOk1IaAxF7Qf3z1F-fw,Papercuts J.P.,,60 South St,Boston,,02130,42.3076,-71.1154,4.5,21,1
EdpvYf-otaWIXOxCZ2Pdsw,Caff? Nero,,360 Longwood Ave,Boston,,02215,42.339,-71.1078,4.0,58,1
eDtkBv6E-JErrLe1td5fvQ,The Institute of Contemporary Art/Boston,,25 Harbor Shore Dr,Boston,,02210,42.3528,-71.0429,3.5,392,1
eecX_zLwK4z3jwe8p45jsA,Zoots,,37 Charles St,Boston,,02114,42.3573,-71.0697,2.0,9,0
eeI-x6a0_SWxPosnBkyFNg,The Flower Boutique,,2051 Centre St,Boston,,02123,42.2802,-71.1586,1.5,5,1
eeMAX9elheH5w8nXInXwxg,Snell Library,,360 Huntington Ave,Boston,,02115,42.3384,-71.088,4.5,10,1
eEO2jc6YChP0fMyXWUnMIQ,Red's Rubbish Removal,,5 Washington Ave,Boston,,02108,42.351,-71.0631,5.0,36,1
EEY_hsvsoBU5-nv4sD3sEA,ManiQ,,11 Granite Ave,Boston,,02124,42.2821,-71.0559,3.0,103,0
EfA2xbF7_WmhcH4GdAufmQ,Metropolitan Waterworks Museum,,2450 Beacon St,Boston,,02467,42.3317,-71.1557,4.5,29,1
eFA7z513ckKzfGPROQv0Ww,Backyard Betty's,,170 West Broadway,Boston,,02127,42.3405,-71.0529,4.0,118,0
efF-Ta1r0ZMLN2Bo1XBGZw,Era Moving,,99 Norway St,Boston,,02115,42.3453,-71.0882,4.0,28,1
Efk8Xp8w6crY4cqQofo05w,The Murder Mystery Company - Boston,,155 Seaport Blvd,Boston,,02210,42.3498,-71.0428,2.5,8,1
efKrQOMu0gLiTQ2uG0NX_A,Sel de la Terre,,255 State St,Boston,,02109,42.3595,-71.0513,3.5,270,0
efkyTCBihgiPFOt_GIbRJQ,Republic Fitness,,2 International Pl,Boston,,02110,42.3564,-71.0518,4.0,24,1
eFRAKM3FfL4jl4wimt55UQ,Boston Threading,,710 Commonwealth Ave,Boston,,02215,42.3495,-71.1055,4.0,21,1
eFUC33Vq8TEj8rKn_vybyw,Charley's Eating & Drinking Saloon,,284 Newbury St,Boston,,02115,42.3489,-71.0842,3.5,263,0
Eg2wMDI7tttRZQ6u2usKNw,Coco Leaf on Newbury,,303 Newbury St,Boston,,02116,42.349,-71.0855,4.5,89,1
eGbF9Ly7we2sy7PSet-RkQ,OTTO,,416 W Broadway,Boston,,02127,42.337,-71.0473,3.5,21,1
egdh6QjioKOQDwX2tHjl3w,PowerFitness,,52 Summer St,Boston,,02110,42.3546,-71.0587,3.0,10,0
EgzdbUKp7O0OJu-KLQiFAA,iPizza & Grill,,283 Old Colony Ave,Boston,,02127,42.3303,-71.0529,4.0,26,0
eh8BGmTMScm1PPTrwiDceA,Regina Pizzeria,,226 Faneuil Marketplace,Boston,,02109,42.3603,-71.0552,3.0,113,1
eH9D7URWk-Jfc6rEbFO_Wg,Caff? Nero,,298 Washington St,Boston,,02135,42.3489,-71.1511,4.5,15,0
ehbByKSGZ28AHXlqUCVzIA,Fern By Boston Rose Florist,,225 Massachusetts Ave,Boston,,02115,42.3444,-71.0867,4.0,89,1
ehmCceFzawXEvWisqtNVEw,Mayor Thomas M. Menino Park,,98 16th St,Boston,,02129,42.378,-71.0488,5.0,7,1
EHwkeFIFQcQjJa3zLeUWBA,The Other Side Cafe,,407 Newbury St,Boston,,02115,42.3481,-71.0895,3.5,672,0
ei74WXrYK9fqzS8DNjRvLg,The Boxer Boston,,107 Merrimac St,Boston,,02114,42.3639,-71.0625,4.0,178,1
ei9asgA59gSKYwjt0uFepA,Joy Luck Hot Pot Restuarant,,702 Washington St,Boston,,02111,42.351,-71.0629,3.5,75,0
EIIBtLfSVKYItCrrbTI_wg,Exeter Eye Associates,,37 Newbury St,Boston,,02116,42.3522,-71.073,2.5,21,1
EITnn5A8beuzn7TCfUMZAQ,Bricco Salumeria and Pasta Shoppe,,11 Board Alley,Boston,,02113,42.363,-71.0551,4.5,102,1
EiVdHnCuFphJ0f6ZE5HqBw,Subway,,205 Portland St,Boston,,02114,42.3646,-71.0619,1.5,14,1
eIXfbg4B6WVEQLdp54yQAw,Cafe Mamtaz,,87 L St,Boston,,02127,42.3343,-71.0355,3.5,108,1
EIXz-wvJz2MDC_c8D7KwGg,BodyScapes Fitness,,77 Ave Louis Pa,Boston,,02115,42.3388,-71.1033,3.5,24,1
ej5Ft0VYYY0B1rLvD5BhNw,Boston Watch & Clock Repair,,333 Washington St,Boston,,02108,42.3571,-71.0594,4.5,103,1
eJ7mv16H-CimLFk-sWzChg,Crossroads Irish Pub,,495 Beacon St,Boston,,02115,42.3505,-71.0898,3.5,167,0
eJAfLazNvKQbReTgZH8ktg,Stoked Wood Fired Pizza,,,Boston,,02110,42.3613,-71.0483,4.5,72,1
EJEo1gqju2jZBXxiT3VDSQ,FedEx Office Print & Ship Center,,39 Dalton St,Boston,,02199,42.3464,-71.0839,1.5,8,1
eJItW4d1qcX1wjvDBNFmDw,Mizu Hair Salon,,776 Boylston St,Boston,,02119,42.3488,-71.0813,4.0,82,0
EjJJQj7dSHDbSADrXtvFNg,White Hen Pantry,,342 Hanover St,Boston,,02113,42.3649,-71.0535,2.5,18,0
EjxoHmihRcUiqcQh5ECTfw,Larry J's BBQ Cafe,,600 D St,Boston,,02210,42.3485,-71.0397,3.5,151,1
eJzWmVgMY5x1n281Qw6YDQ,KAVA neo-taverna,,315 Shawmut Ave,Boston,,02118,42.3424,-71.0704,4.5,316,1
EK2nMiBQgYSWONoDmK7S2A,The Tap,,17 Union St,Boston,,02108,42.3604,-71.0567,3.0,100,0
eKbe9SiBkGvHXu-rUm1kqQ,Urban Eye Associates,,183 Massachusetts Ave,Boston,,02115,42.3455,-71.0871,2.0,9,1
ekDt9Gb8gx4a56x4FlAXcQ,Bean & Cream,,680 Truman Hwy,Boston,,02136,42.2521,-71.1184,3.5,5,0
ekrbdSDfjBAlYHcuvxTdcw,Boston Logic Technology Partners,,321 Summer St,Boston,,02210,42.3491,-71.0487,3.0,6,1
ekVff_GHX40a8z6bdn0DDg,Market,,100 Stuart St,Boston,,02116,42.351,-71.0659,3.5,225,0
ekW-CD75rKDXEZ63EY4MHA,Barnes & Noble,,111 Huntington Ave,Boston,,02199,42.3464,-71.0808,3.5,73,1
EkYQgWOYrM52rMyfrEMczQ,Brasserie Jo,,120 Huntington Ave,Boston,,02116,42.3462,-71.0808,3.0,451,0
eLe7m6Wh3jeSSoTGGo6H3A,Trattoria Toscana,,130 Jersey St,Boston,,02215,42.3424,-71.0966,4.0,254,0
ELGfCC5NBq6o5a5N7NdEtg,Che-Chi's,,,Boston,,02215,42.3476,-71.1003,4.0,5,1
ElOE7WzFMX8aMS_hkqtX_w,Parla,,230 Hanover St,Boston,,02113,42.3632,-71.0552,4.0,336,1
elOl-SgZUqYb1bX2s_HNWA,Candi Boston,,279 Tremont St,Boston,,02116,42.35,-71.0657,2.0,28,1
eLp5RjbpEuzA90Ho0qJZSQ,Sleeper Street Cafe,,51 Sleeper St,Boston,,02210,42.3525,-71.0485,3.5,26,0
eLQ-x9JieLvvVPGmEc076w,Amy's Nails,,38A Fleet St,Boston,,02109,42.3645,-71.0522,3.5,5,0
elskQeVTOCjp-LZBSSon8w,La Tete,,221 Newbury St,Boston,,02116,42.3501,-71.0815,3.0,23,0
elV57zRNR25PGtQ45U1p2Q,Wendy's,,1 Harborside Dr,Boston,,02128,42.3609,-71.021,2.5,18,1
eLyEqxSVr9WUq82hGFg1iA,Brooklyn Industries,,337 Newbury St,Boston,,02115,42.3487,-71.0867,4.5,6,0
eLYRWw5txXGNBY9l-uhFmw,Au Bon Pain,,75 Francis St,Boston,,02115,42.3361,-71.1068,3.0,33,1
Em9FXVIZYTB_mWNqK3vrHw,Fort Point Channel,,Congress St,Boston,,02210,42.3484,-71.0505,4.0,8,1
eMDcTVzJa6fPjm5L9THFjA,Boston Lyric Opera,,45 Franklin St,Boston,,02110,42.3555,-71.059,3.0,8,1
EmEX4YMAtiaPdF1jPaIjDA,Cold Stone Creamery,,8 Park Plz,Boston,,02116,42.3513,-71.0661,3.0,31,0
EmJvOq3Rf5swlkRkipcZ8w,Best Cellars,,745 Boylston St,Boston,,02116,42.3495,-71.0806,4.0,28,0
emKpJ_RcjDK5blZspbuNpg,24 Hour Pizza Delivery,,686 Morton St,Boston,,02124,42.2847,-71.092,1.0,33,1
EmWyU5RcIUv9t3SAPlFXSQ,Ink Block,,300 Harrison Ave,Boston,,02118,42.3454,-71.0617,3.5,27,1
En_Mg2LtsC_tCsuPWFdHzw,Star Nails,,28 Warren St,Boston,,02119,42.3298,-71.0832,3.0,17,1
EN15n4bu3Sc1KgOiV9mOcA,2Twenty2,,222 Friend St,Boston,,02114,42.3642,-71.061,3.0,70,1
eNaG3VHX4u5qRjSmV_CJNA,Bailey's Too,,354 W Broadway,Boston,,02127,42.3381,-71.0495,4.0,8,1
ENc20M92cewif8ooGzmYHg,Five Star Pizza Grill,,616 Gallivan Blvd,Boston,,02124,42.2836,-71.0507,3.0,66,1
ENCkRJI7lC_Gwyjkb94Mew,The Boston Chipyard,,Quincy Market,Boston,,02109,42.3602,-71.0549,4.0,126,1
EnEfwDaOQ8AsBOC6RLX9zA,Speed Boston Dating,,,Boston,,02119,42.3218,-71.0884,2.0,9,1
eneOhAdCXWd1ry4fxc6D2Q,AP Dental and Laser Center,,231 Border St,Boston,,02128,42.376,-71.0396,4.5,13,1
eNFMKmh_2altPTaTmV_S_g,Marshalls Fenway Farmstand,,1345 Boylston St,Boston,,02215,42.3442,-71.0995,4.0,26,0
eNk05xdapvviSnPkvJAgHw,Canton Eatery,,339 Meridian St,Boston,,02128,42.3783,-71.039,2.5,76,1
EnlwXqQSk_IVAjBFD-gipA,The Vault,,105 Water St,Boston,,02109,42.3579,-71.0549,3.0,56,0
Eo-DrbU0Driu_3pNmiodAA,Bace Law Group,,127 Main St,Boston,,02129,42.3745,-71.0635,5.0,6,1
eO7A9FQbLxanJqkS-WwXcQ,Eldo Cake House,,36 Harrison Ave,Boston,,02111,42.3518,-71.061,4.0,288,1
EocqqQ5IinkP4PD-hbThWQ,Ida's,,3 Mechanic St,Boston,,02113,42.3629,-71.0553,4.0,32,0
eOE-ABWHOsJCB71I5E53Gg,Bailey's Coffee Shop,,65 L St,Boston,,02127,42.3358,-71.0356,4.5,9,0
eOHdMEZ7PYzDccb46_BqfQ,Haymarket,,96 Blackstone St,Boston,,02109,42.3615,-71.0564,4.0,289,1
eOKVKrEiv67YUvf9rNclpw,Skoah Boston,,641A Tremont St,Boston,,02118,42.3423,-71.0752,4.0,65,1
eoOfk5GQROQDYsxgC1J5OA,Popeyes Louisiana Kitchen,,21 Brookline Ave,Boston,,02215,42.3482,-71.0976,3.5,138,0
eorUPZ003bDIQ3Ti6KNUTg,CVS Pharmacy,,155 Charles Street,Boston,,02114,42.3606,-71.0705,3.5,16,1
EOTybLSUbHRPnJXuRl6W_Q,Well-Paid Maids,,,Boston,,02108,42.3549,-71.0661,5.0,6,0
EoVyBy4YBlbmyLFetYcUsw,Au Bon Pain,,431 Boylston St,Boston,,02228,42.3515,-71.0729,3.0,45,1
epfPBfk6G3GalFHqKzydvw,The Car Guys,,,Boston,,02108,42.3549,-71.0661,2.5,7,1
ePluqnM8jcOYBiu6rC2slw,Curry House,,102 Water St,Boston,,02109,42.3582,-71.0549,3.0,19,0
EpNo7oP_ZGI4vfLMqmtfOg,Haju Kitchen,,175 Massachusetts Ave,Boston,,02115,42.3458,-71.0874,3.5,136,1
epR3YDzN9vbcDPVRcahIYQ,Come Sail Away Now,,1 Marina Park Dr,Boston,,02210,42.3534,-71.0443,4.5,17,1
EQ_7b1_kg9oM6sG3lFmNWA,Boston Microblade,,227 Bunker Hill St,Boston,,02129,42.3794,-71.0632,3.5,7,1
EQ4nEmE2IiIGkKc6JUuimA,Mariel,,10 Post Office Square,Boston,,02109,42.3574,-71.0558,4.0,169,1
eQbeOsPWOeN0ry5L7bdi1g,Hyatt Regency Boston,,One Ave De Lafayette,Boston,,02111,42.3536,-71.0608,3.5,350,1
eqImCER5Fq_9C__eHS8I-Q,Rumor,,100 Warrenton St,Boston,,02228,42.3507,-71.0662,2.5,100,0
EQmb86X7jRXWRfr8F1mOzw,Appalachian Mountain Club,,10 City Square,Boston,,02129,42.3724,-71.0616,5.0,7,1
EQtweXqCW1epPszuxM87WQ,Ueno Sushi,,241 Washington St,Boston,,02228,42.358,-71.0582,1.0,6,0
eQvudApFZQ_eZPm1YQqKgg,Wollaston's West Village,,460 Parker St,Boston,,02115,42.3374,-71.0921,3.5,11,1
EQwakJYQh75522pvMlSWPA,Seoul Jangteo,,151 Brighton Ave,Boston,,02134,42.3532,-71.1318,4.5,38,1
er-_9TrJw-p20nEAPcwLJA,Riverview Cafe,,1 Science Park,Boston,,02114,42.3673,-71.0705,3.0,7,1
eR03H04dTYtEOe6bTfG5fA,Barbershop Deluxe,,288 Columbus Ave,Boston,,02116,42.3468,-71.0738,4.0,139,1
Er9a36yln6pEGmO_e3kINw,Tropical Foods,,450 Melnea Cass Blvd,Boston,,02120,42.3332,-71.0821,3.5,20,1
ErEqcuIivc3UfqK5VnFk1Q,Pho MAI,,8 Kneeland St,Boston,,02111,42.3513,-71.062,3.0,40,0
erHPnw3qBdPLcdAakSrVrw,RadioShack,,95 Summer St,Boston,,02110,42.3538,-71.0584,3.0,12,0
ERkwcjbAQJmurdy7xE5q1g,Squeeze Juice Company,,131 Dartmouth St,Boston,,02116,42.3471,-71.0756,3.0,7,0
ERlLsxVPzGElVLQea56b3w,Boston Latin School,,78 Avenue Louis Pasteur,Boston,,02115,42.3379,-71.1011,4.0,5,1
eRSG866FEICQbbm1AdylVg,Hair Adventure Beauty Salon,,32 Boylston St,Boston,,02111,42.3522,-71.0637,3.5,84,1
ERsNroa0-afo8uDh2RzH_w,Vellum Fine Paper & Gifts,,55 Dartmouth St,Boston,,02116,42.3445,-71.0744,3.5,6,0
ErVhEB-tMXLx76pcSVdksw,Tico Boston,,222 Berkeley St,Boston,,02116,42.3505,-71.0729,3.5,567,1
ERXWrCfmkRUWvhRWzyIyEw,Dunkin',,22 Beacon St,Boston,,02108,42.3578,-71.0627,2.5,10,1
ESDoPlP6gydF_nJjQJSUrQ,Deli One,,85 Arch St,Boston,,02110,42.3551,-71.0585,4.0,64,1
EstlBSmejPNfrPe8xK-GrA,Prince St. Laundry,,22 Prince St,Boston,,02113,42.3643,-71.0542,4.0,12,1
ET7ZYw3FUtn9WdSix5bF8A,Puma,,333 Newbury St,Boston,,02115,42.3487,-71.0866,3.5,38,0
eTf45uIdkdeTYQ_uUfFbmg,MiniLuxe Back Bay at 31 Newbury St,,31 Newbury St,Boston,,02116,42.3524,-71.0728,3.5,50,1
etFmueBKwnKAzJyzddNIuA,Jian Min Massage Therapy,,12A Tyler St,Boston,,02111,42.3509,-71.0605,4.0,22,1
EtgFNZSnFTiWkMey1XlLKQ,Outside The Box Festival,,Boston Common,Boston,,02111,42.3554,-71.0658,5.0,8,1
ETQodqqBK5gnmXF8RXa3rQ,Al Pacino's Italian Kitchen,,38 Brooks St,Boston,,02135,42.3562,-71.1623,3.0,5,0
etrTWuJd3dVThVgz8BjjHg,VPNE Parking Solutions,,343 Congress St,Boston,,02210,42.3505,-71.0495,2.0,18,1
eTTnOUoAhbv65vcApwhTgQ,Hopewell Bar & Kitchen,,1277 Commonwealth Ave,Boston,,02134,42.3498,-71.1334,4.0,235,1
Etxk3hj6v3F7sL9oAmy8cw,On Your Feet Project,,,Boston,,02145,42.3931,-71.0884,5.0,7,1
EuADw7mVj-iyphXbrpwYCA,Ronco Realty,,879 Beacon St,Boston,,02215,42.3464,-71.1046,1.5,14,1
eUGgSBuFYrI_00ALWL8xUA,Barnes & Noble,,910 Commonwealth Ave,Boston,,02215,42.3508,-71.1165,2.5,54,1
eunDJzt-UmkHNyqQ13h5Uw,33 Restaurant & Lounge,,33 Stanhope St,Boston,,02116,42.3485,-71.0731,3.0,139,0
EUr943tIY-VNT4MFjS0drA,SoHo Nail Bar,,418 Tremont St,Boston,,02116,42.3468,-71.0687,3.5,58,1
eUrDxTXvgDUJ7KbGkhSYzw,Boston Bean Stock Coffee,,97 Salem St,Boston,,02113,42.3638,-71.0555,4.0,9,0
euYPXJjCfqX46226TikXSg,Gust-o Blow Dry Bar,,221 Newbury St,Boston,,02116,42.3499,-71.0814,3.5,24,0
EUZP7OEyiBOi7g_Zr_TGTQ,Boston Medical Center,,7 Melnea Cass Blvd,Boston,,02119,42.3348,-71.073,2.0,105,1
ev0CyR6RXtt-2mjQciY3nw,The Bullpen,,19-21 Jersey St,Boston,,02215,42.3461,-71.0988,4.5,17,1
eV7ge7vubonxLr3XYAq24w,BURN Fitness Studios,,547 Columbus Ave,Boston,,02118,42.3414,-71.0808,4.5,52,1
evALU63R32T6Z7rY_EQYRA,B.GOOD,,255 Washington St,Boston,,02201,42.3581,-71.0581,3.5,255,1
EVAnAp55dd5IJqA2Ujlg0g,Stuart Weitzman,,100 Huntington Ave,Boston,,02116,42.3471,-71.0784,2.5,15,1
evEhjM82yYbHj7fRI4Dkcg,Know Fat Lifestyle Grille,,530 Washington Street,Boston,,02228,42.354,-71.062,2.5,34,0
EvGvqoV_hUuCN9XEER0-Jw,Uno Pizzeria & Grill,,280 Huntington Ave.,Boston,,02115,42.3416,-71.0861,2.5,150,0
EvwdJ94qlQ2FrCC39TZUOA,Cafe Dino,,2 Oliver St,Boston,,02109,42.3571,-71.0544,3.5,40,0
EVxWSR-1hUQP2KxSrPCx2g,Mayflower,,230 Harvard Ave,Boston,,02134,42.3491,-71.1296,2.0,8,1
eWiI4RmSFfT0mFADE6nD6w,Gondola Rides,,Esplanade Storrow Dr,Boston,,02116,42.3484,-71.0737,4.5,21,0
EwMDn8g-_BF_rEf6FFumrQ,Chung Wah,,196 Border St,Boston,,02128,42.3748,-71.0406,3.5,11,0
ewpJrAR7ctggm77X08i6Jw,East Coast Towing,,46 Newmarket Sq,Boston,,02118,42.3284,-71.0659,1.5,12,1
EwRqNltvJRrvClbufoNR7Q,Studio Optics,,229 Berkeley St,Boston,,02116,42.3516,-71.0731,4.0,37,1
ewSx3_sn2AcP9GI1ShNNbQ,Hostelling International,,19 Stuart St,Boston,,02116,42.3511,-71.0634,4.0,116,1
EwYb15ihuWFfaez-YHDW0w,S.A.S. Salon,,438 Commercial St,Boston,,02109,42.3671,-71.053,5.0,29,1
EWYH76P25LxoJS2ymu3cyw,Colon Constable Services,,,Boston,,02130,42.3097,-71.1151,4.5,5,1
EX6mCCDadoWFaHRr9zdI7w,Blackthorn Bar,,471 W Broadway,Boston,,02127,42.3356,-71.0462,4.0,15,0
eX7qD3u2nYGr0gbxzJE45g,Charleys Philly Steaks,,417 Washington St,Boston,,02110,42.3563,-71.0608,3.0,16,1
Ex9vT-1DtO-Tla0r7kYsbA,Essex Corner,,50 Essex St,Boston,,02111,42.3526,-71.0612,4.0,12,1
EXjbiaYBvGuODqwvjo7ilg,Pavement Coffeehouse,,736 Commonwealth Ave,Boston,,02215,42.3498,-71.1072,3.0,134,1
exN0mKO-bJu8ixRapNwLPg,333 Salon & Barbershop,,333 Huntington Ave,Boston,,02115,42.3408,-71.0884,4.0,196,1
EXOsmAB1s71WePlQk0WZrA,Linwood Grill & BBQ Restaurant,,69 Kilmarnock St,Boston,,02215,42.3425,-71.0995,2.5,14,0
expooI-n3P-brTBFKs2Qxg,Ruckus,,5 Tyler St,Boston,,02111,42.3512,-71.0608,3.5,225,1
exsfTTerWm9yiIqITRgcVw,South Boston Candlepin,,543 E Broadway,Boston,,02127,42.3354,-71.0424,4.0,36,1
ExW0dnkTgxDKBsa6yia-FQ,Bagels Etc,,70 Staniford St,Boston,,02114,42.3631,-71.0643,2.0,5,0
exwqRDqsLBcdOZLVUu6pug,Going Bananas,,682 Tremont St,Boston,,02118,42.341,-71.0767,4.0,5,0
exzT8ATlgXWtvVNDjoNmcA,Zipcar,,,Boston,,02109,42.3574,-71.0553,2.0,310,1
eYjhUC7ulPKJH5ypgIe4iQ,Fenway Car Wash,,180 Brookline Ave,Boston,,02215,42.3442,-71.1014,4.0,13,0
EYMC8NHn6U-4WpLo54dQtw,Anchovies,,433 Columbus Ave,Boston,,02116,42.3439,-71.0776,4.0,394,1
eYXBlAVXpf7K8Cr9JfFTUg,Impulse Hair Salon,,831 Dorchester Ave,Boston,,02125,42.3224,-71.057,4.5,25,1
ez4kDKSRp4HeZaGuXNtI_Q,Davio's Northern Italian Steakhouse - Seaport,,50 Liberty Dr,Boston,,02210,42.3542,-71.0444,4.0,30,1
eZ6dhl4xB9xJOzfB62ChKw,Sweet Bakery,,49 Massachusetts Ave,Boston,,02115,42.3498,-71.0893,3.0,431,0
ez8T3NT5Icv2JFuUr_Qkfg,Table,,445 Hanover St,Boston,,02113,42.3662,-71.0526,4.0,94,1
eZbiP6isWIqgVVcJ7NM1Og,Hainan Airlines,,1 Harborside Dr,Boston,,02128,42.3634,-71.0258,2.5,6,1
eZCb2uOg2GrzGqjczrm3Sg,Best Bar B Q Restaurant,,90 Beach St,Boston,,02111,42.3512,-71.0587,3.5,15,1
eZgmfqTW8oKCbhXM3fKV2w,Eire Pub,,795 Adams St,Boston,,02124,42.2831,-71.0561,4.0,34,1
ezKL0TLiKgtPz5QLGdaILQ,Sterlingwear of Boston,,175 William F McClellan Hwy,Boston,,02128,42.3861,-71.0179,4.0,8,0
EZkO1ICHAOJi06_4QsAO-w,Campus Convenience,,541 Commonwealth Ave,Boston,,02215,42.3495,-71.097,3.0,8,0
F_q_c_XhuuKMlqvsdZffvA,Yen Hair and Beauty,,10 Kneeland St,Boston,,02111,42.351,-71.0625,4.0,20,1
f-gj9P8ZKs9YcDGMxed6Vg,Emulsion Printhouse,,450 Harrison Ave,Boston,,02118,42.3427,-71.0649,5.0,14,1
f0Av9RuE2a6KSULJsOyZzg,RumBa,,510 Atlantic Ave,Boston,,02210,42.3541,-71.0519,3.5,102,1
F0lX6Pt-SK-iHPCAKlFLtg,Kitchen Arts,,215 Newbury St,Boston,,02116,42.3502,-71.0813,4.5,20,0
F0obSB17uz3jVXs7dScjgg,Proprint - Boston,,133 South St,Boston,,02111,42.3512,-71.0575,5.0,78,1
f0ZghCxbkS0v3_SNXS0jWQ,Auntie Anne's Pretzels,,2 South Station,Boston,,02110,42.3519,-71.0551,3.5,16,1
F1HhZ-Maz0IJV_RqdLxdhw,Buick Street Market & Cafe,,10 Buick St,Boston,,02215,42.3524,-71.116,4.0,5,1
F1lJvjoPpXC2rt7eUaY4hQ,Riot Theater Company,,5 Basile St,Boston,,02131,42.2868,-71.1272,4.5,18,1
f2SWV0SRnsK0uvYELSle4A,Formaggio Kitchen South End,,268 Shawmut Ave,Boston,,02118,42.3431,-71.0686,4.5,202,1
f3_oplrZjnNXPcvvZEIz5A,Ding Ho Restaurant,,88 Harrison Ave,Boston,,02111,42.3507,-71.0614,3.5,85,1
F328WuK5ecjw6t4SA-n-Fg,Il Villaggio,,230 Hanover St,Boston,,02113,42.3632,-71.0551,3.5,63,0
F3mkWiwfz_RN8zThINCAdw,by CHLOE. - Fenway,,100 Van Ness St,Boston,,02215,42.3447,-71.1001,3.5,229,0
f3y77Hu9YCOAX-HSYLKevw,Tony's Barber Shop,,15 Boston St,Boston,,02127,42.329,-71.0575,5.0,6,1
F4aicLijSjQ-zhXagxmgnA,Caff? Nero,,564 Tremont St,Boston,,02118,42.3436,-71.072,3.5,99,1
f4zdDqGEoroOJ7pXbNADhA,Cafe 472,,472 Commonwealth Ave,Boston,,02215,42.3487,-71.0936,3.0,210,1
F5WpKBlQpVbEm-K2J7epVw,Cyclorama at Boston Center for the Arts,,539 Tremont St,Boston,,02116,42.3444,-71.0713,4.0,45,1
F6MfpZNj2aP-0PouHw5lvw,Bijou,,51 Stuart St,Boston,,02116,42.3512,-71.0642,2.0,199,1
f6y7OVZg6h7x93x9O-8txA,The Well Coffee House,,1 State St,Boston,,02111,42.3585,-71.0578,4.5,47,1
F76pwaJjWOnbRPQYxexMhQ,Olga's Kafe,,99 Summer St,Boston,,02110,42.3537,-71.0584,4.0,46,0
f77RS_xgdO6RQjZB9VHFrA,Moroccan Luxury Suites,,8 Salem St,Boston,,02129,42.3775,-71.0664,5.0,14,1
f84eGS60RLDxPCMCZiePeA,R & S Jamaican Restaurant,,770 Blue Hill Ave,Boston,,02121,42.2983,-71.0866,1.5,5,1
F89t9goYYz2_qQA_RYZ7bg,Rapo & Jepsen Financial & Insurance Services,,1103 Commonwealth Ave,Boston,,02215,42.3519,-71.1255,1.0,5,1
F8Vvh71ULKVbEnTovrt0RA,Wabora,,254 Newbury St,Boston,,02116,42.3493,-71.0827,3.5,227,0
f9EazQmUMXx3-nl8MPXVVA,Stork Club,,604 Columbus Ave,Boston,,02118,42.3399,-71.0825,3.0,38,0
F9jbczmyVdLpWtkGrk1JZw,Uptown Cafe,,120 Cambridge St,Boston,,02114,42.361,-71.0633,3.5,71,0
f9KahpcwCQeQNFta_wctdA,Boston Duck Tours,,1 Science Park,Boston,,02114,42.3678,-71.0708,4.0,16,1
f9O0TlhCbEi4OhsABursGA,Moyzilla,,,Boston,,02010,42.3365,-71.0732,4.0,93,1
F9W5bDX1EQ1dErdbk2LySA,Exhale Battery Wharf,,2 Battery Wharf,Boston,,02109,42.3666,-71.0513,4.0,144,1
Fa4aTQXgRh471HB1crpFoA,Boston Young Professionals Association - BYPA,,,Boston,,02115,42.3399,-71.0899,4.0,5,1
faeHT1A0K4e4h1non9a8hg,The Bostonian Boston,,26 North Street,Boston,,02109,42.3609,-71.0559,3.5,164,1
FAEqaY7wWnMLciyuX0JI3g,Grasshopper Cafe,,229 Bunker Hill St,Boston,,02129,42.3795,-71.0633,4.0,179,0
fAF6mLOCWqaxl2QStumkJg,Pressed Sandwiches,,2 Oliver St,Boston,,02109,42.3572,-71.0543,3.5,29,0
FAguJPf1VUIimBMQ23I0mA,DJ's at The Garden,,222 Friend St,Boston,,02114,42.3643,-71.0609,3.0,36,0
FB_kGlg70Bo0bAa19Z5HYw,Barneys Grill,,299 Havre St,Boston,,02128,42.3766,-71.0339,5.0,5,1
fb5mXak0EtyNGvLc92_hAw,Boston Children's Museum,,308 Congress St,Boston,,02210,42.3519,-71.05,4.0,263,1
Fbb6ANcoXI5RqfdqxAtjeA,?galiTea Organic Caf?,,248 Newbury St,Boston,,02116,42.3494,-71.0825,4.0,30,0
FBffRtD73N9bZA9fAf3fNw,Lewis Wharf Parking,,119 Lewis Wharf,Boston,,02110,42.3634,-71.0505,2.0,12,1
Fbl_u6kesXyDObHqXvOzKQ,Bodega Canal,,57 Canal St,Boston,,02114,42.3639,-71.0591,3.0,164,1
FbM1PTHU9nkIhAO55L4a9A,Scola's Sandwich,,88 Black Falcon Ave,Boston,,02210,42.3438,-71.0242,3.5,17,1
FBNgHrNdA9vlFX5RRK7SQA,Ultra Safe Pest Management,,75 Arlington St,Boston,,02116,42.3505,-71.0704,4.0,37,1
Fbz3UmmntGe9yXW01ltwog,Healing Hands Bodywork & Massage,,581 Boylston St,Boston,,02116,42.3506,-71.0768,5.0,5,1
FBzdUyVBTAxJ7SNQqcBvfg,Three Cheers Restaurant Bar & Function Facility,,290 Congress St,Boston,,02210,42.3533,-71.0526,3.0,5,0
FBzooLnHeWn3YDzWeh_nzA,Highlights Hair Salon,,286 Newbury St,Boston,,02115,42.3488,-71.0844,3.0,18,0
fc2vKRX4yDnYVTmQaOXvsQ,The University Club of Boston,,426 Stuart St,Boston,,02116,42.3486,-71.0748,4.0,6,1
FCbfrCb-LWsBSfEAXd0MFQ,Lynne Avallone Makeup,,,Boston,,02127,42.3365,-71.0349,5.0,6,1
fcRaLDb1qScnWfbJ1DHNbw,Paul Revere Park,,Constitution Rd,Boston,,02129,42.372,-71.0595,4.0,18,1
fcrP6x5NcTkM9WSdesENSw,Dairy Queen,,350 Longwood Ave,Boston,,02115,42.3387,-71.1068,3.0,6,0
fcwsT597ldG0DlQOOo5flA,Cuffs & Collars,,1 Federal St,Boston,,02110,42.3564,-71.0573,4.5,48,1
fCXvRDayA_1QGVbNS2_FMA,Sam's,,60 Northern Ave,Boston,,02210,42.3545,-71.0445,4.0,359,0
FdAHR2vNdrFNL9LurYlrIw,Jake Ivory's,,9 Lansdowne St,Boston,,02215,42.3473,-71.0952,3.0,58,0
fdDtAd-BE3M35Prd2rgAsA,Fins Sushi and Grill,,240 Cambridge St,Boston,,02114,42.3611,-71.0667,3.5,172,1
FDeCah18Y-SAuVvd3IZvCw,Spicy World,,7 Beach St,Boston,,02111,42.3513,-71.0623,3.0,113,1
fdIhGoj-pIo8cixLRA7YZw,New Balance Hubway,,1 City Hall Sq,Boston,,02109,42.3599,-71.0596,2.5,65,1
fdrGc9wanL5Pci0C3rllzg,Leeba Salon,,75 Summer St,Boston,,02110,42.354,-71.0589,3.5,196,1
fduJfRp8bIOeFt-MldOjow,Jennifer Rose Hairstylist,,137 Charles St.,Boston,,02114,42.3602,-71.0706,5.0,10,1
fdYXcuxCtWY5XFpiCd3Fkw,Wahlburgers,,132 Brookline Ave,Boston,,02215,42.3451,-71.1004,3.5,884,1
FE1irhDYyfx3PWxR91ZmIQ,Sandwich Express,,99 Summer St,Boston,,02110,42.3538,-71.0582,4.0,28,0
FEfgX1yJwe2g0oyIfgQh3Q,Lion's Tail,,354 Harrison Ave,Boston,,02118,42.3449,-71.0635,4.5,129,0
FeHtNX6DtY91fQe-WV8tdw,Starbucks,,Gate 25,Boston,,02128,42.3633,-71.0164,2.0,9,0
FekacfLT0iJv6fn6T1xTOg,Constitution Beach,,799 Bennington St,Boston,,02128,42.3852,-71.0108,3.5,37,1
fEKzWC1sbfZSElp46FoNag,Mooo Restaurant,,15 Beacon St,Boston,,02108,42.3583,-71.062,4.0,895,1
fEM6bnQM0JVyqEzdNweZBg,nath?lie Wine Bar,,186 Brookline Ave,Boston,,02215,42.3439,-71.1017,3.5,30,1
fEQiFMPYmEqxmhZC2FbksA,Glossier,,85 Northern Ave,Boston,,02210,42.3521,-71.0449,4.0,5,0
fev-JwlOymSOPQ4kXLQfBg,Sorrentino's,,199 Sumner St,Boston,,02128,42.3687,-71.0393,3.0,5,0
FeVjNFYOchLCHMxivfVO9Q,Vibram FiveFingers,,292 Newbury St,Boston,,02115,42.3489,-71.0847,4.0,5,0
fF-E_vECLb_6kBo6tiF_Ew,California Pizza Kitchen,,137 Stuart St.,Boston,,02116,42.3512,-71.0661,3.0,84,0
Ff5o6RYb1vtHWKzl10etOQ,NV My Hair,,231 Newbury St,Boston,,02116,42.35,-71.0819,4.0,21,1
FfB-AB3TrVhsf2xdK7sFBg,Noche,,3 Appleton St,Boston,,02116,42.3466,-71.0695,3.5,126,0
fFcOb1dQBLflVBnbXrxpHA,The Quiet Man Pub & Rest,,11 W Broadway,Boston,,02127,42.3423,-71.0565,3.5,9,0
ffH7Yuas1U0L_xK2bmP0qg,US Post Office,,444 E 3Rd St,Boston,,02127,42.3366,-71.0422,2.0,37,1
ffiIzVoguD98ZCE414qc2Q,Ames Plow Tavern,,294 Faneuil Hall Marketplace,Boston,,02228,42.3602,-71.0548,3.0,80,0
FfZfYMzfd6bf5WzdxAF6Lg,Bon Me,,,Boston,,02114,42.3653,-71.0646,3.5,7,1
fgBkrXufbmolwKI7batyMw,Broad Street Paulie's,,64 Broad St,Boston,,02109,42.3579,-71.0534,4.5,17,1
FgIeApSWL-K7eC-2gUii1Q,Refuge Cafe,,155 Brighton Ave,Boston,,02134,42.3531,-71.132,3.0,235,0
FgKiYZaXAoPiwSihwm9M-g,Greenmen Builders,,,Boston,,02124,42.2826,-71.0676,5.0,11,1
fGLmO4iqSqUppysfJDf-uA,Jack's Drum Shop,,1096 Boylston St,Boston,,02215,42.3468,-71.0884,4.5,6,0
fGndMNBtJaHlSvHyJq013Q,Arc Nightclub,,835 Beacon St,Boston,,02215,42.3472,-71.103,2.5,28,0
fgoSWwrL0JY2Qr-rqCcQMw,T Anthony's Restaurant,,1016 Commonwealth Ave,Boston,,02215,42.3515,-71.1215,3.5,281,1
fgWG2bVMOogLMz4Zx-mXnA,The Vegetable Guy,,18 Parmenter St,Boston,,02113,42.3638,-71.0551,5.0,13,0
fh-lt6ezV5mAvuqMyVCb1w,Jerry Remy's Sports Bar & Grill,,1265 Boylston St,Boston,,02215,42.3453,-71.0964,3.0,347,0
fH4XZbgAx1ZN7IcS8Z7L3g,Anthem,,138 Portland St,Boston,,02114,42.3637,-71.0613,4.5,22,0
fh94TPpdzvnnqQaKWILyxw,Michael's Alteration Shop,,31 Gloucester St,Boston,,02115,42.3495,-71.0841,4.5,5,0
FhkmkxCAXue_6Y5V39uzcg,Sat? Grill-on-Wheels,,One City Hall Plz,Boston,,02201,42.3604,-71.058,3.0,33,0
fhNX8EAulAapZi8kue_rQQ,Pavement Coffeehouse,,44 Gainsborough St,Boston,,02115,42.3416,-71.0871,3.5,263,1
Fho38jT2HkfK3dxrbh_3FQ,Happy Creatures,,31 Myrtle St,Boston,,02114,42.3594,-71.0657,4.5,14,1
fhVf5lMbVy8SJ7FczMWHYw,Cultivar,,1 Court St,Boston,,02108,42.359,-71.058,3.5,114,0
Fi43h2ANsvEQ9JAP4nsUsg,Acquire,,61 Salem St,Boston,,02113,42.3632,-71.0561,5.0,9,0
fi5CKDzgZAV2_76gjmjUOg,CorePower Yoga,,399 Boylston St,Boston,,02116,42.3518,-71.072,2.0,5,1
fi88TnzVCLKhaCdx_XedHg,Phillipostyle Hair Studio,,485 Harrison Ave,Boston,,02118,42.3419,-71.0668,3.0,20,0
Fif7qlFmP1OP7YvonQyJcA,Secret Food Tours - Boston,,,Boston,,02108,42.3549,-71.0661,4.0,9,1
FimGESKRboTrUGuI-0nJsA,Judi Rotenberg Gallery,,130 Newbury St,Boston,,02116,42.351,-71.0767,4.5,5,0
FIMR1pWmP8VjU_w67zQGqA,ODB Liquors,,732 Huntington Ave,Boston,,02115,42.3338,-71.1053,4.0,16,1
FioFvBhgVPV2dZW3mxjxQQ,Lulu's Allston,,421 Cambridge St,Boston,,02134,42.3551,-71.1342,4.0,493,1
fIpVmQ1U64m-gDME-ShCfw,La Perla,,250 Boylston St,Boston,,02116,42.3519,-71.0694,3.0,14,1
fipwDdELppqpVfHUWPGepA,Project Bread-Walk For Hunger,,,Boston,,02108,42.3549,-71.0661,4.5,5,1
FiqUW250xKDu8PAzz0KtCA,Ez Pass,,136 Blackstone St,Boston,,02109,42.3622,-71.0571,2.0,12,1
FJ7z7PczUf9nPxwQ9QApAQ,JUGOS,,145 Dartmouth St,Boston,,02116,42.3474,-71.0755,4.0,328,1
fJAvfQ1hEmjzON5ANBskGg,Seaport Barbers,,51 Northern Ave,Boston,,02210,42.353,-71.0464,4.0,30,1
fjdUa5IYKsRp1JwYSOobSg,MMMac & Cheese,,1 Faneuil Hall Marketplace,Boston,,02109,42.3602,-71.0551,3.5,181,1
FjKmXXIDEStH_DOpnU5LvQ,Guerrilla Queer Bar,,,Boston,,02228,42.357,-71.0605,4.0,24,0
FJv5NlTYVNCTcamww-hebA,Skywalk Observatory,,800 Boylston St,Boston,,02199,42.3471,-71.0825,4.0,185,0
FJWvMCO10ft24bRe_LqmEQ,Icon Night Club,,100 Warrenton St,Boston,,02116,42.3507,-71.0662,2.0,58,1
Fk1hbMcAoYWkf2trILaGnA,Ronan Park Dog Recreation Space,,Ronan Park,Boston,,02122,42.3048,-71.0634,5.0,5,1
FK2GaRPMyrA5oxZYToqTsw,Eddie C's Bar,,34 Maverick Sq,Boston,,02128,42.37,-71.0393,4.0,35,1
FK4iFDBu7sViF4S8SROQMA,Fiesta Nails,,147 Maverick St,Boston,,02128,42.3698,-71.0384,3.5,55,1
FKFEHnmVK2bLaffjXTjXtA,Berkshire Hathaway HomeServices Warren Residential,,535 Boylston St,Boston,,02116,42.3511,-71.0755,4.0,27,1
fKHSwzR_I1YBf3pr7I3huQ,Emedios,,417 Hanover St,Boston,,02228,42.3657,-71.0527,3.5,10,0
FKJx7NMWKgKZFWc4IsvykQ,Quincy's Place,,254 S Market St,Boston,,02109,42.3602,-71.0544,3.5,27,1
fKN1Dn7N97cvgzKMlZIIoQ,Dorset Hall,,367 Neponset Ave,Boston,,02122,42.2866,-71.0452,3.0,230,1
fKoKSr4ogKqvh8LQ66uJaA,Whisk,,,Boston,,02113,42.3654,-71.055,4.5,43,0
fKRNzZM4XWlPiCPdjMUYNg,Beacon Hill Pub,,149 Charles St,Boston,,02108,42.3605,-71.0706,3.5,200,1
fKrWKT_b8i1kRIAASs1NDA,Home Style Laundry,,60 Phillips St,Boston,,02114,42.3602,-71.0688,2.5,11,1
FkXxDzYPxckZhMNRBGR2lg,Clio,,370 Commonwealth Ave,Boston,,02215,42.3486,-71.0887,4.0,249,0
fKySOx0RlA5YHAT0GHrZSQ,Sapori di Napoli,,115 Salem St,Boston,,02113,42.3644,-71.0554,3.0,10,0
fL7nYIkjvs6Aa9jSuasNiA,Polkadog Bakery,,256 Shawmut Ave,Boston,,02118,42.3433,-71.0685,4.5,143,1
flJ7tM-snCGC9TpfMFkoyw,WeWork Fort Point,,51 Melcher Street,Boston,,02210,42.3493,-71.05,4.0,8,1
fLMKCMGRDvaqrIRbmriwbg,7-Eleven,,1306 Washington St,Boston,,02118,42.342,-71.0681,3.5,11,0
FluzHnqRYUOYpL1d4BYTlg,Brother Trucker - Go Fish!,,,Boston,,02118,42.3378,-71.0706,3.5,29,1
fm7lqCAK7DVu29qZ2XUDQA,PATCH NYC,,46 Waltham St,Boston,,02118,42.3421,-71.0695,5.0,12,1
fmdKEiHSfmDTJfryuKE8ZQ,Tello's,,449 Washington St,Boston,,02111,42.3554,-71.0606,3.0,17,0
FmeBrlXYHsEfHuRiSSSthg,Roofdeck At The Revere,,200 Stuart St,Boston,,02116,42.3504,-71.0675,3.0,17,1
FMG3QHtV1V-2QWHq06ZXBQ,Method Pop-Up Shop,,329 Newbury St,Boston,,02228,42.3487,-71.0863,4.5,5,0
fMkc9SHEAl8LbEsVQkK-6Q,The Law Offices of Richard Grossack,,76 Canal St,Boston,,02114,42.3638,-71.0597,5.0,6,1
fmw_0vST7GjdibObHWLOuQ,Franklin Cafe,,278 Shawmut Ave,Boston,,02118,42.3429,-71.069,4.0,509,1
fMzqtonHSfj2VYZgv07Rlg,Boston Calling Music Festival,,65 North Harvard St,Boston,,02134,42.3707,-71.1283,3.5,36,1
fn4rtY-DM9kFNoLTRhxtxA,Permit Puller,,362 Tremont St,Boston,,02116,42.3482,-71.0673,4.5,30,1
FnBLFQLYmkJDpRh30YqgTA,Vlora Bar & Restaurant,,545 Boylston St,Boston,,02116,42.3507,-71.0757,3.5,246,0
FNclY9dPRCHeEcOrOemDew,The UPS Store,,1089 Commonwealth Ave,Boston,,02215,42.3525,-71.1249,1.5,23,1
fNdt4AQNxLXyeb_8JPFhlw,Bill's Garage & Sons,,306 Northern Ave,Boston,,02210,42.3472,-71.034,5.0,47,1
fnfzhRPWteWY7XTU55mxUQ,Nana's Hair Braiding,,901 Huntington Ave,Boston,,02115,42.3322,-71.1122,2.0,27,1
fNio1U4edYYCSzXwvgjPXg,Campus Tan,,334 Massachusetts Ave,Boston,,02115,42.3427,-71.0842,4.0,12,0
fNKCvY9y7OW__vaKCowvjg,Iron Wok,,8 Park Plz,Boston,,02116,42.3513,-71.0661,3.0,16,1
fNpwvUOoNvkqWdWeIlt59g,Just Add Cooking,,,Boston,,02118,42.3378,-71.0706,3.0,12,0
fNqER0AXVuTST1bcFid31w,The Spa,,4 Avery St,Boston,,02111,42.3532,-71.0629,3.5,8,0
FnR58HNWsMwZTycWxsoYPg,The Monkey Bar,,1 Faneuil Hall Market Pl,Boston,,02109,42.3601,-71.0552,3.0,52,1
FNZHskbUlx_67MWoDC1-Yw,Golden Chef,,1495 Dorchester Ave,Boston,,02122,42.2996,-71.0606,3.5,6,1
FOa0IlFQ2V2zrvKNa7SriA,Hong Kong Harbor Restaurant,,5 Maverick Sq,Boston,,02128,42.369,-71.0393,3.0,56,1
FOAc68ClWhBXV6xzTj-upg,Trader Joe's,,44 Thomson Pl,Boston,,02210,42.3519,-71.0473,5.0,7,1
FOAcLYfQtEqoWa1hFD3kjg,Sikara & Co,,250 Newbury St,Boston,,02116,42.3493,-71.0826,4.5,6,0
FoEglfvxddcxLQXbWW0cUw,Filene's Basement,,497 Boylston St,Boston,,02116,42.3509,-71.0743,3.0,68,0
FOnFjJRuCjwD5sGN9-1rCA,House of Blues Boston Restaurant & Bar,,15 Lansdowne St,Boston,,02215,42.3474,-71.0957,2.0,45,1
fotalVr1Ag1ZDWPQ10ta4A,M & M Ribs,,102 Hampden St,Boston,,02119,42.3297,-71.0749,4.0,68,0
FoTno103IUgBA8zrt9WBXw,Small Pleasures,,142 Newbury St,Boston,,02116,42.3509,-71.0774,4.0,31,1
FoxV34-zjNqAiP38xNKJ8A,Philip's Salon,,437 Hanover St,Boston,,02113,42.366,-71.0526,4.5,78,1
FP5C74-vTRIN0lw9gQ8eRA,Americana Estate Sales & Liquidators,,,Boston,,02108,42.3549,-71.0661,3.5,8,1
FPAYkPpNNVHFq0k7sotReg,The Dogfather,,51 N Margin St,Boston,,02113,42.3652,-71.0566,3.5,42,1
fPgOmR803rjyuaJepaJJyQ,Lee Facial Plastic Surgery,,800 Washington St,Boston,,02111,42.3495,-71.0632,4.5,6,1
FpMabDsXDKqprZ6tUCxGxQ,Nine Bar Espresso,,45 Bromfield St,Boston,,02108,42.357,-71.0605,5.0,9,1
FPQ3Du_MLuRFtfFn-IaqAQ,Olympic House of Pizza,,655 E Broadway,Boston,,02127,42.3355,-71.0383,4.0,66,1
FQk9TGxTCkElD81DBNYUug,Ben & Jerry's,,1 Central Wharf,Boston,,02110,42.3592,-71.0503,4.0,8,1
Fqx_myGoKh2y_DJ1vEjjmA,ArcLight Cinemas - Boston,,60 Causeway St,Boston,,02114,42.3644,-71.0634,3.0,27,1
FQZcPzgbWUaHU2c_KnMQfQ,1800Flowers Boston,,100 City Hall Plz,Boston,,02108,42.3596,-71.0589,1.5,47,1
fqZYEqAScS3Zuaz9NTpbtA,Forcella,,33 N Sq,Boston,,02113,42.3635,-71.0539,4.0,25,1
Fr59MqUkVY_o_Sm1zix2ag,Kwench Juice Cafe,,230 Congress St,Boston,,02110,42.3545,-71.0542,4.5,63,1
fRDbE7kXUmaLXH310q-NWQ,Lapels Dry Cleaning,,621 Tremont St,Boston,,02118,42.3427,-71.0745,2.5,15,1
fRfYGkMImarL-A_e0ThRRA,Shannon Rouvel Makeup Artistry,,,Boston,,02127,42.3365,-71.0349,5.0,5,1
FRkp5uyvJoNQhQXBTwEH1g,Lower Mills Pub,,2269 Dorchester Ave,Boston,,02124,42.273,-71.0679,4.5,5,0
FrlWuroPD18PoMffE30Epg,Anton's Cleaners,,37 Charles St,Boston,,02114,42.3573,-71.0697,2.5,9,1
FrpCL_7B9UsbjZEvV_g15A,The Sky Lounge & Rooftop Terrace,,65 Seaport Blvd,Boston,,02210,42.3523,-71.0472,3.0,49,1
FrppWLOldaEekYyfGLRwTA,SO Good Jewelry,,443 Washington St,Boston,,02124,42.296,-71.0724,3.0,6,0
frrN6_NcOjKmHH6ogdACJQ,Swet Studio,,480 Tremont St,Boston,,02116,42.3458,-71.0691,4.5,79,1
frScHlzNQCtwBbn-63pa0g,Insomnia Cookies,,61 Bromfield St,Boston,,02108,42.3571,-71.0608,2.5,23,1
FRTe-NhnFL5A6ByDiQngPA,Murphy's Law,,837 Summer St,Boston,,02127,42.338,-71.0357,3.5,44,1
fRuj-wbUb1Vujnh1Q_V3yA,James Joseph Salon,,30 Newbury St,Boston,,02116,42.352,-71.0726,4.0,288,1
frVUBaOgrjoh4kvglUWXrA,The Carving Station,,1 Beacon St,Boston,,02108,42.3585,-71.0608,2.5,16,0
FsLAXnPaRbADLn35yK-Jjw,Honeycomb Cafe,,107-109 Savin Hill Ave,Boston,,02125,42.3116,-71.0539,4.5,72,1
FsuT5xdRAae35NXyE4M7pg,Black Ink,,101 Charles St,Boston,,02114,42.359,-71.0705,4.5,63,1
FSYFr_LJzRlkqZZ-pl9mEQ,Old North Church & Historic Site,,193 Salem St,Boston,,02113,42.3662,-71.0545,4.5,118,1
ft_KC77cKlBrqYc-cLtLRg,BoltBus,,,Boston,,02228,42.357,-71.0605,3.0,371,1
ft-u7hmJk2b-UPdZrL55fw,Pret A Manger,,176 Federal St,Boston,,02110,42.3533,-71.0559,3.5,14,0
FT3ETule_CIfmLZ9HKWj9g,HI B3AR,,147 Brighton Ave,Boston,,02134,42.3528,-71.1318,3.0,129,0
FtEbRkUHK9uEoFxLKvDV1g,Q's Nuts,,100 Hanover St,Boston,,02108,42.3621,-71.057,4.5,19,1
fTHefebRzIGi852HtPd6uQ,Boston Veterinary Clinic,,363 Tremont St,Boston,,02116,42.3483,-71.0679,4.0,92,1
fTKkmrsnLurvVDH33wHtog,Zest Mediterranean Grille,,1076 Boylston St,Boston,,02215,42.3469,-71.088,4.0,149,0
FU-jrr_-O6eHt9DbLE0C5g,Bonfire,,50 Park Plaza,Boston,,02116,42.351,-71.0697,3.5,44,0
fuconOuHxkbQoJzcvCWAZw,Nick's Comedy Stop,,246 Tremont St,Boston,,02116,42.3507,-71.0647,2.5,10,1
fuG9wBmmxIsWQaQrEIjcvQ,Busker's Lounge,,67 Canal St,Boston,,02114,42.3641,-71.0596,2.5,13,0
fuKPtwD0JcQniFnMXlHq1g,The Alley,,14 Pi Aly,Boston,,02108,42.3581,-71.0587,3.5,88,1
FUrNmIUcrEE5kNNRkU_xbw,Agganis Arena,,925 Commonwealth Ave,Boston,,02215,42.3523,-71.1178,3.0,84,1
fUXHR5XBFa4qV_NvPXpuAA,Rochambeau,,900 Boylston St,Boston,,02115,42.3476,-71.0852,4.0,123,1
fv0J4e4fLy_NF2yeUbgmQg,Hubway Bike Share,,One PO Square,Boston,,02110,42.3566,-71.0553,1.5,17,1
Fv54FtYtLMu4B0Oqg0KK1Q,The Wild Duck Wine & Spirits,,96 Salem St,Boston,,02113,42.364,-71.0557,3.5,32,1
Fv5hJOLngsgvS5StG79FYw,Hong Kong Hair Place II,,510A Cambridge St,Boston,,02134,42.3531,-71.1381,4.0,17,1
FVGNEqHG0a3GLV_WIbfYVg,Yummee Chinese Restaurant,,665 Tremont St,Boston,,02118,42.342,-71.0759,2.5,50,1
FVS5EJ9-sqZzJ0enRAs2jw,POKE by Love Art,,103 Beverly St,Boston,,02114,42.3655,-71.0595,4.0,25,1
fVuPfoQpc-xOn9X_7f2-GQ,Raphael's Restaurant,,487 Washington St,Boston,,02124,42.2947,-71.0722,3.5,18,1
FVzAjOBrL9QNu9GyZGim3g,Darcys Barber Shop,,430 Massachusetts Ave,Boston,,02118,42.3409,-71.0819,3.5,5,1
fw_6in7Fvx3yRGDOLtXUdA,A-Plus Moving & Storage,,48 Sumner St,Boston,,02128,42.3704,-71.0432,4.5,268,1
fW_9qzsliXE98pR0j3Zowg,Mgh Backbay Health Care Center,,388 Commonwealth Ave,Boston,,02215,42.3486,-71.09,3.0,44,1
fW1Sw27rdM9TwGaNZmk0-A,Therapy,,184 Brookline Ave,Boston,,02228,42.344,-71.1018,3.5,8,1
FW20LG8w2B2_QIhVWiiIMQ,Silky Way,,38 Kneeland St,Boston,,02111,42.3507,-71.0617,3.5,6,0
FW9K3ikZoy6D64lwV3newg,Ana Hernandez,,165 Newbury St,Boston,,02116,42.3508,-71.0788,4.0,12,0
fWVt5jBp36Z18vWsGzYgaQ,Alaska Airlines,,1 Harborside Dr,Boston,,02128,42.3634,-71.0258,2.5,36,1
FwzFnRHqfmUwN4TVpi7LqA,CeX,,44 Winter St,Boston,,02108,42.356,-71.0618,2.5,68,0
fx0c1lFEoNGWotf3rFY69w,Jacadi,,310 Boylston St,Boston,,02116,42.352,-71.0702,3.0,6,0
fX0zqMTK-YwJd2bNkJD37w,Eye Adore Threading,,467 Shawmut Ave,Boston,,02118,42.339,-71.0759,5.0,90,1
Fx7oIHa-wnSaJZ-PQMPEhw,POSH / Professional Organizing Services by Heidi,,,Boston,,02216,42.3527,-71.0792,5.0,9,1
FX9Ks1_cTySkEjpwqkUPmQ,Sony Style,,100 Huntington Ave,Boston,,02116,42.347,-71.0779,3.5,12,0
fxj6DREAII-qRfuk9vqU-w,Sordillo's,,364 Boylston St,Boston,,02116,42.3514,-71.0715,3.0,8,1
FxpdCQ1PHrr546ttt83v1Q,Salon Serenity,,161 Neponset Ave,Boston,,02122,42.2931,-71.0511,5.0,6,1
FxqrrGqOCfkZzRt3SbsEUw,Barney Fanning's,,99 Broad St,Boston,,02110,42.3573,-71.0526,4.0,75,0
fXzoCuiQIs_T1juFdVt8XQ,Ho Yuen Bakery,,54 Beach St,Boston,,02111,42.3515,-71.0606,4.0,162,1
fY2abIK1h4s6sUbgWu4bPQ,Shore Leave,,11 William E Mullins Way,Boston,,02118,42.3451,-71.0642,3.5,119,1
fY5T7eu_gTnzPYPZINmkhg,Herb Chambers Honda In Boston ,,720 Morissey Blvd,Boston,,02122,42.2974,-71.0482,2.5,477,1
fyCI9inTk_HOGg7TUZNwMA,The Braces Place,,1792 Dorchester Ave,Boston,,02124,42.2893,-71.0632,1.5,17,1
FYDP6p5G9ZcI4UW7inh88A,Harpoon Brewery,,306 Northern Ave,Boston,,02210,42.347,-71.0349,4.5,1506,1
FYgNCaNNS8-75rYdq7YvhQ,Crave Mad For Chicken,,75 Kneeland St,Boston,,02111,42.3503,-71.0608,3.5,617,1
fYHls_mc8Gu533xtp-N7CQ,Carrig Kitchens,,875 Massachusetts Ave,Boston,,02118,42.332,-71.0716,3.5,6,1
fYtw5S95MJBEdZTbPK0Gug,La Rana Rossa,,154 Green St,Boston,,02130,42.3105,-71.1065,3.0,52,0
fYuBEnbDcin9LDERbf7Y2w,Anna Tsui International,,,Boston,,02116,42.3536,-71.0804,4.5,9,1
fyVXjW3WGeWxLSwXtG_l1Q,COS,,138 Newbury St,Boston,,02116,42.3509,-71.0769,2.5,10,1
FyYDej3MRxz1uaDJCZMToQ,Five-10 Waterfront,,510 Atlantic Ave,Boston,,02210,42.3536,-71.0515,3.5,8,1
fZ77smbt2SsrojFJpBebBA,Chinatown Eatery,,44 Beach Street,Boston,,02111,42.3515,-71.061,4.5,16,0
fzi5tx76ASmT774U3gTNxg,Cherry Mart,,349 Newbury St,Boston,,02116,42.3484,-71.0872,3.5,43,0
fzpEmlocGIoRy7YdM4Vweg,Daisy Buchanan's,,240A Newbury St,Boston,,02116,42.3495,-71.0819,2.5,95,0
g_1zgYJqkm3w9FeKaOYgcA,The Landing,,One Long Wharf,Boston,,02110,42.3598,-71.0503,3.5,134,1
G_IZA345upHaaFeCl8WwLw,Mare,,135 Richmond St,Boston,,02109,42.3633,-71.0541,4.0,324,0
g_LX3S_Du_7nd7xbSF8odg,Trillium Beer Garden,,High St & Atlantic Ave,Boston,,02110,42.351,-71.0442,4.5,93,1
G_QFvmWWmJRC-bsWC4bYqw,Curley Community Center,,1663 Columbia Rd,Boston,,02127,42.3291,-71.0352,4.0,16,1
g-2rJlMVvjGP6vOUTgiT3A,Nahita Cocktails and Cuisine,,100 Arlington St,Boston,,02116,42.3499,-71.0695,3.5,131,0
g-Hz53t5nxI4Bt_M6aVx7A,Beautique Salon & Beauty Supply,,255 Meridian St,Boston,,02128,42.3761,-71.039,5.0,5,1
G-JCvStOslOxHLeQIw1fzQ,Nicole Chan Photography,,,Boston,,02116,42.3531,-71.0765,5.0,32,1
G-n2S4WvizBEKNOTMMULoA,Salsa's Mexican Grill,,417 Washington St,Boston,,02110,42.3559,-71.0605,3.0,5,1
g09ZtrU8EtiD-HCq3gGlsQ,O2 Yoga,,121 E Berkeley St,Boston,,02228,42.3437,-71.0651,4.5,13,0
g0JNRfgUa-YaiHijY8JcbA,Caffe Bella Vita,,30 Charles St,Boston,,02114,42.3569,-71.07,2.5,165,1
G0RrRcnEgyrr51xMT1MKSQ,Best Sausage,,80 Brookline Ave,Boston,,02215,42.3466,-71.0991,2.5,11,1
g1HFGZhhJR28SoFVapagHQ,Kent Cheung,,150 Huntington Ave,Boston,,02115,42.3445,-71.0824,5.0,8,1
g2BZOLMwHViRf9hsQfKm_w,El Pel?n Taquer?a,,92 Peterborough St,Boston,,02215,42.3431,-71.0991,4.0,1121,1
G2cRFEpDxiIQdFF6zNNbQQ,Boch Center - Wang Theatre,,270 Tremont St,Boston,,02116,42.3503,-71.065,3.5,152,1
g2H58GCWZlYq6BcOywDi7g,Pok? Bento,,827 Boylston St,Boston,,02116,42.349,-71.0826,3.0,114,0
G2qQ72XEMVW4A9SNDHGwOg,Stephi's on Tremont,,571 Tremont St,Boston,,02118,42.3436,-71.0726,3.5,465,0
g2WF9426FUEbaKs-16o2Dg,Camille Albane Paris,,252 Newbury St,Boston,,02116,42.3493,-71.0827,4.5,39,0
g2ynpekYnU7mkoPQKG4bFg,Andrew Square House of Pizza,,395 Dorchester St,Boston,,02127,42.3301,-71.0565,4.0,59,1
G3CxSpcG9PKPtGQweVvtBw,Bruegger's Bagels,,211 Congress St,Boston,,02110,42.3546,-71.0549,3.5,50,1
g3OJi94JTYhIoEwqNfhI8g,Chinatown Cafe,,262 Harrison Ave,Boston,,02111,42.3475,-71.0626,4.0,190,1
g3xJEI1J4bc0yjYa2wsFAA,Wilstein and Bradshaw Team - Compass,,126 Newbury St,Boston,,02116,42.351,-71.0763,5.0,6,1
G49nl6Ih-vSSEFk8EAs1OA,Matthew Guillory Photography,,46 Waltham St,Boston,,02118,42.3419,-71.0694,5.0,9,1
G4enu8vxbQk4h_2Cd3TEgA,West End Johnnies,,138 Portland St,Boston,,02114,42.3638,-71.0614,3.0,311,1
g4LJbwTUoXXiE2C7tZjHGQ,Brooks Brothers,,46 Newbury St,Boston,,02116,42.3518,-71.0731,2.5,82,1
g54E96BkJ5qKw33v9lMFQg,Primo's Pizza Restaurant,,28 Myrtle St,Boston,,02114,42.3592,-71.0656,3.5,72,1
g5625z86aYb28X8ulMLRJA,The Juice Press,,109 Seaport Blvd,Boston,,02210,42.3513,-71.0451,3.0,20,1
G5gDjwNETSNK6LkbmGcUzw,Jamba Juice,,1175 Tremont St.,Boston,,02120,42.3351,-71.0891,3.5,8,0
G5pTsGlisBpOGt3Ok3UyvQ,Pasteur,,5 Beach Street,Boston,,02111,42.3515,-71.0624,3.0,8,0
g7-Kj5x89YM0yq9IZjbIkw,RadioShack,,414 Boylston St,Boston,,02116,42.3512,-71.0724,2.5,11,0
g7Ge0feWVL8wZO37130nPA,Amazing Cleaning Services,,,Boston,,02127,42.3365,-71.0349,2.0,8,1
g7i8cYnYKtCx0OG4hZEvcw,Southend Laundry,,565 Columbus Ave,Boston,,02118,42.3411,-71.0816,4.0,18,1
G8mYHODB3zYw4RsSVebACw,Kala Thai Cookery,,151 Hanover St,Boston,,02109,42.3619,-71.0568,4.5,160,1
g9C-NxkN4-hSR-kQrN3UHQ,DeFilippo Playground,,Prince St Snow Hill St,Boston,,02113,42.3668,-71.0587,4.0,6,1
G9dhca2szCof59SaODfhMA,Casa Romero,,30 Gloucester St,Boston,,02115,42.3495,-71.0844,3.5,535,1
G9DPOo9S2igX3yrgX6keew,Red Mango,,334 Massachusetts Ave,Boston,,02115,42.3428,-71.0844,3.5,171,0
g9e2m1eanN_2taFQRMJ-2A,The Point EB,,20 Orleans St,Boston,,02128,42.3673,-71.0385,5.0,9,1
G9fsLG1Gb-PbIjenHu3Z7g,Sanctuary,,189 State St,Boston,,02109,42.3593,-71.0527,2.5,83,0
g9mf1g4lGHx1f1ULrS28zA,Brookline Jaguar & BMW Service,,880 Commonwealth Ave,Boston,,02215,42.3507,-71.1148,3.5,30,0
gAg4a18bT1aYuyWAA08r7w,Belle Isle Marsh Reservation,,1284 Bennington St,Boston,,02128,42.3918,-70.9963,4.5,18,1
GAgbYicrT2P2quDUzPVfIQ,Oath Pizza - Boston,,,Boston,,02108,42.3549,-71.0661,4.0,6,1
GAGLKerEM3p__2sPkY9maw,Chiara Auto Repair,,317 Maverick St,Boston,,02128,42.3667,-71.0318,4.5,28,1
gajOQX7gzaJFyKENyUDvog,Saratoga Market Ice Cream,,16 Trident St,Boston,,02128,42.386,-71.0107,5.0,6,1
gAmotq7mxRRFhvd3lNLO9w,Swan Boats of Boston,,Boston Public Garden,Boston,,02228,42.3549,-71.07,4.5,106,1
GArohfxXdMGrxdptx5o0JA,Salvatore's,,225 Northern Ave,Boston,,02210,42.3483,-71.0386,3.5,345,0
gayyod09ugw5CqAgrAeNKQ,Loft & Vine,,26 Prince St,Boston,,02113,42.3644,-71.0544,5.0,6,0
GAZ-tgf5pbp3hf5xdq4Aqg,Luke Adams Gifting,,565 Columbus Ave,Boston,,02118,42.341,-71.0814,4.5,9,0
GB-YivVMUg-PvsF0C3h3Ww,Pressed Sandwiches,,1 Beacon St,Boston,,02109,42.368,-71.0548,3.5,6,0
gb0EMaNO58f1Lnc4XqNp8Q,Toppers,,151 Tremont St,Boston,,02111,42.3545,-71.0634,4.0,17,0
GbBI4x1peO2dDb0NG6QuFQ,City of Boston,,,Boston,,02201,42.3582,-71.0585,4.5,144,1
GBKQHPrWwmqHVJSTyPtSiw,The Laundry Basket,,860 Beacon St,Boston,,02215,42.3472,-71.1042,3.0,35,1
gBrQqVSE6XP07sHUEWeV5g,Starr Hair Studio,,114 Newbury St,Boston,,02116,42.3511,-71.0759,5.0,8,0
gC3XhnCKdu9iD11j6uTG_w,Bebe Nails & Skin Salon,,154 Newbury St,Boston,,02199,42.3506,-71.0782,2.0,14,1
gc48oid-9eMgUqLu7Pbdkw,Mass Integrity Home & Pest Inspection,,55 Glenwood Ave,Boston,,02136,42.2479,-71.1259,4.5,8,1
Gc5FlZ9Vz5iaenaCZq4n1Q,Boston House of Pizza,,305 Huntington Ave,Boston,,02115,42.3412,-71.0873,2.5,111,1
Gc99uYrcsEPbKUgKbHcinQ,J Pace & Son,,1 Federal St,Boston,,02109,42.3561,-71.0568,3.5,32,0
GcEfB6Or9rGBjgIJWISazg,Jewel of Newbury,,254 Newbury St,Boston,,02116,42.3493,-71.0827,3.5,6,0
GCgzhXWCwGgRgvjbF3LW7w,Lipstick,,293 Newbury St,Boston,,02115,42.3492,-71.0851,4.5,35,1
gCsidBqhALICug9E2AphCw,Basile - Fine Italian Kitchen,,162 Columbus Ave,Boston,,02116,42.3493,-71.0708,4.0,455,1
gcuL2Q50B91k3xo8PR9raw,Bromfield Jewelers & Estate Buyers,,53 Bromfield St,Boston,,02108,42.357,-71.0607,5.0,25,1
GcvQenDSaYWZN5YbWEqckA,Anthony Pino Salon,,299 Newbury St,Boston,,02115,42.3491,-71.0853,4.5,9,0
gD2Acs1fMMYWUK2UHTt5Kg,The Sipping Room by Breeze,,132 Jersey St,Boston,,02215,42.3424,-71.0965,4.5,8,1
gDFFj3jkDHFnJKeeKXdLOw,Registry of Motor Vehicles,,136 Blackstone St,Boston,,02109,42.3622,-71.0571,3.0,93,1
gdiJEFJjAuUVcOanbUB3Hw,The Last Drop,,421 Marlborough St,Boston,,02115,42.3502,-71.0895,3.5,19,0
GdV1is-el7vk3BJifVzuBA,Lice Happens,,,Boston,,02108,42.3549,-71.0661,5.0,13,1
Ge2QhYv5OBqDqOxs0Tiv4A,Beijing On the Common,,62 Boylston St,Boston,,02116,42.3522,-71.0644,3.5,19,0
gEb4UTcSmJiS_5jJmpk4Mw,AT&T Store,,699 Boylston St,Boston,,02116,42.3498,-71.0791,2.5,110,1
GEJ8OaKc8QPOaBJLMA6GIQ,City Hall Farmers Market,,1 City Hall Plz,Boston,,02201,42.3603,-71.058,4.5,14,0
GemI3_pYLpQiM42epplJzg,Beacon Hill Athletic Clubs,,252 Meridian St,Boston,,02128,42.3762,-71.0393,3.5,10,1
geqpfK2WO6uHJCDpNofURA,Metropolis,,584 Tremont St,Boston,,02118,42.3432,-71.0726,4.0,486,1
geTlvnFKrhL8pTOuD0uB5w,Yes Nails and Spa.,,416 Market St,Boston,,02135,42.3494,-71.1532,4.5,42,1
gezMBoTIb0dwtyJ4V1lsaA,Pure Barre - Boston,,350 Newbury St,Boston,,02115,42.3481,-71.0872,4.5,49,1
Gf_ky0JHKtB2VHJSf63BZw,Fairmont Battery Wharf,,3 Battery Wharf,Boston,,02109,42.3665,-71.0504,4.0,79,0
gf1bdl8eiV1YRL4uvNp7QA,Hub Lock & Door Closer Company,,281 Dorchester St,Boston,,02127,42.3322,-71.0524,5.0,23,1
GF6ni03hvLcJ0l1jcvWT3w,The Stillings Street Garage,,13 Stillings St,Boston,,02210,42.3505,-71.0472,2.0,7,1
GFBw-Ag8GJ-LhNmFLlZGCA,Discovery Cafe,,3 Blackfan Cir,Boston,,02111,42.3389,-71.1042,2.0,6,1
gFe2VRM81a2UzHkh0gekAg,Lavanderia,,102 Prince St,Boston,,02113,42.3657,-71.0565,3.5,20,1
gfeOJD-__kI-KZPK2UXl3w,Vivi Bubble Tea Cafe,,182 Massachusetts Ave,Boston,,02115,42.346,-71.0868,4.0,52,1
gFKJDhMzDoL4bIiPi1zJGA,Residence Inn by Marriott Boston Back Bay/Fenway,,125 Brookline Ave,Boston,,02215,42.3459,-71.1005,4.0,81,1
GFmDaEdDkWKeYUqb44GG8w,Starbucks,,84 State St,Boston,,02109,42.3591,-71.0556,3.0,55,1
gfok4Hsdqt6wSqJhY2QM6g,La Famiglia Giorgio's,,112 Salem St,Boston,,02113,42.3646,-71.0557,4.0,1447,1
gfRkdt8ntcrD1TLXWne1Jw,Codzilla,,1 Long Wharf,Boston,,02110,42.3597,-71.0506,3.5,105,1
GfuDpypk9ekc8OsMRTMJ0A,North End Fish Market,,99 Salem St,Boston,,02113,42.3639,-71.0555,4.5,301,1
gg0i_tyqV1FaZOd6mw8h_w,Mike's Auto Repair,,150 W Broadway,Boston,,02127,42.3408,-71.0534,1.0,30,0
ggBZOm5FLsitgVAszgd9vQ,Southie's Own,,396 W Broadway,Boston,,02127,42.3373,-71.0484,5.0,8,1
ggGzgb8NTdmRVUkx1Q2bYw,Leon Ohanian & Sons Jewelers,,387 Washington St,Boston,,02108,42.3561,-71.06,5.0,21,1
Ggpnzxxbok5AHcDWLrOVTg,Thompson Massage Therapy For Women,,75 Arlington St,Boston,,02116,42.3505,-71.0704,5.0,21,1
ggtmzvbUq6Js3B9gq1wNbg,Stuart Street Playhouse,,200 Stuart St,Boston,,02116,42.3504,-71.0675,4.5,5,0
ggUEqtWU_rP_VyXAtibzYg,IL Mondo Pizzeria,,738 Huntington Ave,Boston,,02115,42.3337,-71.1054,3.0,260,1
GGYjiCDu39wbzTRLmvRo5w,Dewey Square Park,,583 Atlantic Ave,Boston,,02210,42.3534,-71.0547,4.5,5,1
GH4HHntcydy1xmg7OCq4Iw,Sir Speedy Printing,,827 Boylston St,Boston,,02116,42.349,-71.0826,4.5,25,1
gh4vxoFUPiGei4XvKn0lBw,Zoe Hair Studio,,5 Knapp St,Boston,,02111,42.3514,-71.062,4.0,48,0
gH7IME82dQqsDhBAKQ5OKQ,Crystal House Cleaning,,,Boston,,02115,42.3572,-71.0693,4.5,6,1
ghg35KWOhKzdmsTUZtH-hQ,Trattoria Andiamo,,104 South St,Boston,,02111,42.3511,-71.0571,3.5,54,0
GhJvfGlMO10kUvOUz3Mk8g,Dunkin',,895 Morton St,Boston,,02126,42.2805,-71.0842,1.5,22,1
GhPoAUakz5vGoIObl3BGoQ,Vertigo,,126 State St,Boston,,02109,42.3594,-71.0546,1.0,6,1
gHqqhP1k-vmrRopjwx_1Vw,Sushi Time,,417 Washington St,Boston,,02108,42.3559,-71.0603,3.5,87,1
ghSymA0wgxF8koxv0CShJA,Mobile Van Post Office,,100 Federal St,Boston,,02228,42.355,-71.056,5.0,5,1
GHy_n4vgaT8HCQRVJxwqzA,Fiddlehead,,292 Newbury St,Boston,,02115,42.3489,-71.0847,4.0,8,0
Gi8LtXjz0bcIEKWjfsefmA,Chipotle Mexican Grill,,553 Boylston St,Boston,,02116,42.3506,-71.0762,2.5,76,1
gibWwjWD8CoK4_2dsZQe1w,Day Square Liquor,,288 Bennington St,Boston,,02128,42.379,-71.0287,4.0,5,1
gIMVMlQbIHtY0mn7B7Kmug,McDonald's,,1 Fleet Center,Boston,,02114,42.3609,-71.0671,2.0,9,0
GIO2J6HDhzKLpcANZ8sXLA,Royale Boston,,279 Tremont St,Boston,,02116,42.35,-71.0657,3.0,460,1
GITCxjKDdgu0L5S4mgTGaQ,Silk Events DJ + Lighting,,,Boston,,02132,42.2798,-71.1627,5.0,15,1
GIYxpAPqLT-PPZ43udmS5A,SniffSnout Let's Go Out,,315 A St,Boston,,02210,42.3487,-71.0484,3.5,7,1
GiZK3azGLzLWfHqOUVKlTg,Independent Film Festival Boston,,,Boston,,02108,42.3549,-71.0661,4.0,9,1
gj6Mqzk0CGAf46QNbel-ig,Sunglass Hut,,7 N Market St,Boston,,02109,42.3605,-71.0548,4.0,8,1
GJMi7VTNtUf6MOwdbOF9vg,Sunshine Moving,,,Boston,,02108,42.3549,-71.0661,2.5,10,0
GjpC15X18tywPROz73MuRg,Giselle Beautique,,1094 Commonwealth Ave,Boston,,02215,42.3518,-71.1242,4.5,7,0
GJpPvbgGvPmyPTVuqQTeNA,Thompson Island Outward Bound,,5-11 Drydock Ave,Boston,,02210,42.3183,-71.0084,4.5,13,1
GJPYjmjsEPojTCTCvZLm7w,Boston Budget Plumbing,,,Boston,,02122,42.2967,-71.0527,4.5,33,1
GjTKl_NBkjm_HcPiJsPWBg,The Body Shop,,800 Boylston St,Boston,,02199,42.3485,-71.0826,2.5,6,0
gJWbeL6cDgcPvvZSnxo6cQ,by CHLOE. Boston Seaport,,107 Seaport Blvd,Boston,,02210,42.3511,-71.0451,4.0,298,0
gjWtb3F23YxfYvRHWbvWWA,Angela's Cafe - Orient Heights,,1012 Bennington St,Boston,,02128,42.3871,-71.0063,4.0,101,1
gJYD0JUYJUrF_98isnn0ig,Fenway Johnnie's,,96 Brookline Ave,Boston,,02215,42.3462,-71.0993,3.0,23,1
gJzKvDfRnTHOtmBYpVFx7A,GTI Properties,,530 Harrison Ave,Boston,,02118,42.3415,-71.0668,3.0,21,1
GjzS8A9s7P2uI4CXQ2aYTQ,City Suites,,421 Hanover St,Boston,,02113,42.3657,-71.0526,2.5,14,1
GkCNHEujoBphaYeyh5qPQg,Island Hopper,,91 Massachusetts Ave,Boston,,02115,42.3484,-71.0885,3.0,147,0
GkCno_HGjNX3lJRiFbGU1g,MBTA/Silver Line Courthouse Station,,,Boston,,02228,42.3523,-71.0468,2.5,76,1
gkCSVmq6Mx8Z04KzkrHzCA,Porto,,Ring Rd,Boston,,02199,42.3474,-71.0799,3.5,245,1
GkEIRcElnRx-ULPNCxwf1w,Improv Asylum,,216 Hanover St,Boston,,02113,42.363,-71.0556,4.0,364,1
gkj9lZTDvrw9TdSzDqkRjg,Townsman,,120 Kingston St,Boston,,02111,42.3522,-71.059,4.0,288,0
Gkm1-TKsYze1YPJbiNdFnA,Fishing Frenzy Charters,,28 Constitution Rd,Boston,,02129,42.3719,-71.0596,5.0,13,1
gKnkxVBk1Tstu5QnBjk86w,ReelHouse Boston,,6 New St,Boston,,02128,42.371,-71.0443,3.5,374,1
GkooYmxZIID5trW2HUBZzQ,Tutti Frutti,,Chelsea St,Boston,,02128,42.3792,-71.0282,4.0,9,1
gKQlIGN58SEaaBaFPlIB6g,75 State Street parking,,5 Broad St,Boston,,02109,42.3587,-71.0546,3.0,30,1
GKRqbp2uM1HGYThT_J2yrA,Hot Tomatoes Express,,227 Hanover St,Boston,,02113,42.3629,-71.0553,3.5,9,0
GKWvDO_CspLAMrkGMF8hlQ,Jersey Street Liquors,,48 Queensberry St,Boston,,02215,42.3425,-71.0972,4.5,18,1
GkxN2DggCLfVj-VxJdHkwQ,The Makeup Artists,,,Boston,,02109,42.3661,-71.0483,5.0,8,1
gl_zbwI6P9jpvhYg_1kDAg,Twilight,,12 Fleet St,Boston,,02228,42.3646,-71.053,4.5,24,0
GlbuMWQK5oIwXd9EE93iBA,Sbarro,,200 Terminal B,Boston,,02128,42.3629,-71.018,1.5,12,0
Glkjii_BcHJs5F8uH0WyOA,John Hancock Building Concourse Cafe,,200 Clarendon St,Boston,,02117,42.3493,-71.0753,3.5,10,0
gm0wKXtkSIhH2MTtcGWEDQ,Subway,,230 Tremont St,Boston,,02116,42.3513,-71.0646,2.5,30,0
GMcikV7NCcloIXb2SJHREw,Connected Through Strength,,107 Savin Hill Ave,Boston,,02125,42.3116,-71.054,4.5,7,1
GmDSGIqumVMGMq4bB508TA,Lindsey Light Photography,,,Boston,,02113,42.3654,-71.055,4.5,8,1
GMQ68YR0xu8YPBvCDo7EKg,Bank of America,,125 High St,Boston,,02110,42.3559,-71.0532,3.5,6,1
gmQyOWKuZsIoYZES-5k3dw,Basics Carpet and Furniture,,1119 Commonwealth Ave,Boston,,02215,42.3516,-71.126,3.0,10,0
GmrBzyJM1_mVf_azDrLwFw,La Baguette Marche,,1 Harborside Dr,Boston,,02128,42.3642,-71.0208,1.5,10,1
GMvhs3jWrk4KWJwicV5DlA,Boston Athletic Club,,653 Summer St,Boston,,02210,42.3407,-71.0437,3.0,54,1
GmWw_4543uotBWI21xiwrA,B3,,160 Massachusetts Ave,Boston,,02115,42.3462,-71.087,4.0,101,0
gNbGqCWNyfUKbB5zsVF9Ow,sweetgreen,,132 Brookline Ave,Boston,,02215,42.345,-71.1007,4.0,92,1
GnhVqzq3lqmIOdPdzTUSoA,Without A Hitch,,,Boston,,02108,42.3549,-71.0661,5.0,32,1
gnJsfztNzJl803fkwUV3jA,Grand Circle,,347 Congress St,Boston,,02210,42.3502,-71.0489,1.5,37,1
gnN97X6fNQBAxv0_PesG-w,Tufts University Dental Faculty Practice,,1 Kneeland St,Boston,,02111,42.3505,-71.0629,2.5,21,1
GNRXx5c2UjYPqBXNVMlMrA,El Triunfo,,147 E Berkeley St,Boston,,02118,42.3435,-71.0648,3.5,269,1
GnxeBWPJLTXf801hEqv-2A,Domenic's,,54 Salem St,Boston,,02113,42.3632,-71.0563,4.5,150,1
gO4lIbKjSJnCk_w40AnjyQ,Unleashed,,114 New Edgerly Rd,Boston,,02115,42.3436,-71.0876,3.5,20,0
go6pZHE2fCXFdO-ue1bH1g,Tealosophy,,3 N Beacon St,Boston,,02134,42.3538,-71.1375,4.0,95,0
GO7uTPRCIWM_MmBQSNibDA,Renaissance Boston Waterfront Hotel,,606 Congress St,Boston,,02210,42.3482,-71.0395,3.5,213,1
Go8U9oJd4CfpO1ik4Z8iKA,Lucky's Lounge,,355 Congress St,Boston,,02210,42.35,-71.0485,3.5,622,1
gOCa_3qRrRr3x1s6psee4Q,Urban Cycles: The Bike Shop at Urban AdvenTours,,109 Atlantic Ave,Boston,,02110,42.3613,-71.0525,3.5,72,1
gOdMTg1eE3lSnNbYf85llQ,Beacon Hill Hotel & Bistro,,25 Charles St,Boston,,02114,42.3569,-71.0698,3.5,342,1
goj3-MeDiCS2soysk6AaSQ,Sullivan's Tap,,168 Canal St,Boston,,02114,42.3652,-71.061,3.5,114,1
gOjh7RMDZDn4h-QmwnAseA,Sonsie,,327 Newbury St,Boston,,02115,42.3488,-71.0863,3.5,1314,1
gov3D3fkEKwpZfBocf3czw,Copley Flair,,11 School St,Boston,,02108,42.3576,-71.0587,4.0,10,0
GP8vp1plJDo8XYGGV0lG4A,Casper Funeral & Cremation Services,,187 Dorchester St,Boston,,02127,42.3339,-71.0495,5.0,18,1
gP94f3pMGTvVicjo7r5Uuw,G&V Symphony Mart,,1130 Boylston St,Boston,,02215,42.3468,-71.089,3.5,17,1
gpIzldyeiXaUd2O6LRgwzw,AC Hotel Boston Cleveland Circle,,395 Chestnut Hill Ave,Boston,,02135,42.3348,-71.1503,3.5,11,1
GpNY8uE03oYhC21zX3tMAQ,La Chic Professional Dog & Cat Grooming Salon,,316 Main St,Boston,,02129,42.3782,-71.068,4.0,31,1
gpOPMAfswkbSputPNRU6ZQ,Donovan Mechanical,,,Boston,,02131,42.2832,-71.127,4.5,41,1
gPyWWQm6F60W1_uFiJ8dHw,POST Physical Therapy,,15 Channel Ctr St,Boston,,02110,42.3454,-71.0514,5.0,15,1
gq-1gRNvJHz3s4hSSJBisA,Al's State Street Cafe,,112 State St,Boston,,02109,42.3593,-71.0549,4.5,492,1
gQbIX1xgbeLd3LRCsL1Nbg,Zo Greek,,92 State St,Boston,,02109,42.3592,-71.0553,4.5,116,1
gqCEA-2_p7DV9PjZ7aJcNQ,Adi's Bike World,,1754 Centre St,Boston,,02132,42.2872,-71.1508,3.5,6,1
gqDtdsUOVDTXCnvEjmjG0A,Pressed Sandwiches,,85 Bedford St,Boston,,02228,42.3533,-71.0586,3.5,6,0
gqI907dNjPlQ5OC9xX03kQ,Metro Convenience,,253 Summer St,Boston,,02210,42.3505,-71.0512,3.0,12,1
GqiyboHnqg8yEdZF_zrU2g,Skipton Kennel & Pet Center,,70 Southampton St,Boston,,02118,42.3326,-71.0711,3.5,52,0
GQlDIQlK7PW7YpGTbbOoFA,DSW Designer Shoe Warehouse,,385 Washington St,Boston,,02108,42.3561,-71.06,3.5,137,1
gQTFbOmyYOteDr7cXmjcWg,Joe Tecce's Ristorante & Caffe,,61 N Washington St,Boston,,02114,42.3647,-71.0583,2.5,29,0
gqvlERFLq62DbGxFw_2EhA,Woof n Wag,,74 Sudan St,Boston,,02125,42.3163,-71.0543,5.0,8,1
GQx1WJa_Q84U1GxWyHTREg,Legal Sea Foods,,26 Park Plz,Boston,,02116,42.351,-71.0678,3.5,665,0
gr5MTMgBR1oaswzndx3wSA,Cashunt Boston,,22 Clinton St,Boston,,02109,42.3609,-71.0551,5.0,16,1
Grnz2J41THH4vFI7SXyQKg,Odessa Instant Shoe Repair,,3 Center Plz,Boston,,02108,42.3594,-71.0602,3.5,22,0
GRpCeAli7CALRi11sQiyHA,Target,,860 Commonwealth Ave,Boston,,02215,42.3507,-71.114,3.0,13,1
grvDeUnrwzWHA0RbhTr4kA,Dorothy's Boutique,,190 Massachusetts Ave,Boston,,02115,42.3457,-71.0867,4.0,64,0
GrwiclZuGZOqGTHvvEuDzw,Millennium Place Garage,,47 Boylston St,Boston,,02116,42.3524,-71.0638,1.5,14,1
Gs4lOF2OuftG6iQl-iOVdQ,Trillium Brewing - Fort Point,,50 Thomson Pl,Boston,,02210,42.351,-71.0442,4.0,429,1
gschQDpt5U4J9aJfuAHzXw,Marimekko Boston,,140 Newbury St,Boston,,02116,42.3508,-71.077,3.5,16,1
gScqKz8xWWd1iwapcYU6VA,Chilacates Mexican Street Food,,1482A Tremont St,Boston,,02120,42.332,-71.0987,4.5,36,1
gSFKVbt2HQLp0DlZY62svA,Liquor Store,,25 Boylston Pl,Boston,,02116,42.3466,-71.0775,2.5,140,0
gSkiRGUvY9pKdQ55cjWAuQ,Tenoch Mexican,,3 Lewis St,Boston,,02110,42.3633,-71.0518,4.0,324,1
GSkTeP1iDKGS9GZJqyRKPg,Henna by Heather,,,Boston,,02228,42.357,-71.0605,5.0,41,1
GSNH6Gku0CMVVvEbYeAi9g,Life Without Laundry,,,Boston,,02116,42.3531,-71.0765,4.5,206,1
GssBlOCfXJ0XNDZbJs8CUA,Paper Source,,338 Boylston St,Boston,,02116,42.3516,-71.0711,4.0,67,1
Gsz2J8RaD5Rf9UiMwQ9B7Q,Brighton Music Hall,,158 Brighton Ave,Boston,,02134,42.3529,-71.1326,3.0,106,1
GT1cNT11MnJY9d-s9Fe7ZQ,Norfolk Hardware & Home Center,,981 Morton St,Boston,,02126,42.2785,-71.0805,4.0,20,1
GTaqpwL4kCkgqUmHtlJeDQ,Brown Sugar Cafe,,1033 Commonwealth Ave,Boston,,02215,42.352,-71.1216,4.0,899,1
gtNYjjCGU47GTBJy2f08Lw,Jasmine Sola,,800 Boylston St,Boston,,02228,42.3465,-71.0838,2.0,10,0
gtpL2DjBZv-vcGqNwyEQmg,BerryLine,,1377 Boylston St,Boston,,02215,42.3438,-71.1009,4.0,106,0
gTujEOhF348SIODyECIghQ,Carmen's Shoe Repair,,380 Commercial St,Boston,,02109,42.3667,-71.0518,4.0,5,0
gu7ompjZyWGBvncxyLDqiQ,Harbor Point on the Bay,,24 Oyster Bay Rd,Boston,,02125,42.3192,-71.0396,3.0,73,1
gUpLLCjnnTSdz7jOUZOZlA,Townhouse Beauty Bar,,28 Charles St,Boston,,02114,42.3569,-71.0698,4.0,52,1
guUBxI1yonkGwB-l8A1RWg,Walgreens,,24 School St,Boston,,02108,42.3573,-71.059,3.5,99,1
GuYxV6_-_y0vobc7ibywbA,Michele International Hair & Day Spa,,125 Pearl St,Boston,,02110,42.3549,-71.0539,4.0,26,0
gV0v1iVNATOqA4S57540WQ,Beacon Realty Properties LLC,,248 Newbury St,Boston,,02116,42.3494,-71.0825,1.5,7,1
GVAXOhmwbiNhLOdW0a2GYQ,Java House,,566 E Broadway,Boston,,02127,42.3354,-71.0424,4.0,38,1
gvbxlTry47bbLeSaWWz_KQ,Miracles & Other Deceptions: The Close Up Magic of Paul Gertner,,60 School St,Boston,,02108,42.3577,-71.0601,5.0,12,1
gVetIbpzhgPZ7eaJ5KHb7g,Spangler Food Court at Harvard Business School,,117 Western Ave,Boston,,02163,42.3652,-71.1222,3.5,26,1
GVFqAZYceTZFrrzkohe59w,Caf? de Lulu,,42 Beach St,Boston,,02111,42.3516,-71.0609,3.5,155,0
GvmiATMJkEmUSRpCVRF_-Q,A&B Burgers,,115 Beverly St,Boston,,02114,42.366,-71.0599,3.5,58,1
gVmVqKTkgfFqXDg53t_nVQ,Bar ? vin 1855,,259 Newbury St,Boston,,02116,42.3496,-71.0832,4.5,18,1
GVPfONrAFZDlcAOYMmvIDg,Boston Flower & Garden Show,,200 Seaport Blvd,Boston,,02210,42.3514,-71.0405,1.5,30,1
gvz8Jx9YS2yP3acWcE6qGA,Lasker's,,67 Appleton St,Boston,,02116,42.3458,-71.0727,3.0,12,0
gW_OoHrI0DvRLQZ7M3J_rQ,Charles River Motel,,1800 Soldiers Field Rd,Boston,,02135,42.3589,-71.1559,1.5,18,1
GW-qF7xopcwSeQah6Yvtnw,Biddy Early's,,141 Pearl St,Boston,,02110,42.3547,-71.0536,4.5,260,1
GW0-wkrP5vq_hdDJJW2xdw,Dollar Car Rental,,3 Columbus Ave,Boston,,02116,42.3513,-71.0683,2.0,25,1
gW0JPz641jd-zRuyI6k5jg,Tsurutontan Udon Noodle Brasserie - Boston,,512 Commonwealth Ave,Boston,,02215,42.3486,-71.0958,4.0,156,1
gwAljW_PgFNBtONpp6kTaQ,Winston Flowers - Financial District,,176 Federal St,Boston,,02110,42.3534,-71.0559,4.0,38,0
gwh7HHG0_Bb1hYZ0LytmPw,Tanorama,,113 Atlantic Ave,Boston,,02110,42.3613,-71.0527,3.5,9,1
gwiBd_RCD2Hcd3_ESjyMbA,Massimino's,,207 Endicott St,Boston,,02113,42.3666,-71.0579,3.5,375,1
gWkcgOuE5edvrxSEScWBXw,European Wax Center,,216 Newbury St,Boston,,02116,42.3499,-71.0809,3.5,130,1
gWLr5ouQ5clPMl_QVOsl0Q,Georgetown Cupcake,,83 Newbury St,Boston,,02116,42.3518,-71.0748,4.0,834,1
gwm_eHIetrkMaOAZVem5qQ,BLR By Shojo,,13A Hudson St,Boston,,02111,42.3508,-71.0602,4.0,253,0
GWqoz_Use3-AeWonZbwgCQ,The Whitney Hotel Boston,,170 Charles St,Boston,,02114,42.3606,-71.0712,4.0,15,1
GwwX5JjuOVpw0ZlBvCqEOg,Coppa,,253 Shawmut Ave,Boston,,02118,42.3434,-71.0687,4.0,877,1
gwXRY7U5dwIuT1SqVzPiGQ,Newbury Comics,,348 Newbury St,Boston,,02115,42.3481,-71.0871,4.0,195,1
gWyqwGbEzzOkXfzf8gcwRg,Forty Dalton,,40 Dalton St,Boston,,02115,42.3466,-71.0851,2.5,24,1
Gx0UVCzWbqeUQpXNZU2ftw,The Quiet Few,,331 Sumner St,Boston,,02128,42.3672,-71.0359,5.0,45,1
gx4R2LEvizuVay5oUMriDQ,Dollface Boston,,546 E Broadway,Boston,,02127,42.3358,-71.0424,4.5,6,1
Gx9v5cqsgLa9xpMj1FnTxg,U&D Kitchen,,184 High St,Boston,,02110,42.3566,-71.0528,3.5,102,1
GxCPSRIZ-PvKQkMEKM2ulQ,Hilton Garden Inn Boston Logan Airport,,100 Boardman St,Boston,,02128,42.3898,-71.0122,4.0,72,1
GXEeuymhbtGUGTYQ2DQF5A,Boston Bruins,,100 Legends Way,Boston,,02114,42.3663,-71.0622,4.5,37,1
gxHJ8On8hWtDVIZGuneicg,Excel Plumbing and Heating,,,Boston,,02124,42.2826,-71.0676,5.0,5,1
GXI8J6Xi4e1A1nMPLNtkUA,Longwood Grille & Bar,,342 Longwood Ave,Boston,,02115,42.3383,-71.1065,2.5,99,1
GxkYRLpsVjwE59_vToyrgA,Tom's Sandwich Shop,,36 Northampton St,Boston,,02118,42.3338,-71.0755,4.0,21,0
GXvMheuRr8buu4XvkRonlQ,DKNY,,37 Newbury St,Boston,,02116,42.3524,-71.0731,4.0,5,1
GxxMDDqCU8RRczJ3tdjvRQ,Sal's Pizza,,51 Brookline Ave,Boston,,02215,42.3473,-71.0987,3.0,36,1
gxy-SivBfGulVlhqnzyyiQ,Cuppacoffee,,1 Merrimac St,Boston,,02114,42.3632,-71.0598,4.0,107,1
Gy1yAC7d2ezu5HYlnuy62w,Soak Laundry Center,,2259 Dorchester Ave,Boston,,02124,42.2734,-71.068,5.0,15,1
gY4zzXSa8Zl1uErwv6RCyg,Trillfit,,1484 Tremont St,Boston,,02120,42.3319,-71.0988,5.0,12,1
gY7PaZvXMEV3FbHUDPkt2A,Tico Taco - Take Out Only,,1 Harborside Dr,Boston,,02128,42.3634,-71.0258,2.0,7,1
gY7Xojx-Vu5DLSPYSsG4-Q,Cajun & Cajun,,720 Atlantic Ave,Boston,,02111,42.3517,-71.0555,2.5,36,1
GYb6gDOCylKQOrk3IqArBA,Boston Frosty,,Boylston St At Arlington St,Boston,,02116,42.3519,-71.0707,3.0,6,1
gyBl4P-BjMv2nKvO5h1ELA,Phillips Old Colony House,,780 Morrissey Blvd,Boston,,02122,42.2955,-71.0472,2.5,16,0
GYhyiARwYjzk-NHvZKjDfQ,Jae H Kim Taekwon Do Institute,,102 Brookline Ave,Boston,,02215,42.346,-71.0995,4.5,27,1
gYmjQvBOC83n4g1XZ6wS7w,Guarino Electric,,,Boston,,02127,42.3365,-71.0349,5.0,6,1
gYMzNlDMnwJj5vsEX_NosA,Mei Mei Restaurant,,506 Park Dr,Boston,,02215,42.3474,-71.1062,4.0,423,1
Gyn2k4vY0GzSetTCBQ3e9g,Greater Boston Dog Training: Off Leash K9 Training,,,Boston,,02108,42.3549,-71.0661,4.0,11,1
gYU3ILoMLb8nkVlXbIohog,Boston Marathon Attack memorial,,761 Boylston St,Boston,,02116,42.3493,-71.0812,5.0,7,1
GyVgAZPBJC_HWuVgTNZxAQ,Lume Salon,,10 Tremont St,Boston,,02135,42.3505,-71.1686,4.0,7,1
Gyz8QjM3CWVZSNgGn00HDQ,Cafe Province,,26 Province St,Boston,,02108,42.357,-71.0598,4.0,16,0
GZ2Gjm2L-pViWn3e1TUGbg,Aquarium MBTA Station,,183 State St,Boston,,02109,42.3598,-71.0516,3.5,5,1
gz50WJRyZ7Jd2z_xae3MIA,The UPS Store,,198 Tremont St,Boston,,02116,42.3521,-71.0645,3.5,42,1
gZE88NYQbY3bQG87tjvQkw,Andre's Cafe,,811 Harrison Ave,Boston,,02118,42.3359,-71.0743,4.0,140,1
GzFD07Y8SbSF5ZPfhmR_ig,Tremont House Of Pizza,,1590 Tremont St,Boston,,02120,42.3335,-71.103,3.0,46,1
GzMvBTRILnGzXtPCJn981Q,Commonwealth Avenue Mall,,484 Commonwealth Ave,Boston,,02116,42.3485,-71.0942,4.5,22,1
GZnqtG2AK0s2P-aNMSJSrg,Vanity Loft Salon,,1484 Tremont St,Boston,,02120,42.3319,-71.0988,4.5,6,1
GzqhBa1JaTiDb0xC9zPjlA,Boston Public Library - North End Branch,,25 Parmenter St,Boston,,02113,42.3641,-71.0549,3.0,15,1
GzWuuCJMzJEM1X05W7PefA,Munch Mobile Kitchen,,432 Stuart St,Boston,,02116,42.3485,-71.0752,4.0,32,0
h_D5Y_7Q7lBf7f65wSf0ug,Fay Young Hair Salon,,32 Oxford St,Boston,,02111,42.3515,-71.0603,3.5,11,1
h_h65kWY5Uq5LT3bEcx58A,Arch Street Dental,,103 Arch St,Boston,,02110,42.3549,-71.0587,4.5,24,1
H_nEq0mJ_tg6pVEFpqxNog,Thornton's,,150 Huntington Ave,Boston,,02115,42.3445,-71.0824,3.5,530,1
H_OhrQhBCHgAIHZ-rIJp5w,Back Bay Gala,,,Boston,,02455,42.3583,-71.0603,2.0,5,1
H_okCRrIq9b0Dt1r9PG0DQ,Dunkin' Donuts,,1 Logan Airport,Boston,,02228,42.3656,-71.0096,3.0,20,0
H_WQvDmmjeLhAZYdbuJjlw,Grove Hall Pizza,,661 Warren St,Boston,,02121,42.3098,-71.0831,3.5,8,1
h_Zo06pDEeHfvbY2Imr2dA,Emily Hwang Photography,,,Boston,,02108,42.3549,-71.0661,5.0,5,1
h-EPriPOyL438n6Nt1RXGQ,Anita Kurl,,1661 Washington St,Boston,,02118,42.3378,-71.0756,4.0,263,1
H0870IKQZRplZazQVKUOyg,Express Delivery Van,,,Boston,,02124,42.2826,-71.0676,5.0,50,1
H0vBOCajke66yY9FKUZevA,Lauren's Nails and Skin Salon,,164 Newbury St,Boston,,02116,42.3504,-71.0786,2.5,198,1
H11xxpf61f7yJCddJ2SJ4g,Mr Perfection,,222 Berkeley St,Boston,,02116,42.3507,-71.0733,2.0,13,1
h1Ku5_05dh8hUxlxw2UIog,SP+ Parking @ Chinatown Garage,,125 Lincoln St,Boston,,02111,42.3514,-71.0586,1.5,15,1
h1q94gAsyRGQUuF55DZzfQ,Stuff Boston Magazine,,126 Brookline Ave,Boston,,02215,42.3453,-71.1,3.0,8,1
H1yWdgVwSIWakCmClJLeWA,Cosi,,125 High St,Boston,,02110,42.3555,-71.053,2.5,23,0
h21_HTuYQNxefJ3L8RgC1g,Swish N'swash,,207 Maverick St,Boston,,02128,42.3687,-71.0363,4.0,13,0
h3_4lWzGxkpqprpQ6D9OTQ,Starbucks,,Logan Airport Terminal C,Boston,,02128,42.366,-71.0153,2.0,39,0
H3BgCcn97aX3m8GVZPT6tw,The Oyster Club,,79 Park Plz,Boston,,02116,42.3516,-71.0701,4.0,38,0
H3nQ2VC5sMjcSFYUiVG1kg,VERTS Mediterranean Grill,,267 Washington St,Boston,,02108,42.301,-71.0763,3.5,16,0
h3Q7trVmQnxONW8vhpMNSQ,Sunsational Tanning Spa,,1089 Commonwealth Ave,Boston,,02215,42.3523,-71.1249,2.5,10,0
h3Zf6qlkMa9nulilGZ2Bjw,Best of Boston,,354 N Market Bldg,Boston,,02109,42.3603,-71.0554,4.0,13,1
H4A8hfW1wIrXC1Ek5N7mdQ,University Barber Shop,,728A Commonwealth Ave,Boston,,02215,42.3496,-71.1065,4.0,38,1
h4DvY5UI33J74ZlZbuMtYQ,Supreme Nails & Spa,,95 N Washington St,Boston,,02114,42.3654,-71.0582,3.0,46,1
h4iqQ40N251IdZJM5bfywA,Palm Restaurant,,200 Dartmouth St,Boston,,02116,42.3584,-71.0598,3.0,91,0
h4Un3Tw0yKn7uCLseO7Bvg,Yankee Lobster,,300 Northern Ave,Boston,,02210,42.3479,-71.036,4.0,1736,1
h4zAQs9BHUrErZod0u48JA,Wisteria Restaurant,,821 Washington St,Boston,,02111,42.3488,-71.0642,2.5,26,1
h5E6m4kGAuiyOoojThWLbw,Short Term Rentals Boston,,1904 Washington St,Boston,,02118,42.3345,-71.079,3.0,7,1
h5wWvsv4vY0pmiiCLCXWUg,UnBreak Mobile,,61 Brookline Ave,Boston,,02215,42.3471,-71.0988,4.5,28,1
h60BvJhn9SVZMKFtOh_3jg,Olde Dutch Cottage Candy,,518 Tremont St,Boston,,02116,42.3448,-71.0702,3.5,8,0
h69XHaRBQfr9Ir4nxL6D9w,US Gov't VAMC West Roxbury,,1400 Veterans Of Foreign Wars Pkwy,Boston,,02132,42.2754,-71.171,4.0,7,1
h6b_e9Umiau5osfScdR4Ww,Whiskey's Food & Spirits,,885 Boylston St,Boston,,02116,42.3487,-71.0836,2.5,626,0
h6F04gXbVgktgp9j2A0pHQ,Newsfeed Cafe,,700 Boylston St,Boston,,02116,42.3493,-71.0791,3.0,47,1
H6OP6SNmgMGYKkQy9GezoQ,Nourish Your Soul,,15 Channel Center St,Boston,,02210,42.3455,-71.0516,3.5,10,0
H7031DFVzAQD-kznhWULvA,Bristol Recording & Voice Studios,,238 Huntington Ave,Boston,,02115,42.343,-71.0843,3.5,11,1
h7ENzK5Vp6f1j6iU-U3g4w,The Broadway,,726 E Broadway,Boston,,02127,42.3359,-71.0362,3.5,147,1
h7sG95qlCisZHJV966hZmw,The UPS Store,,263 Huntington Ave,Boston,,02115,42.3423,-71.0861,3.0,26,1
h7skkHYh4JXZfARD6QhRBg,Boston Market,,245 Massachusetts Ave,Boston,,02115,42.344,-71.0865,2.5,47,0
H8_9t4Tlw2bcKW9qdqAM8w,Sushiemon,,201 Massachusetts Ave,Boston,,02115,42.3451,-71.087,4.0,74,0
H84QHQUiYriOIdTrgzuhlw,Wong's of Boston,,417 Washington St,Boston,,02108,42.3559,-71.0613,3.0,30,1
h94uwVbyteztIcKmq6P2Ow,Dreamland Wax Museum,,1 Washington Mall,Boston,,02108,42.3594,-71.058,2.5,33,1
h9IaIoEg9K9ybxATdcMjOA,Starbucks,,1 Harborside Dr,Boston,,02128,42.3631,-71.0248,2.0,26,1
Ha9EZt7Wk5lsOeHZ9qfmfw,G2O Spa & Salon,,33 Exeter St,Boston,,02116,42.3497,-71.0798,4.0,400,1
hAIGEvUXroF7oswXCD6yww,PABU Izakaya Boston,,3 Franklin St,Boston,,02110,42.3563,-71.0594,4.0,413,1
Har6QP7UWLZ3bkQQ76fvJw,Back Bay Skincare & Spa,,509 Columbus Ave,Boston,,02118,42.3424,-71.0798,5.0,98,1
hAsd7De_8dN1ovfnD7bdCw,Belsito Barber Shop,,696 Tremont St,Boston,,02118,42.3407,-71.0773,4.5,47,1
HawMhlWeMpYTRs8-wkvw3w,Dana-Farber Cancer Institute,,450 Brookline Ave,Boston,,02215,42.3375,-71.1081,4.0,28,1
HawxODcavHgP-43VpVxDsQ,Windmill Food Factory,,429 W Broadway,Boston,,02127,42.3363,-71.0474,3.0,20,0
hAY51fxkqk5JcKXIfE26xw,North End Park,,Between The North End And The Financial District,Boston,,02113,42.3623,-71.0562,4.5,15,1
hB1mcMYaq4dtYU01R-DNRQ,Willey Boston,,8 Union Park St,Boston,,02118,42.3419,-71.0701,4.5,9,0
hB1Z1naqGWkX8GFF7KIb-g,Wolfies Bar & Restaurant,,81 L St,Boston,,02127,42.3348,-71.0354,3.0,54,0
hBN6fmIyE24XKrzbiDeTkA,Joseph Smith at Guaranteed Rate - NMLS #481139,,585 Tremont St,Boston,,02118,42.3434,-71.073,4.0,8,1
HbP-VdVOYRe6XINZZjSUdw,Angela's Bridal,,1526 Vfw Pkwy,Boston,,02132,42.2679,-71.1701,4.5,37,1
HByWmQHz3hLe4WDEuxgHRg,DH Estetica,,683 Tremont St,Boston,,02118,42.3416,-71.0766,4.5,73,1
Hc5OeejUP-SvaDg-o4kpbw,Knit and Needlepoint,,244 Newbury St,Boston,,02116,42.3494,-71.0824,1.5,32,0
Hc9l2eLAGTB4lZJI3vRoPw,Tasty Burger,,1301 Boylston St,Boston,,02215,42.3448,-71.0984,4.0,1139,1
hcj1lGNPveCdvFK-XGWVfQ,Centre Street Caf?,,669A Centre St,Boston,,02130,42.3125,-71.1143,4.0,251,0
HcLJDCEqExpfC2pdzOTAsA,The Hawthorne,,500A Commonwealth Ave,Boston,,02215,42.3487,-71.0954,4.5,313,1
hCO5PBY6MIRWn6jAIsr-GA,Commonwealth Museum,,220 Morrissey Blvd,Boston,,02125,42.314,-71.0347,4.5,5,1
hCoyTnwXfGJlmx0_DMb7Fg,Tempco Roofing Company,,509 E 5th St,Boston,,02127,42.3335,-71.0404,5.0,7,1
hcRxdDg7DYryCxCoI8ySQA,Longwood Galleria,,340-350 Longwood Ave,Boston,,02215,42.3385,-71.1068,2.5,24,1
hCUN5HpUZQttSKFEN8aEnw,The Art of The Brick,,200 Faneuil Hall Marketplace,Boston,,02109,42.3598,-71.0545,3.5,5,0
hCzny3pkThA1nZnTy98mOw,The Walking Company,,100 Huntington Ave,Boston,,02116,42.3471,-71.0774,4.0,16,0
Hd-mflXzGCQSKRJ8dMKfGg,Sonja Gjokaj Makeup,,,Boston,,02108,42.2458,-71.0691,4.5,18,1
hdBsXpL9uAllcb2QsqzK7g,RED WHITE BUDDHA RAMEN ,,294 Newbury St,Boston,,02115,42.3488,-71.0848,4.5,167,1
hdkwBpYj1xCqpto_2ttZrw,Delicias Restaurant,,149 Stoughton St,Boston,,02125,42.3147,-71.0603,4.5,10,1
HdLASKE5seughXTDr0SqrA,Famous Footwear,,1102 Massachusetts Ave,Boston,,02125,42.3269,-71.0645,3.0,5,1
hdlKoTyo0FuJaP0hiIKRFg,Kebadjian Bros,,333 Washington St,Boston,,02108,42.3571,-71.0594,4.0,5,1
hdMJ_OoUichMuz2Ki30p4A,D'Laly's Nails & Spa,,3137 Washington St,Boston,,02130,42.3143,-71.1,3.0,5,1
hdpeU1L6u12iUFylqVTrIQ,Anthony's Cafe,,252 Commercial St,Boston,,02109,42.364,-71.0514,4.0,175,1
hdXSKS8G4RxuhALlqvI72A,GA Chapman Company,,387 Washington St,Boston,,02108,42.3561,-71.06,5.0,38,1
HE_ZYOXtuS4HBHcm6f7lDg,Amaci Salon,,230 Stuart St,Boston,,02116,42.3503,-71.0689,4.0,247,1
heaf0YQae9MCf_LsU36dHg,Fenway Cantina,,1260 Boylston St,Boston,,02215,42.3451,-71.0959,3.0,22,0
HEaQQAH6qyFXamKkpil91A,Pauli's,,65 Salem St,Boston,,02113,42.3632,-71.0561,4.5,1142,1
HeI2wHKdxIL7WoryZpdJJg,Roadrunner Moving & Storage,,100 Terminal St,Boston,,02129,42.3828,-71.0554,4.5,83,1
heJQrTFlNvcklUgLtQKzLA,Choco Choco House,,83 Pembroke Street,Boston,,02118,42.3418,-71.0761,4.5,7,0
HeUnLUCbZp14okbOuUQuig,Bricco Suites,,241 Hanover St,Boston,,02113,42.3631,-71.0549,3.5,24,1
hF3ch3T45o4Vh8vkFNL_LA,Leonard P. Zakim Bunker Hill Memorial Bridge,,100 Beverly St,Boston,,02114,42.3687,-71.0631,4.5,43,1
hfejY3I7G_T2_gHd9WAWXA,The Golden Leaf Karaoke,,20 Hudson St,Boston,,02111,42.3504,-71.06,2.0,27,0
hfmVDK5qt5uLQ1tqJ2Hq6A,Boston Shuckin Truck,,87 Kilby St,Boston,,02109,42.3573,-71.0554,2.5,12,0
HfQWrq1A_HUmfwzEKRuxlw,Bangs of Boston,,200 High St,Boston,,02110,42.3567,-71.0519,4.0,27,0
hFsaYRvdYecqiMjVLQoODA,Blick Art Materials,,333 Massachusetts Ave,Boston,,02115,42.3422,-71.0849,4.0,40,1
HfSo0Jqe4Tx09Q_uqIe6Dg,Bradford Auto Wax,,75 State St,Boston,,02109,42.3586,-71.055,4.0,9,1
HFvEcwvnEt-in5ka31c-7Q,Torit Montessori School,,300 Cambridge St,Boston,,02108,42.3609,-71.0685,4.5,8,1
hG-sYqQG1iEqvzs0qaPBjA,Stephi's in Southie,,130 Dorchester Ave,Boston,,02127,42.3429,-71.0571,3.0,199,0
hg1iMjBGcCdPvv_1Pqr4-Q,Back Bay Beacon,,113 Beacon St,Boston,,02116,42.355,-71.0732,2.0,8,1
HgcnWHH0WFx9bwsMJQovBg,Suishaya,,2 Tyler St,Boston,,02111,42.3512,-71.0604,3.0,279,1
HgdxmFuqXOePCmirl4gt9w,Cut N Edge,,410 Massachusetts Ave,Boston,,02118,42.3414,-71.0824,4.0,111,1
HGjEL7S21GkvzLZFl4P4BQ,Huntington Avenue YMCA,,316 Huntington Ave,Boston,,02115,42.3407,-71.0874,3.5,73,1
hgraqr1VMWxSCOejeyF82A,Boston Sailing Center,,54 Lewis Wharf,Boston,,02110,42.3633,-71.0491,4.5,20,1
HGTH7o5Lf6RSRgaSEbh8BQ,bebe,,349-351 Newbury St,Boston,,02115,42.3486,-71.0873,2.5,9,0
hh8CechltV301Uv-DTzWJQ,Food Court At the Prudential Center,,111 Huntington Ave,Boston,,02228,42.347,-71.0844,3.5,38,0
hHDRBynxax_PgzGnMO2Twg,Hotel Boston,,40 Mt Hood Rd,Boston,,02135,42.3417,-71.1431,2.0,41,1
hHGYMqhFxMssRVVDyOjoRg,Green T Coffee Shop,,754 Huntington Ave,Boston,,02115,42.3335,-71.1057,3.5,136,0
HHmUYCQeebbZU5cKVpp8Cw,Taza Chocolate Bar,,100 Hanover St,Boston,,02113,42.3621,-71.057,4.0,44,0
hhPRUn1xY5Kl63Z5wgdNyw,Korb & Associates,,400 Commonwealth,Boston,,02215,42.3485,-71.0911,4.0,53,1
hhqg55nGczPQOO006ak3vw,Back Bay Galleria Cleaners,,29 Massachusetts Ave,Boston,,02115,42.3504,-71.0895,1.5,26,0
HhuFsOJ5JTF7zkaczqbqcw,Enso Sushi,,75 Kneeland St,Boston,,02111,42.3503,-71.0608,3.0,121,0
hHVq3NS0ZW9G-ZcLurvUJQ,Shabu-Zen,,16 Tyler St,Boston,,02111,42.3508,-71.0606,4.0,893,1
HhX8Gv5riCptJXMa2Mn1RA,Sidewalk Cafe,,764 E 4th St,Boston,,02127,42.335,-71.0335,3.5,107,1
HIs3jFbLShGz-ROYNatiCw,Legal Shine,,100 Oliver St,Boston,,02110,42.3561,-71.0522,5.0,6,0
HIU64iX1dmt6t8A7DlKKyA,Charles River Plaza Parking,,175 Cambridge St,Boston,,02114,42.3614,-71.066,2.0,6,1
HjCh-JtBQwQbZSPN5-Fqwg,Artesani Playground and Pool,,1255 Soldiers Field Rd,Boston,,02135,42.3643,-71.1378,4.0,17,1
HjDEAtnWmxZU5OwQOou2Ow,Pollos A La Brasa Betos,,294 Bennington St,Boston,,02128,42.3791,-71.0285,5.0,8,1
HjDjSJoxJbXrYv70Hv6-Aw,Nail Time,,61 Bromfield St,Boston,,02108,42.3571,-71.0608,2.5,85,0
hje_iqgVinovVoug3-7eIQ,Tritto Enterprises,,103 Chelsea St,Boston,,02128,42.3724,-71.0355,3.5,5,1
hjfgj-4xgxE9cLrKCgbBjg,Staples,,83 Summer St,Boston,,02110,42.3541,-71.0586,1.5,9,0
HJfJAZm5zwaR0t1zCBNUDQ,VERSUS,,42 Province St,Boston,,02108,42.3569,-71.0599,3.5,75,1
HJNltLttITRFn3x8mIY68w,Nurture Salon and Spa,,127 L St,Boston,,02127,42.3333,-71.0355,4.5,71,1
HjNZoTWClY3CjzlOdotZDg,Napoli Pastry Shop,,120 Salem St,Boston,,02113,42.3648,-71.0557,4.0,28,0
Hjp-QNB5dvEs5mKtsEttzA,Bourbon Street Cafe,,350 Longwood Ave,Boston,,02115,42.3386,-71.1072,2.5,12,1
HjPijZ3E3te-ZfWNxMg0ig,Joseph Bright Brick Mason,,,Boston,,01902,42.381,-71.0227,2.5,11,1
hK7Qn3bUzxUM3ADJXtWn8w,Cutler Majestic Theatre,,219 Tremont St,Boston,,02116,42.3516,-71.0649,4.0,42,1
HkC3sW9P98_55YsIgno8Dg,Burger King,,128 Tremont Street,Boston,,02108,42.3563,-71.0619,2.0,52,1
hKHXVuKL1jPXa5SnCbZc6g,Our Future Learning Center - Brighton,,320 Washington St,Boston,,02135,42.349,-71.1521,5.0,6,1
hKIrdV00PS40LMML6mI6Wg,Statler Lounge,,50 Arlington St,Boston,,02116,42.3512,-71.0699,2.5,8,1
Hkl-0-Tdl5eapcltYX6OjQ,Floravere,,154 Berkeley St,Boston,,02116,42.3491,-71.0725,5.0,18,1
HKlnPZe0jbWyP9_sAbc2RA,Car Care,,4 Emerson Plc,Boston,,02110,42.3643,-71.068,3.0,10,1
hkOEXa3etk3p7203RtDDFA,Freedom Trail Run,,Park & Tremont St,Boston,,02108,42.3565,-71.0623,5.0,41,1
hkp22RWvcc6yE4JgkGr_9A,Dunkin',,434 Mass Ave,Boston,,02118,42.3409,-71.0819,3.0,12,1
HKUATs3HH3dpC0ntjrgveA,sweetgreen,,87 Summer St,Boston,,02110,42.3539,-71.0586,4.0,68,1
Hl6p8lj5cnmdesW_rwxTJQ,Au Bon Pain,,431 Boylston St,Boston,,02116,42.3515,-71.0729,3.0,9,1
HL7Kfo9S3eKgJJAEVQ2rbw,Burro Bar South End,,1357 Washington St,Boston,,02118,42.3416,-71.0693,4.0,140,1
HlcPuY7eMTtuGO_cq10LrQ,Tea Do - Boston,,8 Tyler St,Boston,,02111,42.3512,-71.0605,4.0,642,1
hlgQEWry3mNbm3SlJhwbEA,DJ Yogz,,,Boston,,02228,42.357,-71.0605,4.5,11,1
hLRL9sA3SBlhsrGGoiAb8g,ROYCE' Boston,,251 Newbury St,Boston,,02116,42.3497,-71.083,4.5,49,1
HlwMtRUbTw4oCbzQKoa8JA,CrossFit 617,,82 Parkman St,Boston,,02122,42.2979,-71.0558,5.0,12,1
hlYeuldaqmx3Zqy8eeCAHw,Grezzo,,69 Prince St,Boston,,02113,42.3652,-71.0553,3.5,87,0
hm2IysUQHjdQJLBOZmng6g,Robco Plumbing & Heating,,15 Stillman St,Boston,,02113,42.3639,-71.0563,5.0,6,1
HMaDY4SlvTuJkG11UTopJg,SEE,,115 Newbury Street,Boston,,02116,42.3515,-71.0761,4.0,98,1
hMb3pJiZ-iGdo5iPpozLuw,European Wax Center,,1094 Commonwealth Ave,Boston,,02215,42.352,-71.1242,4.0,101,0
hmIudx02njSQxomFgbGruw,Casa Razdora,,115 Water St,Boston,,02109,42.358,-71.0546,4.5,325,1
hmRQe9fFeASiLkBPySYK1g,Foot Spa & Body Work,,297 Newbury St,Boston,,02115,42.3491,-71.0852,3.0,37,0
Hmxjfj-PlvP0hQuMUVFJLA,Sebastians Caf? & Catering,,126 High St,Boston,,02110,42.3552,-71.054,3.0,25,0
HnwVwFNHxoRoFO4i2MugEw,Dartmouth Street Vision Center,,130 Dartmouth St,Boston,,02116,42.3467,-71.0767,4.5,83,1
Hnx34LxtfW4XV0gZ18zMBg,Vinoteca di Monica,,143 Richmond St,Boston,,02109,42.3634,-71.0543,3.5,412,1
hNxasJE0n0BzGWEONwB9Cg,Red Barn Coffee Roasters,,1 Faneuil Hall Sq,Boston,,02109,42.3601,-71.0565,3.5,58,0
hnxEVs7IQqosgTKGkiszTg,Lux Bond & Green,,416 Boylston St,Boston,,02116,42.3513,-71.0725,4.5,26,1
HNY4r-VnJq9JlnQQfdnyZQ,Fin's Sushi & Grill,,62 Boylston St,Boston,,02116,42.3521,-71.0644,3.5,133,1
hOFIR5nn_7Ks7i7uEohjGg,Grilled Cheese Nation,,,Boston,,02109,42.3624,-71.0569,3.0,47,0
hogcYsowQqnqIUjUMf1xnA,Chase Bank,,425 Washington St,Boston,,02108,42.3556,-71.0606,2.0,13,1
hPAfKwgFlgTbS7eFZnUZWA,Lucky Brand Jeans,,229 Newbury St Bsmt,Boston,,02116,42.35,-71.0818,4.0,30,1
hpBzDD0WtUkKG5hJZLXRdg,New England Law Boston,,154 Stuart St,Boston,,02116,42.3508,-71.0665,3.5,15,1
HPGgnKeC_lmhELG8Q1F3GA,Pavement Coffeehouse,,1096 Boylston St,Boston,,02215,42.347,-71.0885,4.0,425,1
hpi2AhPrqrYtMA6cl6hcdA,Roto-Rooter Plumbing & Drain Services,,,Boston,,02118,42.3378,-71.0706,2.0,10,0
hpkfU03WU1TLYnklxB3A_Q,Broadway Laundromat,,360 W Broadway,Boston,,02127,42.338,-71.0494,2.5,5,1
hPl-bitsv3Pj0RpPibp4Jw,Wen’s Noodle & Ramen ????,,145 Tremont St,Boston,,02111,42.3553,-71.0629,3.5,56,1
hpMX1D8m8hMRu4Jk5IhT9w,Exotic Flowers,,609 American Legion Hwy,Boston,,02131,42.2859,-71.1103,4.5,45,1
hpQ3bx-PyQ8JjTKKeIUKig,New England Soundproofing,,,Boston,,02114,42.3653,-71.0646,3.0,6,1
HPS731naUmQY-eyik8WijQ,Mama's Place,,764 Huntington Ave,Boston,,02115,42.3333,-71.106,3.5,171,1
hq-aCw4kh7L9DlFvXgw09g,Kymistry Lab,,76 Dartmount St,Boston,,02118,42.3452,-71.0751,5.0,10,1
HQ05pwqEn6zx4zIcAvNZzQ,Starbucks,,755 Boylston St,Boston,,02116,42.3493,-71.0809,3.0,79,1
hqFEMiqMhdpuY4X1sUCowA,G T Florist,,125 Charles St S,Boston,,02116,42.3491,-71.0666,4.5,9,1
hQIiMw81yKjGh3AkZG70lg,Filippo Ristorante,,283 Causeway St,Boston,,02114,42.367,-71.0582,3.5,225,1
hQLavyg1BVjYoESi17bubg,Kitty O'Shea's,,131 State St,Boston,,02109,42.3591,-71.0542,2.5,82,0
HQt88ceZ_mO9_yP4clTMpw,Wave Health & Fitness,,1 Seaport Ln,Boston,,02210,42.3504,-71.0422,3.5,7,1
HQtPdk0G1WtVzHOXfIOjAA,Easy Fix,,66 Harvard Ave,Boston,,02134,42.354,-71.1321,4.0,35,1
hR-biS2yZTzjJETnx1bzCw,La Cappella Suites,,290 North St,Boston,,02113,42.364,-71.0521,4.5,10,0
hr4eYCWbFyY9UELYknbHoQ,Planet Fitness,,17 Winter St,Boston,,02108,42.3559,-71.0612,2.5,86,1
HRsTirWkcD3AWukf8LMyJw,The Tap Trailhouse,,19 Union St,Boston,,02108,42.3609,-71.0569,4.0,304,0
HRWyj8gHzPaBgluKufJr3A,The Bar Room,,5 Broad St,Boston,,02228,42.3591,-71.0546,2.5,32,0
hsjK89eVCc_-uo_DvM7fkg,Edward W Brooke Courthouse,,24 New Chardon St,Boston,,02114,42.363,-71.0615,2.5,9,1
hsk3iyO0P8LKunDrFXjkJQ,Staniford Cafe,,70 Staniford St,Boston,,02114,42.363,-71.0639,3.5,16,0
HsKe3Y-Glm5xPGDwMBE1mg,Chickadee,,21 Drydock Ave,Boston,,02210,42.3443,-71.0309,4.5,144,1
HSmr-IKkU7H5r-x4q_mjCg,Coastal Home Inspections,,156 I St,Boston,,02125,42.3328,-71.0397,5.0,9,1
hSR2-5S0VsxcZPiUzGD6tg,Fast Eddie's Smoke Shop,,6A Glenville Ave,Boston,,02134,42.3509,-71.1317,4.0,19,1
hsVvtu-WYRX_FtIqT7W9cw,Lou Lou,,222A Newbury St,Boston,,02115,42.3497,-71.0811,4.0,9,0
Ht1Wm4W4HQDnqrRsHWcAgg,Prudential Center Farmers Market,,800 Boylston St,Boston,,02199,42.3473,-71.0825,3.5,9,1
Ht3aLNnBg2bPRKe9aYLNxw,West End Pizza,,252 Friend St,Boston,,02114,42.3645,-71.0613,3.0,12,0
hTcato5GKM_a8qSQe6Y-Lw,Beacon Hill Athletic Clubs,,261 Friend St,Boston,,02114,42.3649,-71.0614,3.0,15,1
htEuhPBhBgMs6ShlT3G3JA,Regina Pizzeria,,11 Thacher St,Boston,,02113,42.3654,-71.0569,4.0,2071,1
htjFetYWuci6AZlgMAHgyA,Geoffrey's Cafe,,142 Berkeley St,Boston,,02116,42.3489,-71.0719,3.5,178,0
hTKlMul1wFsceuisT4Y1tQ,Webpass,,17 Caldwell St,Boston,,02129,42.3855,-71.0775,4.5,30,0
Htl79lmqmGXXd7FtgrEt4A,EJW Towing,,1048 Blue Hill Ave,Boston,,02124,42.1911,-71.0592,2.5,5,1
HtLG6tAf7Pb3wAytZJ3Pjw,Cambridge Eye Doctors,,100 State St,Boston,,02109,42.3591,-71.055,2.5,17,0
HTuj3HxmnfM3x2lAevEs8g,Gallo & Company,,376 North St,Boston,,02113,42.3658,-71.0518,2.0,22,0
HTZzmebviRpx_TPjjND61A,Back To Life Chiropractic & Wellness,,1912A Dorchester Ave,Boston,,02124,42.2841,-71.0647,5.0,9,1
HU6E-X175Y2hOxbvlJ9IIQ,Kars4kids Car Donation,,,Boston,,02109,42.3661,-71.0483,2.5,10,1
huaIWymqetuW9ur16-QEfA,Lansdowne Frame,,73 Lansdowne St,Boston,,02215,42.3474,-71.0979,5.0,12,1
HUDBn-LRfvAry-kJR-iTIw,Teuscher Chocolates of Switzerland,,230 Newbury St Bsmt,Boston,,02116,42.3496,-71.0814,4.0,88,1
HUe3kXBayn813XnrK9YrXQ,Mobsters & Lobsters Trolley Tour,,,Boston,,02201,42.3582,-71.0585,5.0,14,1
hUHjNS6DVVSXUyhuvY8s5w,M. Miller,,519 Albany St,Boston,,02118,42.3388,-71.0664,4.5,6,1
HuJ2KCXu44Zqdmtl8A5q3w,Sunshine Travel,,12 Tyler St,Boston,,02111,42.3509,-71.0605,2.5,51,1
HUPPve0nxDpDOcr195_nQw,Virgin Megastore,,360 Newbury St,Boston,,02115,42.3481,-71.0877,3.5,13,0
huQFxhi80BL-_nG89CA8zA,Boston Metro Snow Removal,,,Boston,,02127,42.3365,-71.0349,3.0,9,1
HuRRVt2c-9sYMk4I6XGDkg,Wynny Hair Salon,,415 Neponset Ave,Boston,,02122,42.2861,-71.0435,4.5,15,1
Hv3CHIHPzrK6Y-zS5Afylw,Secret's Spa & Nail Salon,,100 Prince St,Boston,,02113,42.3657,-71.0563,4.0,114,1
HVM7IjPmMcZuKzhuNJWSJg,Dress,,221 Newbury St,Boston,,02116,42.3501,-71.0815,4.5,8,0
hVOftvN_EcaxmdzLrTLHtQ,Riccardi,,116 Newbury St,Boston,,02116,42.3512,-71.0759,4.0,56,1
hvQOLa2vym0MAb4ncobg0w,Boston Fire Museum,,344 Congress St,Boston,,02210,42.3508,-71.0487,5.0,14,1
HvS2_mcp34JkMlw1Q37dhg,Sufra Mediterranean Food,,52 Queensberry St,Boston,,02215,42.3425,-71.0973,4.5,29,1
hvvN_00hXml61WmEIQc7oQ,Sal's Lunch,,31 Thacher St,Boston,,02113,42.3654,-71.058,2.5,7,1
HVwhRUIdKmREQt7VPt-7OA,Bryce Vickmark Photography,,731 Harrison Ave,Boston,,02118,42.338,-71.0717,5.0,9,1
HVzFPkcvMmDq7yOTjMZAvg,Laz Cafe,,1746 Washington St,Boston,,02118,42.3365,-71.0766,2.5,93,1
hW4xxzrksz3i-AdfJf2_sA,Sienna's,,343 Congress St,Boston,,02210,42.3506,-71.0493,3.0,8,0
hW7QDdt1L34DZksDF6kUWg,Krispy Kreme,,800 Boylston Street,Boston,,02116,42.3485,-71.0825,4.0,10,0
HWbdcBUdwD2qn8ng_VDPtA,Carpet Cleaning Boston,,75 State St,Boston,,02109,42.3586,-71.0553,2.5,5,1
hWhlFklRedqzAaGNAhO3Fg,Green Bean Mobile Cafe,,,Boston,,02116,42.3531,-71.0765,4.5,34,0
hWkY4V1Gn0urJuCO7zAeVg,Boston Design Center,,One Design Center Pl,Boston,,02210,42.3442,-71.0333,3.0,14,1
HwR2EkW87iIiszDVnEq0JQ,Simmons University,,300 The Fenway,Boston,,02115,42.3392,-71.1002,3.5,11,1
hwWKfsRoMSDw5GMaZq-gMg,Smith & Wollensky,,101 Arlington St,Boston,,02116,42.3496,-71.0701,3.5,436,0
HwztFnUrFSbOt_hW0OKv8g,Connie's Beauty Center,,25B Tyler St,Boston,,02111,42.3507,-71.061,4.0,10,1
hx3dIlQBMOw1eYDqi6lS5Q,Jimmy John's,,512 Park Dr,Boston,,02215,42.3476,-71.1059,3.0,32,0
hx4u0EYJ0xcL2AqmTHN9og,Common Vines,,100 Summer St,Boston,,02110,42.3538,-71.0573,4.5,8,1
HX7fy--8domkWn0pQ-65YA,Better Off Bowling,,50 Dalton St,Boston,,02115,42.347,-71.0857,4.5,20,1
HXa3QlpeS2tlhDcaAZZ-ug,Bar Stool Sports,,,Boston,,02108,42.3549,-71.0661,1.5,14,1
HXeh_YTkkWe5htQrAro14A,Campus Tan,,333 Huntington Ave,Boston,,02115,42.3407,-71.0883,3.0,22,0
HXu9TUKdDE5X-MI-zcI_gA,US Post Office,,136 Charles St,Boston,,02114,42.3597,-71.071,2.5,22,1
hXVUmyvLfI6lmTixw9uKTQ,Circle,,604 Columbus Ave,Boston,,02228,42.3399,-71.0825,3.5,11,0
hY0o8AuYLh7rUf-fYIENtA,Madbury Road,,,Boston,,02129,42.3795,-71.0646,5.0,8,1
hy2qy7490KUvN00FgDobUA,Family Affair Restaurant & Catering,,554 Columbia Rd,Boston,,02125,42.3165,-71.0662,5.0,17,1
Hy3B8-pSPmS5PWSgDXmbcQ,Starbucks,,142-148 Brookline Ave,Boston,,02215,42.3442,-71.1014,3.5,44,1
hYHOWS3jSp5ragoLKOncrw,SoulCycle Beacon Hill,,300 Cambridge St,Boston,,02114,42.3609,-71.0685,4.0,36,0
HymSOKkgbR4yP-N21m6ZNg,The Fetching Hound,,,Boston,,02114,42.3653,-71.0646,5.0,11,1
Hz_fXkcR85-6EQfkOKV5IQ,Shake Shack,,234-236 Newbury St,Boston,,02116,42.3496,-71.0816,3.5,399,1
Hz9DiGvA2JCxYmHwngbsTQ,Hair and Day Spa at Henia's,,34 Commercial Wharf E,Boston,,02110,42.3622,-71.0505,2.0,18,1
HZA2vNgwxhvu9iSpq8jHvg,Columbus Caf?,,535 Columbus Ave,Boston,,02118,42.3418,-71.0806,3.5,130,0
HzBggU5OghUfn1dlVObdzw,7-Eleven,,3 Center Plz,Boston,,02108,42.3594,-71.0601,2.0,7,1
HziUWfWd3nXTom0LrBXGBQ,Center and Spring Acupuncture,,398 Centre St,Boston,,02130,42.3214,-71.11,5.0,26,1
hZMBCaoZRS8naNfUaobzJA,Als Livery Service,,8 Faneuil Hall Marketplace,Boston,,02109,42.3606,-71.0541,4.5,9,1
hzMJ_Ldfn0J2742WJ2tX4A,Brookstone,,100 Huntington Ave,Boston,,02116,42.347,-71.0779,3.0,15,0
HzMKiHDzsSwGFa6bTTsr8Q,Freshii,,24 School St,Boston,,02108,42.3575,-71.0591,3.5,152,0
Hzpqi2RDlIwW8JBxr7l4hg,Fresh,,121 Newbury St,Boston,,02116,42.3514,-71.0764,4.5,40,1
hzTPgao9ub8GGFM4cdP6LA,Grille Zone,,1022 Commonwealth Ave,Boston,,02215,42.3517,-71.1217,4.0,16,0
HZYGJLNuMltQAiMzGkNGtA,Avanti South,,141 Dorchester Ave,Boston,,02127,42.3418,-71.0573,3.0,12,0
i_9BuTE40SaUqMDfrT3cnA,Moby Dick,,269 Huntington Ave,Boston,,02115,42.3421,-71.0861,3.5,149,1
I_ft5lRPr37Rvpjgp-APDw,Drybar Back Bay,,234 Clarendon St.,Boston,,02116,42.3517,-71.076,3.0,314,1
i_JS0owPFBcKgMh32iJoOA,Beantown Bootcamp,,90 Canal St,Boston,,02114,42.364,-71.0599,4.5,21,1
i-41FfLS84uMJWkAP1EGhg,Croissant Du Jour,,31 St James Ave,Boston,,02116,42.351,-71.0716,4.0,36,0
i-irYF0w0vwNI2U02QKQpw,La Sultana Bakery,,40 Maverick Sq,Boston,,02128,42.3701,-71.0392,4.0,54,1
I-QD909hVgQLSOfNn2S2Fw,Town Nail & Skin Salon - 274,,274 Newbury St,Boston,,02116,42.3491,-71.0835,3.5,72,1
I-qL4zwr62710OJBtVv28A,Red Line MBTA,,,Boston,,02228,42.357,-71.0605,3.0,139,1
I-SWyROaLSsRB2kiyheISQ,SPA InterContinental,,510 Atlantic Ave,Boston,,02210,42.3537,-71.0519,3.0,93,1
I-TUQ_C5X_39koyhguVxzQ,LEASH Dog Care,,,Boston,,02130,42.3097,-71.1151,4.5,11,1
I0_ZnM9wlPbUPvTfe11Flg,7-Eleven,,261 Dartmouth St,Boston,,02116,42.3505,-71.0774,3.5,13,1
I01VibXJRX3slqlhspinWw,Spine & Sports Injury Center,,4 Avery St,Boston,,02111,42.3531,-71.0631,4.5,20,0
I07zWZ_JGqVAp3ZPxIpDYg,Summer Shack - Boston,,50 Dalton St,Boston,,02115,42.3471,-71.0857,3.5,923,1
I0JjUle_W-9Ukv_bbd0NeA,Capital One Caf?,,129 Tremont St,Boston,,02108,42.3563,-71.062,4.5,52,1
i0Uh9Haw5X2PltExxQoakw,Copley Flair,,176 Federal St,Boston,,02110,42.3536,-71.0558,3.0,8,0
I0vxrGA8mI7L-3uXywvE3g,Boston Convenience Brighton,,1912 Beacon St,Boston,,02135,42.3367,-71.1489,4.0,10,1
i19cDPyXDl-Bnm4bYNMfDw,Boston Seaport Self Storage,,380 E St,Boston,,02127,42.3408,-71.0465,4.5,19,1
I1H8jqDC2t4kFSqFJ1cdcA,DCR Hatch Memorial Shell,,1 David G Mugar Way,Boston,,02114,42.3573,-71.0737,4.5,30,1
i1TdkHSzm5JWmkXExImnrw,Five Guys,,263 Huntington Ave,Boston,,02115,42.3422,-71.0861,3.5,68,1
I21f0PV37BPwiJbe6b_NZA,Quirk Chrysler Dodge Jeep RAM Dorchester,,40 Hallet St,Boston,,02124,42.2831,-71.0463,4.0,88,1
I2DIg6ZRkA1PNCf5zWeAFw,Rowes Wharf Sea Grille,,70 Rowes Wharf,Boston,,02110,42.3562,-71.0502,3.5,210,1
i2e2lPydjdAgW0lyer-FwQ,Fenway Fido & Feline,,160 E Berkeley St,Boston,,02118,42.3438,-71.0647,4.0,12,1
I2h-W6nD0E41N0T3cASxyA,Little Steve's Pizzeria,,1114 Boylston St,Boston,,02215,42.3468,-71.0887,3.0,222,1
I2lap-CcjxnTYd7CMXKxlQ,Bosburger,,1501 Dorchester Ave,Boston,,02122,42.2994,-71.0606,4.0,79,1
i2NyMOXWQmq45giSYux9Iw,Uber,,,Boston,,02108,42.3346,-71.0661,2.5,373,1
i397Czl5dbPwrwFYrOLI5w,Boston Pocket & Deli,,682 Tremont St,Boston,,02118,42.341,-71.0767,5.0,14,1
i3JL7GDlIxdgZSHo8Y_2Jw,Mass Eye and Ear at Longwood,,800 Huntington Ave,Boston,,02115,42.3329,-71.1075,3.5,7,1
i3vMZ7UK2jgHoKvWZPgKuw,463 Beacon Street Guest House,,463 Beacon St,Boston,,02115,42.3509,-71.0882,3.0,23,1
I3wU08pdP80roBXD9rf3XQ,GEM,,42 Province St,Boston,,02108,42.3569,-71.0599,3.0,98,0
I40WLNNL_0hGkZj47inDww,Leap Fitness,,71 Lansdowne St,Boston,,02215,42.3473,-71.0979,3.0,8,0
I4ixVMDf4P5iJa6XbgnLrg,Barry's Bootcamp,,30 Chauncy St,Boston,,02111,42.354,-71.0599,4.5,84,1
i4M045oyYRvoNJa5tWazvg,Redemption City Church,,90 Warren Ave,Boston,,02116,42.3446,-71.0733,5.0,7,1
i4MuS_0MO_VxTRXp-tHK9A,Mantra Restaurant,,52 Temple Pl,Boston,,02111,42.3552,-71.0615,2.5,245,0
i4NkrK6KyQe_bn7ND1YEpg,Backworks Therapeutic Back Center,,34 Batterymarch St,Boston,,02110,42.3576,-71.054,4.5,86,1
I4TsMod2uKwI1ftm0fd2hQ,Theo's Cozy Corner,,162 Salem St,Boston,,02113,42.3661,-71.0551,4.5,513,1
i4ZfnnPLkKjdyPbTaE6rnQ,Williams-Sonoma,,100 Huntington Ave,Boston,,02116,42.3473,-71.0785,3.0,25,0
i5-tfkNvreALsjeI-N_2Xw,7-Eleven,,50 Summer St,Boston,,02110,42.3546,-71.0591,3.0,18,1
I6-_vpYHceFOCNmdoXEvLw,Jae's Cafe,,520 Columbus Ave,Boston,,02118,42.3419,-71.0798,3.5,107,0
I6Fh4YLmGsNfptBn2HaoEw,Pops Restaurant,,560 Tremont St,Boston,,02118,42.3438,-71.0719,3.5,198,0
i6uHrxuS1D_6V8WhaWLy5A,Luke's Lobster Back Bay,,75 Exeter Street,Boston,,02116,42.3488,-71.0795,4.0,1775,1
i7CGgHQfOgK42bxrVNXsyg,Readville Plumbing & Heating,,5 Pinefield Rd,Boston,,02136,42.24,-71.1385,5.0,11,1
i7cvBiYqLCD2778jxuOq4g,Dr Phil Repair Center,,48 Winter St,Boston,,02108,42.3561,-71.0619,2.0,25,0
I7DCRZ6noS_a8d5lMY14oA,L Street Diner & Pizzeria,,108 L St,Boston,,02127,42.334,-71.0351,4.0,108,1
i7j9uf1FyUkoJ_EJpgDoAQ,Radiant Yoga Boston,,516 E 2nd St,Boston,,02127,42.3374,-71.0419,4.5,37,1
I7Zft4Pf2DDtLT6BYDTQDQ,Trattoria Ottimo,,184 High St,Boston,,02110,42.3566,-71.0526,2.5,7,0
I8BttOMC_9xHOoG3TRYNMg,Smile Thai Noodles,,1095 Commonwealth Ave,Boston,,02215,42.3526,-71.1255,3.5,76,0
i9Gi-LSagCrV6pLUfO2-3A,Purple Shell,,11 W Broadway,Boston,,02127,42.3424,-71.0569,4.5,59,1
i9O4v2Gx9bfXeieM_25ENw,JetSet Sounds,,,Boston,,02127,42.3365,-71.0349,5.0,9,1
IA6zEEZ7UF-6qtnCblP6tg,Quality Cafe,,50A Beach St,Boston,,02111,42.3515,-71.0607,4.0,7,0
iAjaHwODOTmhR2yxlsD-Bg,Lala Rokh,,97 Mt Vernon St,Boston,,02108,42.3579,-71.0697,3.5,295,0
iar__A7H53V35aqIUfC0yQ,Dollar Rent A Car,,209 Cambridge St,Boston,,02114,42.3614,-71.0666,1.5,6,0
IaRLxDUpQBn1k8sM-yx16A,Industrial Credit Union,,1 Liberty Sq,Boston,,02109,42.3577,-71.0549,5.0,6,0
IB2u25TrT22WMwtqTXVmeQ,J Pace & Son,,1 Park Ln,Boston,,02210,42.3483,-71.038,4.0,154,1
IB3PJgunEpe0xrxNX9rQ7Q,Wheelhouse,,100 High St,Boston,,02109,42.3545,-71.0553,4.5,338,0
iB7IkPlmaS9McznfMUvD-A,Herrera's Burritos,,8 Park Plz,Boston,,02116,42.3514,-71.0661,3.0,39,0
IbbhKnwJ5iWbxsCSYLadRA,Luxlash,,232 Newbury St,Boston,,02228,42.3583,-71.0603,2.0,17,0
iboARJTLO8zvTXgJT2fLpw,Azurdia Pet life,,,Boston,,02124,42.291,-71.0962,4.5,14,1
ibPGkJt4VaKLFY9NijDxEg,Papagayo,,283 Summer St,Boston,,02210,42.3499,-71.0499,3.5,551,0
Icizkr0B_Pb0J-yJwMFxbw,Third Piece,,631 Tremont St,Boston,,02118,42.3425,-71.075,4.5,9,1
ICSIbxu2UQ3i-kOPWmqJ0Q,Starbucks,,222 Cambridge St,Boston,,02114,42.361,-71.0665,3.0,56,1
IcTY56OrjLpaEo9HSnkSgQ,Chacarero,,800 Boylston St,Boston,,02199,42.3485,-71.0826,3.5,17,0
iczbR_n2umpkpkGk0d4ukg,Flames Restaurant II,,746 Huntington Ave,Boston,,02115,42.3337,-71.1055,3.5,194,1
iD_W_Fi__8MGtx6I7ZgcFg,Charles Street Supply,,54 Charles St,Boston,,02114,42.3574,-71.0702,4.5,79,1
Idea_3vkfXJFFuSIaqk2MA,Pizzeria 260,,260 W Broadway,Boston,,02127,42.3394,-71.0514,4.0,73,1
idg172jM8GUC0hwupO6a9Q,Newbury Dental Associates,,274 Newbury St,Boston,,02116,42.3491,-71.0835,3.5,100,1
iDO_BXOoX7G2ETyw1hgxJA,Meng's Kitchen,,1102 Washington St,Boston,,02118,42.3583,-71.0598,4.5,5,1
iE9___2VLBoevCr4f6BgOQ,Unleashed,,1310 Washington St,Boston,,02118,42.3419,-71.0682,4.5,12,1
IeA0ir6ZHjmtT-ly3gDVdA,Boston Sound and Light,,,Boston,,02228,42.357,-71.0605,4.5,6,1
iEco75SBOG6qb3GRnJh_Cg,Tatte Bakery & Cafe,,200 Pier Four Blvd,Boston,,02210,42.352,-71.0428,4.5,85,1
IeeMbwOVzoqqmcghse1QwA,Just 4 Cats,,,Boston,,02115,42.3399,-71.0899,5.0,10,1
IeftroHNcYr9zgK4nRcbEA,Hong Kong Cafe,,1271 Boylston,Boston,,02215,42.3454,-71.097,2.5,63,0
iehqxKmESk0IWl--l4tMSg,Ibex Outdoor Clothing,,303 Newbury St,Boston,,02115,42.349,-71.0855,5.0,6,0
IeJ6oKr3MW5bSlwmlkknwg,Club Caf?,,209 Columbus Ave,Boston,,02116,42.3484,-71.0723,3.0,359,1
IeVLf4ToOKue7JvYQ28Z9Q,Recycle Studio - South End,,18 Union Park St,Boston,,02118,42.3418,-71.0699,4.5,37,0
If2TC0cTS0BFi3S5Ga6niw,Emmanuel College,,400 Fenway,Boston,,02115,42.3407,-71.1027,4.0,8,1
IfBahjCbOWJ7b5smO3cgHg,Psychic New Age Shop,,678 Tremont St,Boston,,02118,42.3411,-71.0765,1.5,9,1
iFjzY8M7AQcoUKjZ-CJGeQ,Chateau Kabob,,789 Adams St,Boston,,02124,42.2832,-71.0558,3.0,17,0
IFOXPQ0McLNDqdLLzb3kIw,Norfolk Kitchen & Bath Boston,,999 Morton St,Boston,,02126,42.2784,-71.0802,3.5,8,1
iFrhmMey3APwRSOkLHdulQ,Garden Halal Meat,,96 Blackstone St,Boston,,02109,42.3615,-71.0564,4.0,24,1
Iftn89amEiaXRd1WKXLauQ,Healthworks Fitness Center,,441 Stuart St,Boston,,02116,42.3487,-71.0758,4.0,178,1
ifXPAKNo7ujk1FRVde1xog,African Best Braid,,397 Geneva Ave,Boston,,02122,42.3011,-71.0677,2.5,9,1
IG3LVQafC8Le0mRhSvd7mg,Trillium Brewing Fenway,,401 Park Dr,Boston,,02215,42.344,-71.103,4.0,23,1
IgBZ3cZdYOWe_I8lg6-Hxg,Herb Chambers Porsche,,1172 Commonwealth Ave,Boston,,02134,42.3495,-71.1285,3.0,53,1
iGlPs7jqItEQ8jFhfBE9Pg,Water Management,,228 Commonwealth Ave,Boston,,02116,42.3506,-71.0818,3.5,15,1
igpSJ4i8GhErt6G5J-Wttg,OliveNation,,50 Terminal St,Boston,,02129,42.3825,-71.0604,2.5,10,1
iGQNkWN3OeGaB5Gb6hPlpg,Julien Bar & Lounge at the Langham Hotel,,250 Franklin St,Boston,,02110,42.3564,-71.0548,3.5,6,0
igqvHwPJozVqN0GMyx5byw,H&M,,100 Newbury St,Boston,,02116,42.3514,-71.0754,3.0,100,1
IgRKyVF8JGLJQ-qC97dilg,The Federal,,204 Cambridge St,Boston,,02114,42.361,-71.0659,3.0,35,0
IgT2vBBLOpQRRXGxWKDbgw,Cardullo's Gourmet Shoppe,,99 Seaport Blvd,Boston,,02210,42.3515,-71.0455,3.5,17,1
iGVijggpUWsp2R5YjyK6Fw,Chung Wah Hong Market,,55 Beach St,Boston,,02228,42.3512,-71.0608,3.0,7,0
igw1ceRiFVnpSY-oQ6hWvA,Prime Time Pizza & Subs,,146 Belgrade Ave,Boston,,02131,42.2863,-71.1368,4.0,5,0
ih-saAvIufjbbthenv8w5w,Davide Restaurant,,326 Commercial St,Boston,,02109,42.3654,-71.0511,3.0,107,0
iHdg7BupnCVc3FYlrzxTrg,Church Park Luxury Apartments,,221 Massachusetts Ave,Boston,,02115,42.3445,-71.0868,3.5,7,1
IhFRQWk_epNn5TiBPDKnwg,Rocca,,500 Harrison Ave,Boston,,02118,42.3422,-71.0658,3.5,182,0
IhjP8q2cHol4ziuiDFdK2Q,Fat Baby,,118 Dorchester St,Boston,,02127,42.3351,-71.0463,3.5,139,1
iHML6NwJvQqQ-D4anm1d7A,Eastern Mountain Sports,,855 Boylston St,Boston,,02116,42.3488,-71.0832,3.5,17,0
IhoNRkAK5Z-9fAoHTTFGog,29 Newbury Street Restaurant,,29 Newbury St,Boston,,02116,42.3524,-71.0728,2.5,132,0
IHXHP_odU1wvaaKrP9ghhg,Donahue & Associates,,66A L St,Boston,,02127,42.3354,-71.0352,2.5,5,0
Ii-aCAM4KG6RCvpMn0hOkg,King and I,,145 Charles St,Boston,,02114,42.3604,-71.0706,3.5,337,1
iiDu_dHw-uB6kR_hVthKEw,Jaho Coffee Roaster & Wine Bar,,665 Washington St,Boston,,02116,42.3518,-71.0632,4.0,356,1
iIfTmlZsLUBoOI48fb_QJQ,Da Da Hair Studio,,68 Essex St,Boston,,02111,42.3527,-71.0607,3.5,57,1
iIPnX5-vpaiwPrT1dYm-xw,The Greenhouse Apartments,,150 Huntington Ave,Boston,,02115,42.3445,-71.0824,3.0,22,1
iizuoDy3clFVesyhl2IzFg,Subway,,162 Harvard Ave,Boston,,02134,42.3516,-71.1315,2.5,22,1
IJ2MnBlIvib0aU2hbmr0hg,The Brewer's Fork,,7 Moulton St,Boston,,02129,42.3767,-71.0565,4.5,383,1
iJ3uWYTiOPrC9e3fE7vs-w,CD Spins,,324 Newbury St,Boston,,02115,42.3484,-71.086,3.5,15,0
ij4DBph1JwC77g1RQISpWg,Tiki Hideaway,,1271 Boylston St,Boston,,02215,42.3451,-71.0966,4.0,6,0
ijFMVXm_xOR0sHBqmONjEA,Paul Revere Mall,,Hanover St,Boston,,02113,42.3658,-71.0536,4.0,31,1
iJhTfz5PoVeRPVGnvU3TgA,Boston Night Market,,1 City Hall Square,Boston,,02108,42.3603,-71.0579,4.0,21,1
IJQdAZSEFPw1uonlaz77QQ,Steve's Greek Cuisine,,1 Faneuil Hall Sq,Boston,,02109,42.3602,-71.0553,2.5,72,1
IjshhPQwClaUK1v7z_7CpQ,Harvard Gardens,,316 Cambridge St,Boston,,02114,42.3609,-71.069,3.5,441,1
IkcxBNK3KahMf-_bQmIevw,Gail's Cafe and Grill,,268 Centre St,Boston,,02130,42.3228,-71.1007,4.0,9,0
IKdGrMfGsrpsQ_dPPjJttg,Sister Sorel,,647 Tremont St,Boston,,02118,42.3422,-71.0754,4.0,62,0
IKHtCzbw8QKSlXXBY_NpiA,Boston Pizza and Grill,,270 Babcock St,Boston,,02215,42.3527,-71.1213,2.0,15,0
IKjGmPb-mQ8Srk-KSceTiQ,ArtsBoston,,650A Boylston St,Boston,,02116,42.3497,-71.078,3.5,11,1
IKlM5C_W4YiP760vbyQ4AA,SMASH,,473 Shawmut Ave,Boston,,02118,42.3389,-71.0759,4.5,6,1
IkmY_P-N1zo8OT0oEs_5NA,C&J Nails Spa,,85 Salem St North End,Boston,,02113,42.3637,-71.0556,4.0,26,0
IKPs4JEAoLvSH2iRd-M2hg,Shake The Tree,,67 Salem St,Boston,,02113,42.3633,-71.0559,4.5,55,1
iktWhnPH6KbGlaAIqY-54w,Boston Center for the Arts,,539 Tremont St,Boston,,02116,42.3444,-71.0713,4.0,24,1
Ikznr_wTzXuxYDjN1VeVsA,SALMAGUNDI - North End,,61 Salem St,Boston,,02113,42.3632,-71.056,5.0,19,1
IL1tDdW8IVxoNNnvfAnGuA,It's A Wrap,,100 Morrissey Blvd,Boston,,02125,42.3158,-71.048,3.0,6,1
il8PqsoOskFrwvYCQW0LhA,DBC City Bike Design,,151 B Pearl St,Boston,,02110,42.3546,-71.0536,3.0,22,1
Il9tzRkyvmszCBIDRrSkZQ,Sweet,,225 Newbury St,Boston,,02116,42.35,-71.0817,3.0,132,0
ILAaAXr4Varupm8MUSuwrA,US Post Office,,207 Massachusetts Ave,Boston,,02115,42.3448,-71.0867,3.0,43,1
iLic4Kbt3cUONpM8sKxeSg,US Post Office,,655 Centre St,Boston,,02130,42.3132,-71.1144,1.5,81,1
IlOSsfcvF7wds440FzBdZw,Kwik-E Submarine,,738 Huntington Ave,Boston,,02115,42.3338,-71.1054,3.0,20,0
imBg1-qcZ9Wwvw8KsQBcUg,The Ginger Man,,148 State St,Boston,,02109,42.3593,-71.0542,4.0,108,1
ImCoM0zQmenCEauHzt457g,Legal C Bar,,1 Harborside Dr,Boston,,02128,42.3634,-71.0258,3.5,115,0
ImH3YSoUG83n3Q3qZCTWsg,Jewelry Plus,,54 Winter St,Boston,,02108,42.356,-71.0621,4.5,6,1
iMjcbONfkR206P2oXPLKTw,Wainwright Bank & Trust,,63 Franklin St,Boston,,02110,42.3553,-71.0586,4.0,8,0
ImKyeEJzBeN4wmVeXhANKQ,Hanover Wine & Spirits,,363 Hanover St,Boston,,02113,42.3648,-71.0532,4.0,13,1
iMOnelG7SPrJJLE9yO_Kaw,Bark Place,,1721 Washington St,Boston,,02118,42.337,-71.0768,3.5,92,0
In474BQzpJZLg2ihc-cNLg,Upper Crust Pizzeria,,888 Commonwealth Ave,Boston,,02215,42.3508,-71.1076,2.5,31,0
inAEY3i1hYR4BlJfPgKFPw,Santouka Back Bay,,66 Hereford St,Boston,,02115,42.3485,-71.0854,4.0,593,1
innENFKqAwxTfFmt68oDbg,Wally's Cafe,,427 Massachusetts Ave,Boston,,02118,42.3407,-71.0823,4.0,302,1
InNL7pfmvjRAXbZgKFY49Q,Twig,,83 Charles St,Boston,,02116,42.3484,-71.0737,3.0,7,0
iNWnnlpFDH8Shj3PmPm48A,Carlton's Wharf & Co.,,256 Marginal St,Boston,,02128,42.3635,-71.033,3.5,8,1
InZV16X6rFT4Y7gGxFgYjQ,Bang & Olufsen,,141B Newbury St,Boston,,02116,42.3512,-71.0773,2.0,14,1
Io352sOSQXbRr-JGB3tiJg,Sprout,,305 Huntington Ave,Boston,,02115,42.3413,-71.0874,4.5,13,1
IobG2nuFf7yOJiRAQOTkAA,George Howell Coffee,,505 Washington St,Boston,,02111,42.3547,-71.0614,4.0,197,1
IOgfGiZFdGJX7PRtM_ER8g,Can't Stop Moving,,231 Commonwealth Ave,Boston,,02116,42.3512,-71.0824,5.0,59,1
iOgroCWuQTmnTmXJI9tj6A,Seaport Wine & Spirits,,407 D St,Boston,,02210,42.3441,-71.0442,4.0,6,1
iOoBA4u3N9ic4m4zC99brQ,Lee Chen's Mexican Grill & Chinese Food,,475 W Broadway,Boston,,02127,42.3355,-71.0461,3.0,108,0
iouQx0NjADByufYX0BceUA,Landry & Arcari Rugs & Carpeting,,333 Stuart St,Boston,,02116,42.3502,-71.0707,3.5,11,1
ioyVgom1bzJhuX6jbfuK1A,Starbucks,,211 Congress St,Boston,,02110,42.3546,-71.0548,3.5,41,1
Ip-biANzCmf1aTclubCIcA,Two Saints Tavern,,52 Gainsborough St,Boston,,02115,42.3418,-71.0873,2.5,19,1
Ip7IWfw0zSUc3hHg8Ni5bQ,TD Garden,,100 Legends Way,Boston,,02114,42.3663,-71.0622,3.5,387,1
IP9CvgBEOts2aoo5zwgcng,MiniLuxe Fenway,,18 Kilmarnock St,Boston,,02215,42.3446,-71.1001,3.5,85,1
iPapCIWs9BOTlamAhTDsIw,SEPHORA,,7 North St,Boston,,02109,42.3603,-71.0563,3.0,34,1
iPCapXKUfWcabMngnfupIg,St Anthony's Feast,,201-203 Endicott St,Boston,,02113,42.3665,-71.0578,4.5,21,1
iPD8BBvea6YldQZPHzVrSQ,Espresso Minute,,334 Mass Ave,Boston,,02115,42.3427,-71.0842,4.5,7,0
IpILr7zdgPTE0b08O2utbw,Mike's Auto Repair,,914 Huntington Ave,Boston,,02115,42.3316,-71.1124,2.5,16,1
IpqBE7cWoDO14MIvhZJ8Nw,Gaelic Day Spa & Salon,,389 W Broadway,Boston,,02127,42.3373,-71.049,3.5,170,1
IPsOdrfvC1hWvuNdOQ-dpA,GreenOp,,,Boston,,02124,42.2826,-71.0676,4.5,14,1
Ipt161rqBn6FsEDbm2iWTw,Gap Factory,,411 Washington St,Boston,,02110,42.3559,-71.0602,2.5,11,1
ipVssiGD9k6flG0kX03B1Q,Punctured Professional Body Piercing,,1018 Commonwealth Ave,Boston,,02215,42.3515,-71.1216,4.5,28,1
iq_tohESZXiK8YZ62YcvsQ,Eyes Over Copley,,10 Huntington Ave,Boston,,02116,42.3485,-71.0769,4.5,55,1
Iq2Ey5AiDK9JUKddyDLZ7g,Santander,,279 Massachusetts Ave,Boston,,02115,42.3436,-71.0864,1.5,9,1
iQehFXMDq1pveGpJhnSojg,Slugger's Dugout,,1 Faneuil Hall Market Pl,Boston,,02109,42.3604,-71.0548,3.5,9,0
IQfnzLRQVU7lkZNHL8lxWw,Walgreens,,841 Boylston St,Boston,,02116,42.3489,-71.0828,2.5,24,1
iQpAhzdLge0RHOeKjYtuyA,Bally Total Fitness,,17 Winter St,Boston,,02108,42.3559,-71.0613,2.5,20,0
IQq7T1wRH5vUhTbKAPzw1Q,Dirty Water Dough,,20 Maverick St,Boston,,02128,42.3717,-71.0421,4.0,39,1
iqsB17hy2DifmReKT7stjg,The Spot Clothing,,380 Dorchester Ave,Boston,,02127,42.3354,-71.0564,4.5,15,1
iQtGgTuPT7Zb_AHtLxl5sw,Taqueria Jalisco,,291 Bennington St,Boston,,02128,42.3787,-71.0282,4.5,366,1
IQw-y3-5yEca_rIJT0NNKg,Bloom,,108 Maverick St,Boston,,02128,42.3706,-71.0397,3.5,15,1
iQyKo3VDNzRbGQPAqFkZPA,China King,,60 Beach St,Boston,,02111,42.3515,-71.0602,3.5,155,1
IqyqfQFnBsOIReGrcgaYhA,Avana Sushi,,42 Beach St,Boston,,02111,42.3515,-71.0609,4.0,979,1
iR-DMYS8DpJMEsj7EUEx2g,Kekei Salon & Beauty Lounge,,54 Queensberry St,Boston,,02215,42.3426,-71.0974,4.0,42,0
IRoCCeRLcfvqBqOo0RnSbQ,617-TAXI CAB,,175 William Mcclellean Hwy,Boston,,02128,42.3861,-71.0179,2.0,31,1
IRQfnjyFcg3j1Z3i7kPIfg,Empire Garden Restaurant,,690 Washington St,Boston,,02111,42.3512,-71.0629,3.0,429,1
irTusp4eF-PoyDiqqtdzdg,Subway,,1122 Boylston St,Boston,,02115,42.3467,-71.0888,2.0,15,0
iSE_LieK4AUM8A5c0-dlzg,New Dong Khanh,,83 Harrison Ave,Boston,,02111,42.3509,-71.0616,4.0,569,0
ishsF_VAUiyudpYPtVC5jg,The Godfrey Hotel Boston,,505 Washington St,Boston,,02111,42.355,-71.0617,4.0,162,1
IsILeyOdk4PcHFK5eiwJBw,Patriots Train,,South Station,Boston,,02111,42.3504,-71.0561,2.0,26,1
iSxMx6bokjSx1c0MVWDXbQ,New Market Pizza & Grill,,850 Massachusetts Ave,Boston,,02118,42.3321,-71.071,3.5,61,1
IT3isp3lHy71LWZuwlLzLg,Dave Poutr? Fine Framing,,82 Charles St,Boston,,02114,42.3582,-71.0707,4.0,8,1
iTdttUPZz7ERUTNL7bvYVw,Bellissimo Nails & Spa,,12 Fleet St,Boston,,02113,42.3646,-71.053,3.5,47,1
ITG2HCLBTr_47v-DGgTIVA,Tapestry,,69 Kilmarnock St,Boston,,02215,42.3425,-71.0995,4.0,204,0
ItHjEkDdEYIHBW5i4I9DaA,Vince,,100 Huntington Ave,Boston,,02116,42.3474,-71.0786,3.0,7,0
itOs1rPS8j8sakiwsl1PEw,Precinct Kitchen + Bar,,154 Berkeley St,Boston,,02116,42.3491,-71.0725,3.5,252,1
ItSVA8DQrkN6bani_lYVPQ,Jack's Joke Shop,,226 Tremont St,Boston,,02116,42.3514,-71.0647,4.5,6,0
ITYaaVGzwjApnPYDSoE90g,Adams Village Apartments,,725-735 Adams St,Boston,,02122,42.2844,-71.0558,1.0,5,1
iu6vsQ4p7bO7eODQQmYOJA,Cisco Brew Pub,,Bos Airport,Boston,,02127,42.3685,-71.0185,3.0,19,1
IU7w8bHLmAF768Nmg0WxoQ,Boston Police Department,,650 Harrison Ave,Boston,,02118,42.3396,-71.0691,2.0,20,1
IUFciTsusHNkwt5WwtXuVg,Thrive Exchange,,176 Newbury St,Boston,,02116,42.3503,-71.079,2.5,7,1
IUG2Kh4m3LvD9cJL6Sg14A,Louis Vuitton Boston Saks,,800 Boylston St,Boston,,02199,42.3477,-71.0803,2.5,5,1
iuMpNfaR1GHFgP-5FJMnxQ,bosTAN,,125 Charles St,Boston,,02114,42.36,-71.07,4.0,24,0
IuokPlH4b5Pem04vVCY29Q,Baseballism,,71 Lansdowne St,Boston,,02215,42.3473,-71.0979,5.0,6,1
iuQoT3baa8eMmCMQZ46MPQ,Social Security Administration,,,Boston,,02108,42.3549,-71.0661,2.5,5,1
IUtwrP_ooaw1dpTARIOfRg,Karo's BBQ / Chicken Kebab,,580 Boylston St,Boston,,02116,42.3503,-71.0764,4.0,7,0
iuvMYP6c_CRGekBT3WeVdQ,Bruegger's Bagels,,7 School St,Boston,,02108,42.3576,-71.0586,3.0,147,1
iuxl8BRKZsBpYnuL5ORIow,Charleys Philly Steaks,,350 Longwood Ave,Boston,,02115,42.3386,-71.1072,3.5,11,1
Iv7tmxRH9GoMJcRgUgCwHQ,Apollo,,84 Harrison Ave,Boston,,02111,42.3508,-71.0612,2.5,106,0
iviAFDA1oXKZDiK91KR9dg,Jeffries Point,,11 Lamson Ct,Boston,,02128,42.3665,-71.0331,4.0,5,1
IvInXzhUcE9MEummrb_z2g,Boloco Atlantic Wharf,,284 Congress St,Boston,,02210,42.3532,-71.0527,4.0,65,1
ivKW_Q-6mYscsa0HNnPYWg,Salon D'Emilio,,141 Richmond St,Boston,,02109,42.3633,-71.0543,4.0,13,0
iVM5ABogYdqsk1FvidC5WA,Pilgrim Parking,,40 Beach St,Boston,,02111,42.3517,-71.0618,2.0,15,1
iVmS58gWggsBcrmH2adGkQ,Sally's Sandwiches,,492 Tremont St,Boston,,02116,42.3457,-71.0692,3.5,25,1
ivqmF8ijXYP36YvQYMoIhQ,Prospero's Shoe Repair,,54 Province St,Boston,,02108,42.3568,-71.0598,4.0,43,0
ivsxVUaMjkFFargVLMsABw,Classic Sail Boston,,,Boston,,02128,42.3654,-71.0361,5.0,22,1
IvvgLWS3J6qR4dhYMlDOPA,Tavern In The Square,,120 Beverly St,Boston,,02114,42.3657,-71.0601,3.5,266,1
IvwqZgwCFFd9fvpOBzvJ3w,Siraj Cafe,,472 Shawmut Ave,Boston,,02118,42.3386,-71.076,3.5,16,0
IWAiONSSRkvSlUC9WRDqpg,The Bar Method,,75 Federal St,Boston,,02110,42.355,-71.0568,4.5,31,1
iWddTev2nI-gYuqOdQwU9A,The Wine Cellar,,30 Massachusetts Ave,Boston,,02115,42.3505,-71.089,3.0,201,0
Iwecaf9sqVNLGD5zI7V-KQ,Joe Glynn Cleaners,,773 Adams St,Boston,,02122,42.2837,-71.0558,3.5,8,1
IWnNWBzFLsFlFOZlO-oCqQ,Patriot Auto Transport,,254 Newbury St,Boston,,02116,42.3493,-71.0827,4.0,13,1
IwVv7QW1nP0qLXht2ZbzPQ,Robin's Candy Shop,,253 Newbury St,Boston,,02116,42.3497,-71.083,4.5,44,0
IX-1sbmsjhFvFrmZItuFAg,Miniluxe South End,,536 Tremont St,Boston,,02116,42.3444,-71.0706,3.5,31,1
ix4GZehsA6E6euNosbPkvA,Dunkin',,1 Congress St,Boston,,02114,42.3626,-71.0592,3.0,16,1
ix4wjMvl7IaDV6QmiIC-zQ,James Court,,45 East Newton St,Boston,,02118,42.3376,-71.0723,2.5,7,1
ixaOtrImzE398htyPNspig,The Riverway,,,Boston,,02215,42.3443,-71.1052,4.5,11,1
ixCPiCXBg9Ixx1re72bRCA,Lala  Restaurant,,792 Washington St,Boston,,02124,42.2838,-71.0714,2.0,16,1
IxiwjwMSUAYndWvgFAp29w,Buskers Burger Bar,,67 Canal St,Boston,,02114,42.3641,-71.0596,2.5,9,0
IxvHvjcojWN5A82hyLpJUw,Walky Walk,,,Boston,,02122,42.2967,-71.0527,5.0,15,0
IyaY1XzFUvwXprmZrfbl2g,Au Bon Pain,,800 Boylston St,Boston,,02199,42.3468,-71.0831,3.0,72,0
iyKMrR8OncC2hC8XRGgC6A,Whole U.,,165 Tremont St,Boston,,02111,42.354,-71.0637,5.0,12,1
IyKZ4rwMG9nmphlXjodl_w,L'Attitude Boston,,140 Faneuil Hall Marketplace,Boston,,02109,42.368,-71.0548,2.5,11,1
iYVogVYuGBQ2975RcK4gfQ,Brite Smile,,75 Newbury St,Boston,,02116,42.3519,-71.0745,1.0,17,0
IZ-MR32camCk4zFtbP54xg,Church,,69 Kilmarnock St,Boston,,02215,42.3424,-71.0993,3.5,320,0
IZ8xyJ-tu9dCJXDvyGfeDw,The Boston Night Tour,,75 State St,Boston,,02109,42.3586,-71.055,4.0,40,1
IZEIK2E3_nD_oq9HG7oeyg,The Boston University Pub,,225 Bay State Rd,Boston,,02115,42.3509,-71.1035,3.5,63,1
izLEzseFI0PzOqBKmndvQw,Hollywood Top Nails,,585 Columbus Ave,Boston,,02118,42.3405,-71.0821,3.0,8,0
Izm-dktqGY5wMmcnpxE8GA,Eastiewalks,,Sumner St,Boston,,02128,42.3673,-71.0362,5.0,5,1
IzRf6C66CeF57fgvKrzfOQ,Cini’s,,252 Friend St,Boston,,02114,42.3645,-71.0613,4.5,15,1
J_4rBigf0EcoBQlGdnQLfA,The Nolan House B&B,,10 G St,Boston,,02127,42.3359,-71.0441,3.0,6,1
j_hShq99ICJFWzFNG464-w,Dine Boston,,1 Harborside Dr,Boston,,02128,42.3699,-71.0194,3.5,63,1
J_m2juQ4az7YInrmRXUozw,Mister Chick's Barber,,99 Summer St,Boston,,02110,42.354,-71.0584,4.5,5,0
j-qBxRNdtfOM6B5si3hH1w,Subway,,417 Washington St,Boston,,02108,42.3563,-71.0607,2.5,15,1
j-XszaMJj3JyXmtipfteEA,East Coast Soul,,940 Commonwealth Ave,Boston,,02215,42.3505,-71.1182,5.0,9,1
j-Yt64ZYmNw-XbzobW5L7g,RISE,,306 Stuart St,Boston,,02116,42.3498,-71.0708,3.0,97,0
J0b2Bfz5XCXG7fRkn-gPmw,The Copley Group,,896 Beacon St,Boston,,02215,42.347,-71.1055,2.5,19,1
J0ezACaWK9hKaWAsF6kkJQ,Downtown Abbeys,,,Boston,,02129,42.3795,-71.0646,3.5,6,1
j1AW3Z_kikuzzznFozYs3A,Pizza Stop,,851 Harrison Ave,Boston,,02118,42.3347,-71.0757,2.0,16,0
J1BWFWP-a3tHPJ2lBp8Amg,Zoots,,175 Market St,Boston,,02135,42.3564,-71.1492,2.5,12,0
j1L7S6azRgG0dyt-Patv3A,Cross Country Movers Group,,,Boston,,02127,42.3365,-71.0349,5.0,6,1
J1uidHIL7nE_noUuvFXj0A,Grotto,,37 Bowdoin St,Boston,,02114,42.3599,-71.0633,4.0,815,1
j26j_w7dt3YiSqyBZBwadg,465 Bar and Restaurant,,465 Huntington Ave,Boston,,02115,42.3394,-71.094,4.0,10,1
j29GYZxg7r4S5zOQOF1dfA,Crate & Barrel,,1 S Market St Ste 140,Boston,,02109,42.3604,-71.0548,4.0,8,0
J2dm_pvw9LzS2sRTyoHvVA,Salon Mario Russo,,22 Liberty Dr,Boston,,02210,42.3546,-71.0457,4.5,24,1
J2EykTKCXfcTBh58tepqIg,7-Eleven,,117-121 Jersey St,Boston,,02215,42.3426,-71.0971,3.5,19,1
j2IihWisJmt_UGr0xgKtGA,Wild Greens,,100 Federal St,Boston,,02110,42.3552,-71.0559,3.5,17,0
J32P1EZs692jBAQufmu59g,Loro Piana - Boston,,43 Newbury St,Boston,,02116,42.3523,-71.0732,3.0,5,1
J3Xb6uihPkZOKe4wNmYGFQ,Prezza,,24 Fleet St,Boston,,02113,42.3646,-71.0528,4.0,336,1
J4AAx81KM13hpf5gSMrfHw,Pro Tech Appliances Repair,,893 E 4th St,Boston,,02127,42.3347,-71.0276,2.5,16,1
J4Oln2xg4LR9_jbRuQNYjQ,Amelia's Taqueria,,309 Huntington Ave,Boston,,02115,42.3412,-71.0874,3.5,160,1
j4Qr_xYo8mVEUXRNRsJGJw,Xm Satel Radio,,4 Longfellow Pl,Boston,,02114,42.3632,-71.0644,1.0,16,1
J4UsOYwRprbJXIVB_NcldQ,Loconte's Italian Cuisine,,116 Salem St,Boston,,02113,42.3647,-71.0556,3.5,304,1
J4xKHIdGD1vFpKag1wwnbg,Sakura,,350 Longwood Ave,Boston,,02215,42.3381,-71.1069,3.0,9,1
J5C6w3jTjhFhd4CZjN8MzA,Goethe-Institut Boston,,170 Beacon St,Boston,,02116,42.3547,-71.0764,4.5,9,1
J5K5GOhRaOcQQ7Et3V86Fw,Broadway Pizza,,321 W Broadway,Boston,,02127,42.3384,-71.0504,3.0,45,0
j5vYIRf3UKIiMyPb933wzg,DISH,,,Boston,,02109,42.3661,-71.0483,1.5,16,1
J6GPWc5QmRne6s-fRBKZOQ,Suds City Coin Laundry,,481 E Broadway,Boston,,02127,42.3353,-71.0456,3.5,14,1
j7az9ChHyTF3zzph-bijGQ,INQ,,279 Newbury St,Boston,,02228,42.3495,-71.0841,2.0,6,0
j7CMOTyf3WHs8hmbpqiL4A,Artu,,89 Charles St,Boston,,02114,42.3587,-71.0705,3.5,176,0
j7eMmgmlS-ROU-22w3VLFw,Union Bar and Grille,,1357 Washington St,Boston,,02118,42.3417,-71.0693,4.0,465,0
j7VXGiKU_mvP7NrlfqVhJw,Vinh-Sun,,58 Beach St,Boston,,02111,42.3247,-71.086,3.0,145,0
J89TOYNqvbv_evthMzmRdQ,The Chicken & Rice Guys - Downtown,,85 Bedford St,Boston,,02111,42.3532,-71.0597,4.0,115,1
J8PRAyYtPCaWWw3ZRtjzLg,WeWork South Station,,745 Atlantic Ave,Boston,,02111,42.3503,-71.0567,4.5,13,1
J8q0tmKrohIw6We0shrLig,Woody's Pizza & Liquors,,9 Barnes Ave,Boston,,02128,42.386,-71.0053,2.5,35,1
j9KlVEGJpJQVLUgX3ioo0Q,D & Z Auto Repair,,944 Saratoga St,Boston,,02128,42.387,-71.0094,5.0,6,0
j9r12kWsLdSQ4K1p_SjBzQ,Sweat Fixx,,323 Dorchester Ave,Boston,,02127,42.3369,-71.0582,4.5,11,1
j9rhIIYXCrMb0Ax07PXYpQ,Sasa Adventures Beauty & Spa,,42 Essex St,Boston,,02111,42.3527,-71.0616,4.0,34,1
JA-F9Wf3LrjfG-SE6dXMSA,Woody's Liquors,,1035 Saratoga St,Boston,,02128,42.3861,-71.0053,4.0,18,1
Ja1M8VECtR5Y3OjwHqISvw,Sultan's Kitchen,,116 State St,Boston,,02109,42.3593,-71.0548,4.0,157,0
ja3eaXMz1KBqRDSfefQXlA,Brookline Moving Company,,32A Rugg Rd,Boston,,02134,42.3554,-71.1359,3.0,14,1
jaAB9dUsVfqivrEOa4W3RQ,Inna's Kitchen - Boston Public Market,,100 Hanover St,Boston,,02108,42.3621,-71.057,4.5,195,1
jacXZkjjsX_w5UeYMA7GKQ,D and L Auto,,1856 Dorchester Ave,Boston,,02124,42.2873,-71.0637,3.5,6,1
jaHS-fPSEEDW273iFrWG9Q,Scullers Jazz Club,,400 Soldiers Rd,Boston,,02134,42.3603,-71.1181,3.5,85,1
JANEX4GY7iVf8pKhHG4toQ,Madonna Queen National Shrine,,150 Orient Ave,Boston,,02128,42.3903,-71.0055,5.0,20,1
jARXdEubmCxBtN55PYVd7w,Capo Restaurant,,443 West Broadway,Boston,,02127,42.3361,-71.0471,3.5,340,1
jaXd3XmWPnohhGG_JXc-sQ,Best Western University Hotel Boston-Brighton,,1650 Commonwealth Ave,Boston,,02135,42.3421,-71.1441,3.0,36,0
Jb_WIy18VVgfmD3HDjRFOw,The New Government Center Station - MBTA,,1 Cambridge St,Boston,,02114,42.3601,-71.059,3.5,6,1
JBLKxfMUR6hcKysFpBqlHg,Green Line- E,,,Boston,,02115,42.3399,-71.0899,3.0,8,1
JBoZFDyJ_7g-2HsGJa36yg,Shop Mfi Market,,170 Salem St,Boston,,02113,42.3662,-71.055,3.0,9,1
JbUjGjc_K_Od9s3ysv142g,Brato Brewhouse and Kitchen,,190 N Beacon St,Boston,,02135,42.3556,-71.148,4.5,69,1
Jc-HJXss4lvN4FvQaOznYg,Diablo Glass School,,123 Terrace St,Boston,,02120,42.3282,-71.0985,5.0,39,1
jCA7fqR2W3Tbkq58bVSV7A,Tasty BBQ,,417 Washington St,Boston,,02110,42.3559,-71.0605,3.5,27,1
JcFOs_8wtgDyZ9On33VMAg,B + B Custom Cleaning,,Dorchester Ave,Boston,,02127,42.3447,-71.0573,4.5,5,0
jciFOmFPzMmCB5l4yT7gdQ,Blue Inc,,131 Broad St,Boston,,02110,42.3571,-71.052,3.5,147,0
jckPmeauQD2i1a58Mgf-5w,Massport,,1 Fish Pier Rd,Boston,,02210,42.3504,-71.0388,2.5,15,1
JcYciMUlHAAL_W5I2b5xOA,Indochino,,85 Newbury St,Boston,,02116,42.3519,-71.075,3.0,66,1
jD8szI8x_7mloi52ykjusw,Downtown Crossing Flowers,,391 Washington St,Boston,,02108,42.3561,-71.0601,5.0,8,1
JDK-bs-m1ydH87Rpm3jdzw,Bon Me - Back Bay,,441 Stuart St,Boston,,02116,42.3485,-71.0761,3.0,18,1
jdNIdiRXMIAGIgOxjsTMuw,Harold's Barber Shop,,87 L St,Boston,,02127,42.3343,-71.0355,4.0,8,1
JDShHliENiJ_Cf-QybttSQ,Garifuna Cafe,,143 Washington St,Boston,,02121,42.3044,-71.0796,3.0,6,0
JdVlUaXM9aZQ68tjgonszw,L'Osteria,,104 Salem St,Boston,,02113,42.3642,-71.0557,3.5,327,1
Je42YeoIWbMUQphd-UsKLA,Paddy O's,,33 Union St,Boston,,02108,42.3611,-71.0567,3.0,195,1
JEbgVwRUsQ3arKPhGXQj7Q,Oak + Rowan,,321 A St Fort Point,Boston,,02210,42.3491,-71.0493,3.5,200,1
jeG-649trmLATs8L7eWwqQ,Beacon Hill Skate Shop,,135 Charles St S,Boston,,02116,42.3489,-71.0667,4.0,67,1
jEUDnzLiocHQfifjE7PaoA,Seaport Boston Hotel,,1 Seaport Ln,Boston,,02210,42.349,-71.0408,4.0,279,1
JF87xr6hy80ALB20HoiB5A,Akiki Auto Repair,,1035 Hyde Park Ave,Boston,,02136,42.2639,-71.1218,4.0,40,1
JfcDjpBLMMJESmPoFRdc-w,CVS Pharmacy,,218 Hanover Street,Boston,,02113,42.3631,-71.0556,3.5,26,1
jFdpAmvC-7n5nMtroL1u1Q,Licki Licki,,1095 Commonwealth Ave,Boston,,02215,42.3527,-71.1255,3.0,6,0
jfjfH_n1TaF8LbtUCtq9SA,Bostonian Market,,570 Tremont St,Boston,,02118,42.3434,-71.0723,4.0,10,0
JFqiZFZn_ggKZuBmFJAZxg,Boston NAPS,,387 West Broadway,Boston,,02127,42.3373,-71.049,5.0,10,1
JFVOJ8oTs4CEDvumCVK_5g,Le Visage Spa,,125 Broad St,Boston,,02110,42.3571,-71.052,5.0,47,1
jGennaZUr2MsJyRhijNBfA,Legal Sea Foods,,1 Harborside Dr,Boston,,02128,42.3634,-71.0258,3.5,856,1
jGFveys5crlhG8HCRWz-3Q,Shamanic Healing in Boston,,,Boston,,02131,42.2832,-71.127,4.5,5,1
JgLvX-m3HX568ylriwgEjw,AllSaints,,122 Newbury Street,Boston,,02116,42.3511,-71.0764,3.0,62,0
JgsZxxrb60nT02lcOkCnRg,Peet's Coffee and Tea,,625 Huntington Ave,Boston,,02115,42.3363,-71.1004,2.0,13,1
jgVvRELcnnI0smESjo6DvQ,Boston's Preferred Properties,,57 Gainsborough St,Boston,,02115,42.3422,-71.0874,2.5,14,1
jH-61Yf_-_jEn9E_rSsr5A,Mansion,,1 Boylston Pl,Boston,,02116,42.3521,-71.0662,3.0,19,0
jHDyOFU_2uGHBzgqRKFSsw,Exotic Flowers,,7 North St,Boston,,02109,42.3608,-71.0558,3.5,7,0
jhFi0oxdyiyCYK7i-CW59A,Black Seed Cafe & Grill,,131 Tremont St,Boston,,02111,42.356,-71.0623,3.5,249,1
jhm6GXCdqybQm3_Qi4P2Eg,Yankee Doodle Candy,,56 Salem St,Boston,,02113,42.3632,-71.056,3.0,6,0
jhVD-YOitCCrmxAOlkNeug,Admirals Bank,,579 Boylston St,Boston,,02116,42.3501,-71.0766,2.0,9,1
JhZfftSNMs_XKB75ui3OOg,T2,,131 Newbury St,Boston,,02116,42.3514,-71.0769,4.0,19,0
jIB7mBF2N7jPFGiXdcPFJQ,Broadway Jiu-Jitsu and Fitness,,36 W Broadway,Boston,,02127,42.3424,-71.0562,5.0,5,1
JIBc92vrRwE7xhhoUk7vSw,Bottega Fiorentina,,264 Newbury St,Boston,,02115,42.3492,-71.0831,3.0,70,0
jIbi_gVLVB194bZ01gJ2Mg,Houlihan's,,Boston Logan International Airport,Boston,,02128,42.3662,-71.0195,3.0,7,0
JIBJ_1aH_gHgbLnAIX5hEw,Towne Stove and Spirits,,900 Boylston St,Boston,,02115,42.3483,-71.0835,3.0,595,0
Jibu_WEY2IDMPbwJglccCQ,Trader Joe's,,899 Boylston St,Boston,,02115,42.3484,-71.0841,4.0,300,1
JICk6JmOpWIBEk_iIfqpwg,Laurel Grill & Bar,,142 Berkeley St,Boston,,02116,42.3488,-71.072,3.5,101,0
JicXgLgxhMW-FNU-heJejA,Tauber Fitness Center,,136 Harrison Ave,Boston,,02111,42.3498,-71.0615,4.0,6,1
JIfQsGVfJVUwEXe8hfV7bw,Mitchell Gold + Bob Williams,,142 Berkeley St,Boston,,02116,42.3488,-71.0721,3.0,24,1
jIlBgen_ihxN17NUlf84aw,Hi Boston Hostel,,19 Stuart St,Boston,,02116,42.351,-71.0634,3.5,10,1
jiRfSBKVWZ0cyAbk5Rvhww,Logan Dependable Ride,,,Boston,,02128,42.3695,-71.0201,4.5,7,1
JitP8tMjtWFXXFJJ6P4NvA,Juice Republic,,32 Kneeland St,Boston,,02111,42.3507,-71.0618,3.5,48,0
jIxhHWqxKd5ZWBIEmsFxWQ,Citrus & Salt,,142 Berkeley St,Boston,,02116,42.3487,-71.0723,4.0,554,1
JJiAY52A6rCZEmkpgRiHew,Boloco,,283 Longwood Ave,Boston,,02115,42.3377,-71.1045,3.5,116,1
jK7NRBmFLxRrna7gbG8I6A,Shaws,,33 Kilmarnock St,Boston,,02215,42.3435,-71.1004,2.5,74,0
JkHwQPZeKxFf2CkrAufdbQ,Bricco Panetteria,,11 Board Alley,Boston,,02113,42.363,-71.0551,4.5,117,1
JKilAB8kABY29wP23uL57Q,T-Flow,,,Boston,,02116,42.3531,-71.0765,5.0,20,1
jkle-nzGjtI_mh_vK-OFpA,Peet's Coffee,,129 Tremont St,Boston,,02108,42.3562,-71.0619,3.5,17,1
JKscdPzeqj-PWIBqASCACw,Mansour Rafik MD,,500 Brookline Ave,Boston,,02215,42.3364,-71.1091,3.5,7,1
jkV5V0WuSsHfk0y8oTq6Gg,B/SPOKE Indoor Cycling Studio,,101 Federal St,Boston,,02110,42.355,-71.0565,4.5,124,1
jKwIJVj4GYd2jwqQSbgfCw,Prairie Star,,111 Dartmouth St,Boston,,02116,42.3465,-71.0754,3.5,7,0
JL-Jzl_tWShwLDl5hhnUSA,The Proper Slice Pizzeria Back Bay,,222 Newbury St,Boston,,02116,42.3498,-71.0811,3.5,26,0
Jl7_EM6e7sNT3SsK5DxLSA,Charlestown Navy Yard,,Charlestown Navy Yard,Boston,,02129,42.3743,-71.0564,4.5,23,1
JlEJ3-pZwNvblzpqqSIYdA,Cha Feo,,248 Newbury St,Boston,,02116,42.3494,-71.0825,4.5,18,1
jlgFIwqZxr2eNjf3tbA8cQ,Swedish Motors,,1090 Commonwealth Ave,Boston,,02215,42.3519,-71.1243,4.5,24,1
jlj0QJsckqmEtfIKZZH9OQ,Totto Ramen,,20A District Ave,Boston,,02125,42.3251,-71.0624,4.0,36,1
jLPshGfnCNOC4o1oer6GXg,Boston House of Pizza,,956 American Legion Hwy,Boston,,02131,42.2746,-71.1154,2.5,28,1
JlXNPA0Xeywc9rGwAj61JA,Blue Bottle Coffee,,163 Newbury St,Boston,,02116,42.3509,-71.0788,4.0,14,1
jM3nMHsu0UL7K2Dx6mb-CA,Burberry,,2 Newbury St,Boston,,02116,42.3525,-71.0713,4.0,46,1
JMBeSK3cv6Y4Xl4hezHSHA,Mainely Burgers,,133 Guest St,Boston,,02135,42.3564,-71.1429,4.0,31,1
jmbsBt2D4w2A_Mypj_p_5w,Jook Sing Cafe,,177 Harrison Ave,Boston,,02111,42.3492,-71.0624,4.0,54,1
JmERsA7KTverVBilzmiuEA,Cartier,,28 Newbury St,Boston,,02116,42.3521,-71.0725,3.5,34,1
JMGtoXNZrEuv49aTKq464w,The Danger Booth,,,Boston,,02135,42.3464,-71.1627,5.0,28,1
JMgu3U6Ty1U2ByNqCtGbYA,Table & Tulip,,461 Shawmut Ave,Boston,,02118,42.3393,-71.0756,5.0,25,1
JMKCEvltgcmlATRYDE4VLQ,Riccardo's Ristorante,,175 N St,Boston,,02109,42.3632,-71.0537,3.0,262,1
jMpPwZe83RpuTPC7yxDS3Q,Morton's The Steakhouse,,2 Seaport Ln,Boston,,02210,42.3491,-71.0404,4.0,353,1
JmRQNDXJuaqzUGEYtbB7Mg,B?n T?i Restaurant,,1035 Dorchester Ave,Boston,,02125,42.3153,-71.0569,3.5,22,1
Jmt91QWeOs4X3oe7ELF5TQ,Christian Pleva Images,,161 North St,Boston,,02109,42.3629,-71.0542,2.5,11,1
JmW1o1t5py7PCZYzUxszNA,Tai Tung Pharmacy,,256 Harrison Ave,Boston,,02111,42.3477,-71.0625,3.5,11,1
Jn4JTzesvEUaF2FYl9LIsw,Adam's Pizza & Convenience Store,,120 Blackstone St,Boston,,02109,42.3618,-71.0568,2.5,13,1
JNbsSVFgK4XbSYddhvpCMA,The Dog Port,,236 Sumner St,Boston,,02128,42.3687,-71.0389,4.5,41,1
jND4_trbAJ63D5H8wDl2fw,Dore Creperie,,One Beacon St,Boston,,02108,42.3584,-71.0607,3.5,37,0
jNDfH-MaD0d5qJD9ExLwUw,Viselli Salon,,297 Newbury St,Boston,,02115,42.3491,-71.0852,4.5,444,1
JNHHIF32Ltfi9Qkg07ggiQ,Downtown Books,,32 Boylston St,Boston,,02116,42.3484,-71.0737,2.5,5,0
JNj78qcViGmoC-kreG8WZA,Brandy Melville,,351 Newbury St,Boston,,02115,42.3483,-71.0868,3.0,45,1
JNl25C_JT1Wo6v2hXPptbw,Back Bay Florist,,90 Massachusetts Ave,Boston,,02115,42.3486,-71.0882,4.5,53,1
jNwjyczufoa8cJ3O3i-N7w,Starbucks,,2 Atlantic Ave,Boston,,02110,42.3639,-71.0507,3.5,55,1
JNx0DlfndRurT-8KhSym7g,Salumeria Italiana,,151 Richmond St,Boston,,02109,42.3635,-71.0544,4.5,169,1
JO1aGVtB0TYtunc4Km_-Dg,Koy,,16 North St,Boston,,02109,42.3606,-71.0563,4.0,523,1
joA7OEK0JqjRT3Qx7c9r-w,Wai Wai Restaurant,,26 Oxford St,Boston,,02111,42.3517,-71.0603,3.5,250,1
joGZyiFjaFsHJftUEoj8PA,Kennedy Brothers Physical Therapy,,45 Franklin Street,Boston,,02110,42.3555,-71.059,3.5,22,1
joOkAQ7A1lV1YVvnB-3aNg,Winn Cleaners,,15 Myrtle St,Boston,,02114,42.3595,-71.0652,2.5,8,1
jOQKykiP-ySvY9r7jkVIOA,Tesla Motors,,888 Boylston St,Boston,,02199,42.3484,-71.0837,4.5,6,1
joTO5k6ZWM_-VwC1kuGkoA,Bruce Lott - National Brand Furniture Assembly,,,Boston,,02072,42.1229,-71.1092,5.0,36,1
JoygPx7-luRucKGtik8pWw,Blake's,,276 Friend St,Boston,,02114,42.3647,-71.0616,3.5,20,1
JP559rGI-KvDoVbksoYJaA,Banana Republic,,100 Huntington Ave,Boston,,02116,42.3471,-71.0774,3.5,35,1
JpedUNCSeNPQDEjX76Nm7w,Lucia Galleria Cleaners,,139 Emerson St,Boston,,02127,42.3354,-71.0395,2.5,5,0
jpLd9_doF1DRGaiv8s87Kw,One India Street Apartments,,1 India St,Boston,,02109,42.3589,-71.0542,5.0,8,1
jpZIjI-K0fGg5ztx0JYM5Q,North of the Border Mexican Grill,,5272 Washington St,Boston,,02132,42.2592,-71.1593,4.5,26,0
jq3HPvAjXkk94Jeku9bfpA,Food Pak Express,,120 Southampton St,Boston,,02118,42.3322,-71.0682,3.0,9,1
jqeMskBSC3Vf2dgQqkMhbA,New England Sports Network,,70 Brookline Ave,Boston,,02215,42.347,-71.0987,3.0,18,1
JQOLFqRoBed8Dvmy2cjaRg,King's Chapel,,58 Tremont St,Boston,,02108,42.3582,-71.0599,4.0,39,1
jqQW1mGfq4cNg1ZbIJG4cw,sweetgreen,,47 Northern Ave,Boston,,02210,42.3532,-71.0467,2.5,27,1
JR_j7uaPhC80NEN-w8B9zA,Citizens Bank,,426 Boylston St,Boston,,02116,42.3511,-71.0728,2.0,6,1
jRC4DIUDNFR9C1KstJEkzg,Faxon Green,,125 Newbury St,Boston,,02116,42.3514,-71.0766,3.5,5,1
jrmvJb674XPvrUJndopavQ,Six West,,6 W Broadway,Boston,,02127,42.3432,-71.057,3.0,80,1
jRMZSKOmal3GFmb3KHJx2A,Dependable Cleaners,,110 Newbury Street,Boston,,02116,42.3513,-71.0757,2.5,55,1
jRsIqCkaaMXuY2adFOT8Ug,South End Open Market,,375 Harrison Ave,Boston,,02118,42.3445,-71.0649,4.0,226,0
js2DppdQ3XHLQRj5NCS3dA,ALEX AND ANI,,115 Newbury St,Boston,,02116,42.3516,-71.0762,2.5,53,1
js4H9rhvAHskTfXT1eopxg,Turtle,,619 Tremont St,Boston,,02118,42.3428,-71.0744,4.0,16,0
Js7fEDlu2BVlUhyLDmMkDg,The Boston Bed Company,,1113 Commonwealth Ave,Boston,,02215,42.3518,-71.1258,4.0,72,1
JSN-J603oXg5LMJ3kqrXpg,The Kitchen Cafe,,104 South St,Boston,,02111,42.3511,-71.0571,4.5,113,1
jsSxOOF1LGdJQW5wIILs2Q,Landscape Express,,415 American Legion Hwy,Boston,,02131,42.2905,-71.1001,3.5,11,1
JsxkzvJAXOrOwlcOksIc3Q,Boston Wine Tours,,30 Rowes Wharf,Boston,,02110,42.3569,-71.0503,4.5,7,1
JT_VWy1NFVyzAkcxs2HfDw,Sorriso Trattoria,,107 South St,Boston,,02111,42.3515,-71.0575,3.5,98,0
jTcF5maz6DmZXbQSV9I58g,Seaport Dental,,451 D St,Boston,,02210,42.3452,-71.0422,3.5,75,1
JtdY9HX1_iKFPOLRFV2BmA,Faneuil Hall,,0 Faneuil Hall Sq,Boston,,02109,42.36,-71.0561,4.0,106,1
JTLjBASLFkMyoZITPNNsng,BarLola Tapas Lounge,,160 Commonwealth Ave,Boston,,02116,42.3513,-71.0786,3.5,319,0
JTOCgMeRIXUo_2oMcTcd2w,rag & bone,,111 Newbury St,Boston,,02116,42.3516,-71.0762,4.5,11,1
jTON0C2ni-8H74PpC847sg,Express,,800 Boylston St,Boston,,02199,42.347,-71.0804,4.0,16,0
JTr4WuCjSO5KsEG88EtrPA,Starbucks,,147-151 Massachusetts Ave,Boston,,02115,42.3467,-71.0876,3.0,30,1
Ju-1iuaZeD9UwWYPIq7Iyw,J. Pace & Sons,,42 Cross St,Boston,,02113,42.3632,-71.0568,4.0,29,0
JuazK6EQQP0y_ALwcXUOFg,Newbury Tailoring,,324B Newbury St,Boston,,02115,42.3485,-71.0861,4.0,135,1
jUbaUFzJro8GCWbPT_BPlw,Lainey Younkin Nutrition,,12 Clarendon St,Boston,,02116,42.3446,-71.0725,5.0,10,1
jUbGZEfPy9-_DHASPFBTYw,Elizabeth Bain - Commonwealth Standard Realty,,376 W Broadway,Boston,,02127,42.3378,-71.0488,5.0,15,1
JUCMRtkJoidc3bYbjKKu-g,Twilight Hair Salon,,849 Beacon St,Boston,,02215,42.3468,-71.1035,4.5,118,1
judnufP6_vpYsPzXc-z0bg,Berklee College of Music,,1140 Boylston St,Boston,,02215,42.3468,-71.0871,3.0,25,1
JufIoxpAk8wda0zk2zkSjw,Glamorous Nails,,1605 Tremont St,Boston,,02120,42.3337,-71.1027,3.5,7,0
JUJRojnB3G8yO4myb6UOIw,Craft Beer Cellar Fort Point,,34 Farnsworth St,Boston,,02210,42.3519,-71.0481,4.5,7,0
Juk6ZDuO1ERb3c9lT2gw8w,Il Panino Express,,264 Hanover St,Boston,,02113,42.3637,-71.0548,4.0,112,0
JUP70fuX5kZ-Z0_lTerCgw,La Pastaria,,Faneuil Hall Marketplace,Boston,,02109,42.3672,-71.0582,3.0,12,0
JuTlOfaUDnqnNEG8QYnYrw,Area Four - Boston,,264 E Berkeley St,Boston,,02118,42.3433,-71.0631,4.0,206,1
jV8-HV1T5DYw2-_KUiXTZA,Water Street Associates,,117 Water St,Boston,,02109,42.3582,-71.0546,5.0,8,1
jVAH3NlFZtRN6hDrWKn39g,Revolution Fitness,,209 Columbus Ave,Boston,,02116,42.3485,-71.0723,4.5,28,0
JVAvcYJKBkG15q2YVL-5pg,Pat's Auto Repair,,8 W Bellflower St,Boston,,02125,42.3248,-71.06,4.5,35,0
JvfOoNo0dTQSCQJiAcSYrg,Firestone & Parson Jewelers,,30 Newbury St,Boston,,02116,42.352,-71.0726,5.0,8,1
Jvpsf1kV81R2DlX_m7pP1Q,Social Boston Sports,,,Boston,,02112,42.3604,-71.06,3.5,41,1
JvpXIOgSCVDQ-JoFCaDsvQ,La Verdad,,1 Lansdowne St,Boston,,02215,42.3472,-71.0944,3.0,342,0
jw_NGZz281pnD4tAGopq_w,Viva Burrito,,66 Staniford St,Boston,,02114,42.3632,-71.0644,3.5,283,1
jw-Zzp7SoII2m7VddqbKsA,Sin Hair Studio,,667A Tremont St,Boston,,02118,42.3419,-71.0759,3.5,45,0
jwBlfF7lrriRAvWenjWm5w,Prudential MBTA E Line T Station,,800 Boylston St,Boston,,02116,42.3483,-71.0825,2.5,6,1
jWfgE0bJOhw4Qb09N0XS9w,Domenic J Basile & Global Auto,,1115 Washington St,Boston,,02118,42.3444,-71.0662,3.5,54,1
JwJa6nY_wlZEjagVleWQ-Q,Cheers,,84 Beacon St,Boston,,02108,42.3559,-71.0712,3.5,965,1
JWkkgWLznuA9NwcFjMsT4A,South End Dental Arts,,544 Tremont St,Boston,,02116,42.3441,-71.071,4.5,37,1
JWMIQpVC835GMc3b4ZiYsQ,Banq,,1375 Washington St,Boston,,02118,42.3415,-71.0695,3.5,102,0
jwPxtHIR-WARv22HQh_GSQ,Boston Brewin Coffee,,45 Bromfield St,Boston,,02108,42.357,-71.0605,4.5,159,0
JWY1ViE302KoVdhu_0Ry1Q,Americano Espresso Bar,,155 Meridian St,Boston,,02128,42.3738,-71.0389,4.0,49,1
JX8z_4daLZFoeju7cccS-w,Avery Bar,,10 Avery Street,Boston,,02111,42.3531,-71.0633,3.5,38,1
JxbOGlEG79PndDsKZ2uZvw,Fort Hill Barber Shop,,160 Federal St,Boston,,02110,42.3543,-71.0559,4.5,15,1
JXC2vjO6A5Q3CKwALtOoxw,South End Frames,,105-107 E Berkeley St,Boston,,02118,42.3437,-71.0656,4.5,8,1
jy_XPyiSrq0oRkqI830lyQ,Indulge India Food truck,,,Boston,,02112,42.36,-71.06,4.0,32,1
jy1h7IhXrp6KVvgM2Z0law,Shawarma Falafel,,26 Province St,Boston,,02108,42.357,-71.0598,4.5,433,1
Jy8RVJLwEL77BdLFMRyyUw,One Greenway,,99 Kneeland St,Boston,,02111,42.35,-71.06,4.0,32,1
JYm5HAsF8Tl4zqowSXFbsg,Lilian's Smoking Rack Barbecue,,105-113 Belvidere St,Boston,,02115,42.3457,-71.0827,3.5,5,0
JYnckW6Y9CcGJrsUPnad0A,The Skinny Beet,,,Boston,,02108,42.3549,-71.0661,5.0,18,1
JYq4cDBeLDNd7MvYI7Gw7g,Tango,,175 Cambridge St,Boston,,02114,42.3614,-71.066,4.0,7,0
JyR-FFTeNW_QWCeeu8LJyg,Bon Me,,Purchase St High St,Boston,,02110,42.3567,-71.0515,4.0,62,1
JYs-QwIKL4EYPF7Gb4Do9A,T-Mobile,,243 Washington St,Boston,,02108,42.3579,-71.0581,2.0,7,0
jYsDyARh2nf4p1eH0nlvYw,Bait to Plate,,1504 Dorchester Ave,Boston,,02122,42.2994,-71.0601,3.5,24,1
jYuiQNgI1ax_Za4FgOTWhg,Jeffrey Chubb - Chubb Realty,,738 East Broadway,Boston,,02127,42.3358,-71.0358,4.5,9,1
Jz4pheZ6m8eYV4EYzb_jeQ,Stix Restaurant & Lounge,,35 Stanhope St,Boston,,02116,42.3485,-71.0731,3.0,79,0
jZBhw30QecAQNDtpMTSwkA,Freedom Tail,,,Boston,,02116,42.3491,-71.0832,5.0,25,1
JzDDIVlTLnK8N09T5CCMSw,Weggie's Pub,,162 Lincoln St,Boston,,02111,42.3508,-71.0585,4.5,12,0
JzFweQSjdivBYiLA96UF5Q,Connolly's Pub,,1 Hotel Dr,Boston,,02128,42.3674,-71.0234,2.5,117,1
JZUTavw4SsZ-iiExULq1_g,Lobstah On A Roll,,254 Newbury St,Boston,,02116,42.3493,-71.0827,4.0,45,1
JzW-uJwi7cGd0c_VS8wvBQ,Ristorante Saraceno,,286 Hanover St,Boston,,02113,42.364,-71.0545,3.5,483,1
K_a9DWDH2KMsf4WRqWnvxw,Cakeology,,45 Province St,Boston,,02101,42.3569,-71.0601,4.0,157,0
k_dHEXj-2p47m28-_aOQRw,Jacob Realty,,279 Newbury St,Boston,,02116,42.3493,-71.084,2.5,59,1
K_y4KKO9BbFKezHHYWHx-A,The King Restaurant,,1894 Centre St,Boston,,02132,42.2854,-71.1559,3.5,7,0
K-6xlQt-O0QSs6YiEvdq-g,Guilt,,275 Tremont St,Boston,,02116,42.3501,-71.0654,3.0,32,1
K-m1RoiwDRAj659ps4SiIw,BoltBus,,700 Atlantic Ave.,Boston,,02110,42.3519,-71.0552,2.0,21,1
k-m26AN9P2nG5yEcDOMPCA,Mayhew Wine Shop,,20 Melcher St,Boston,,02210,42.3499,-71.0505,5.0,9,1
k0i2aCjPRLd2Oqz6MDholQ,The Paint Bar,,248 Newbury St,Boston,,02116,42.3493,-71.0825,4.5,43,0
K0KyYKL8JSw-gvqjhZVXFw,New England Historic Genealogical Society,,101 Newbury St,Boston,,02116,42.3517,-71.0754,4.5,6,1
K0Yo5BDWPTFfWwGA0k8OcA,Grass Roots Deli,,183 Devonshire St,Boston,,02110,42.356,-71.0574,4.5,11,0
K1ulLDuLcMrFnMY05euD5A,Brooks Brothers,,75 State Street,Boston,,02109,42.3586,-71.055,3.5,19,1
K1wwqd6ZSTOKxkmZ-6VV6g,Dig,,557 Boylston St,Boston,,02116,42.3506,-71.0761,4.0,488,1
k28Xd9GUwolRI_h1OV0HAg,Kimpton Nine Zero Hotel,,90 Tremont St,Boston,,02108,42.3578,-71.0606,4.0,336,1
k2eoDAxKdmcJHcoALTU7fg,A1 Grill & Pizza,,2350 Washington St,Boston,,02119,42.3294,-71.0847,1.5,14,1
K2LSEKufRb-zYFS52Vk_Iw,Old South Church,,645 Boylston St,Boston,,02228,42.3501,-71.0779,4.5,22,1
K2Qb52ztB0tsUld9UJdMzA,East Coast Alpine,,860 Commonwealth Ave,Boston,,02215,42.3507,-71.114,3.0,36,0
K2rKScRu_tHSXwDsKEgp6g,M & S Auto Body,,150 Freeport St,Boston,,02122,42.3047,-71.0563,5.0,48,1
k2WHkTntti49DrasMPAwzg,Roxanne’s,,6B Beacon St,Boston,,02108,42.3581,-71.0614,4.0,51,1
k3cdE3HcJo1S7VseRC287g,Sunny Laundromat,,1460 Tremont St,Boston,,02120,42.3317,-71.0976,4.0,8,1
K4iWZxydgK-dRRJvEZaG4g,Kaplan Test Prep,,1 Congress St,Boston,,02114,42.3626,-71.0592,3.0,12,1
K4mvf93nB7G-CRl4YX7H2Q,Sequoia Speech & Language,,,Boston,,02129,42.3852,-71.0706,5.0,5,1
k4Q1BQgIHRRpjgTDQ43R9Q,Cabot & Company Real Estate,,213 Newbury St,Boston,,02116,42.3502,-71.0812,4.0,29,1
K5-UUZDd4Aw3jGBhWzmRbw,Dental Arts of Boston,,26 Marlborough St,Boston,,02116,42.354,-71.0735,4.0,15,1
k5buhbuehc4XW4jeyixZ7w,The Red Room @ Cafe 939,,939 Boylston St,Boston,,02115,42.3482,-71.085,3.5,39,1
K5hoBpUEYgwMPHtHwRDTeg,Wahlburgers,,300 Terminal Dr,Boston,,02128,42.3696,-71.0198,3.0,488,1
k5ld34AiaHbKQAGCjCN-cw,Kim Navy Salon and Nail,,78 Canal St,Boston,,02114,42.364,-71.0595,3.5,22,1
K676uk86gZfTBbXw9TvbMw,Trophy Room,,26 Chandler St,Boston,,02116,42.347,-71.0711,3.5,187,1
k6tH2e2YlChO3rHe6E1OIA,Bangkok City,,167 Massachusetts Ave,Boston,,02115,42.346,-71.0875,4.0,127,0
K7fKprF5hphkIliwmx8djg,ZONE5,,3 Hancock St,Boston,,02114,42.361,-71.0646,4.5,25,1
K7jF_DHzb6MtGN9vj7zbPg,Cobblestone Cafe,,227 Hanover St,Boston,,02113,42.3629,-71.0553,3.0,113,0
k7W_o3LpZaxMPWphXGS1MA,Quotes Cafe,,200 Massachusetts Ave,Boston,,02228,42.3452,-71.0867,4.0,9,0
K7xssNMbPhBXWvI2g2JNmg,Big Dog Barber Shop,,50 Leo M,Boston,,02135,42.3601,-71.1465,5.0,8,0
k8IzeurGHuScK2FmCSMi3Q,Leather World,,4 Park Plz,Boston,,02116,42.3523,-71.067,4.5,6,0
k9c4rzoqszxZeyqziwr7Xw,Tribe Nightclub @ FELT,,533 Washington St,Boston,,02111,42.354,-71.062,3.0,5,0
K9emsEkYzVI0mQ5XLuOtJg,Boston Fenway Inn,,12 Hemenway St,Boston,,02115,42.3465,-71.0891,2.5,6,1
k9V8kSBcr7YUB5SDL6zJig,Hanover Dry Cleaners,,306 Hanover St,Boston,,02113,42.3643,-71.0541,4.5,27,1
kA0iFmNF_Io_BCs5MhYQMQ,Boston Sports Clubs,,695 Atlantic Ave,Boston,,02111,42.3516,-71.0563,2.0,88,0
kA0OFWYccMzCtnYO4ufVMA,Assaggio,,29 Prince St,Boston,,02113,42.3648,-71.0543,3.5,212,0
ka3rK6XgiheE1udUR-tupw,Jamaica Mi Hungry,,225 Centre St,Boston,,02130,42.3231,-71.0988,4.5,49,1
Ka6DgN9xdv7u2dUi206HdQ,Tilted Kilt Pub,,96 Brookline Ave,Boston,,02215,42.3463,-71.0994,2.0,39,0
kaDPDgrwblwBRK_PWXRFzg,UBurger,,16 North St,Boston,,02109,42.3606,-71.0564,3.5,26,0
kAFRR5tmi3RI8-XfLpNi5Q,Legal Test Kitchen,,1 Harborside Dr,Boston,,02128,42.3647,-71.0223,3.5,332,1
kaGxq1AW_1PyVG8RBlsAMA,Sam's Cafe at Cheers,,1 Faneuil Hall Market Plaza,Boston,,02228,42.3583,-71.0603,2.0,8,0
kAJDlVt0ImmP-LO4nmYmsw,Maluken Japanese Restaurant,,645 Beacon St,Boston,,02215,42.3484,-71.0978,3.0,103,0
kAkz44gZ2Z7rtSAG0mRTWA,Registry of Motor Vehicles,,630 Washington St,Boston,,02111,42.3606,-71.0592,2.5,87,0
kAPwDnOnomGjN9WCMd5bNQ,Lovepop Cards,,4 South Market Building,Boston,,02109,42.3601,-71.0549,4.0,7,1
kAUuL27NnF1brjHFONn-NA,Boston's Baddest Burger & Sandwich,,,Boston,,02111,42.3515,-71.0602,3.0,52,1
KAYFPglDQCXUpVc7wgezng,Ride North End,,89 Salem St,Boston,,02113,42.3637,-71.0556,4.5,64,1
KAyX9k6eaKrNigFGgwqm6g,Brandy Pete's,,267 Franklin St,Boston,,02110,42.3565,-71.0532,3.5,75,1
kb0VfKZKHHhvDze3JZqi0Q,Q Restaurant,,660 Washington St,Boston,,02111,42.3517,-71.0626,4.0,1054,1
kBG23aYDEP2VO9kpL0xFFQ,The Pawsitive Dog,,274 Southampton St,Boston,,02118,42.3315,-71.0636,4.5,55,1
KBIi_ZluF8pkNxVw8ZuTmw,Artifaktori Vintage,,121 Charles St,Boston,,02114,42.3597,-71.0708,3.5,5,0
KbLm8n_ikUMkdx3Lz17u7A,Rondo's Sub Shop,,134 W Broadway,Boston,,02127,42.341,-71.054,4.5,109,1
kBUw7fb9oq3GVLH3K6DiCg,Blended Hair,,160 Salem St,Boston,,02113,42.3659,-71.0552,5.0,8,1
kBwyfAdot5um4bjKdowdOw,Sushi Today,,1562 Tremont St,Boston,,02120,42.3329,-71.1017,4.0,39,1
KCc8OPpmgf_H6Fqp6PESnw,The Hideout,,340 Faneuil Hall Market Pl,Boston,,02109,42.3604,-71.055,3.0,25,0
kCHc6hWXnecKyxVl1QrYmw,Whipped Urban Dessert Lab,,,Boston,,02118,42.3378,-71.0706,5.0,13,1
kCHL2l8rT2FWxmKdtmIktA,Foodie's Urban Market,,1421 Washington St,Boston,,02118,42.341,-71.0707,3.5,141,1
KcHqZ_IQMHhrL0y9PakxJA,Habibi's Lounge,,1217A Commonwealth Ave,Boston,,02134,42.3508,-71.1309,3.5,146,1
kCJjrjmuNzREoLajbxMxXA,Boloco,,125 Pearl St,Boston,,02110,42.3549,-71.0539,3.5,19,0
KCo0vYrlkSsyyLDj0S_AoQ,Bath & Body Works,,425 Washington St,Boston,,02108,42.3556,-71.0606,3.0,27,0
KcpH8Ellw1lqY6cUhsIC_g,City Smoke Shop,,167 Newbury St,Boston,,02116,42.3508,-71.0789,3.5,17,1
KCrJaRlQzu57Xa1YrHpT1w,Focus On Boston,,30 Rowes Wharf,Boston,,02110,42.3569,-71.0503,3.0,8,1
KCSfhKB6sgIkqKqSOo5lDw,MUJI Newbury Street,,359 Newbury St,Boston,,02115,42.3484,-71.0878,4.0,52,1
KCU9Sc7l5qsr_eD7JU4wKQ,Equinox Franklin Street,,225 Franklin St,Boston,,02110,42.356,-71.0546,3.5,69,1
kCV-HKlQRdhAj8HNqGOnHg,Bangkok Pinto,,1041 Tremont St,Boston,,02120,42.3366,-71.0858,4.0,109,1
kdCkzxcRNedxLX2CYJdDnw,Beauty Nails,,978 Saratoga St,Boston,,02128,42.387,-71.0074,3.0,43,1
KdfxJFeS6-TOLyCMw9tsXg,Smashburger,,545 Boylston St,Boston,,02116,42.3508,-71.0759,4.0,11,1
KDg0ABfKV3fEBvI8jjs5Gg,Truly Jorg's Patisserie,,514 Commonwealth Ave,Boston,,02228,42.3488,-71.0954,4.0,21,0
KDueokDDQyM63bJWqW4cdw,B.GOOD,,665 Boylston St,Boston,,02116,42.35,-71.0787,3.5,137,1
KdvimntDoI7lw0C6S5s_Ow,Minuteman Health,,38 Chauncy St,Boston,,02111,42.3539,-71.0597,1.5,8,1
Ke3_d3YNQxlAo8Fg3WSE2Q,Jaho Coffee & Tea,,1651 Washington St,Boston,,02118,42.3379,-71.0755,3.5,207,1
KeC3GrFHGRl-vRT8LIuB3g,GrandTen Distilling,,383 Dorchester Ave,Boston,,02127,42.3351,-71.0572,5.0,103,1
KeE2DhGPRl8jMUvK_fs8MQ,Apple Salon,,100 Spring St,Boston,,02132,42.2768,-71.1649,4.5,14,1
KEm-oZfQ0Fe9qTie0hD__Q,Starbucks,,7 Allstate Rd,Boston,,02125,42.3289,-71.0629,2.0,19,1
KENZN5yZDjVQtKzwJ5gD6Q,Gyro City,,88 Peterborough St,Boston,,02215,42.3432,-71.099,4.0,336,1
kEu0XqDrQNbzkBF8BZta3w,Sibling Rivalry,,525 Tremont St,Boston,,02116,42.3449,-71.0702,3.0,472,0
kevWSC5CcRcJtZlItojLnA,Coach Run,,56 Bedford St,Boston,,02111,42.3536,-71.0598,2.0,70,1
KF4YhV0u3WHCwfpujDzFiA,The Inn at Longwood Medical,,342 Longwood Ave,Boston,,02115,42.3382,-71.1064,2.5,74,1
kF9_wgRGKstaV-F6vUjurQ,Au Bon Pain,,One Design Ctr,Boston,,02228,42.3442,-71.0328,3.0,7,0
KfaVsYFXh3MtdkW8zu27uQ,Fenway Triangle,,180 Brookline Ave,Boston,,02215,42.3443,-71.1009,2.0,28,1
kfn7a_cgEXlM2oKzlMpt3Q,TOMB presented by 5 Wits,,186 Brookline Ave,Boston,,02215,42.344,-71.1018,3.0,33,0
KFtm0QzXPHm3kxlvdEkreQ,Asian BBQ and Grill,,48 Winter St,Boston,,02108,42.3561,-71.0619,3.5,5,0
KFVgWwwGgepVeR6tDs3yfQ,East Ocean City,,27 Beach St,Boston,,02111,42.3512,-71.0618,3.0,175,0
KgG_7y074JK8T4ZSkqVR7Q,Athena Salon And Spa,,425 Boylston St,Boston,,02116,42.3515,-71.0724,3.0,211,0
KGhpHI9HszKBYO2RcKys0w,Berkeley Cleaners,,150 Huntington Ave,Boston,,02115,42.3445,-71.0824,4.0,15,1
kgJtZ5x2AIQp9o93C2mHNQ,68 Chinese,,48 Winter St,Boston,,02108,42.3561,-71.0618,4.0,44,0
KGMH410fxsBUbQS5jZf7SQ,Crush Boutique,,264 Newbury St,Boston,,02116,42.3492,-71.0831,4.0,9,1
kGZZ1q39IkHaFIK511J06w,Gable Realty Trust,,197 Portland St 6th Fl,Boston,,02114,42.3645,-71.0617,1.0,10,0
KH1cUA0LC9ASTsh1emUz0g,Paul Robert Berman Photography,,,Boston,,02108,42.3549,-71.0661,5.0,49,1
KhHe6QKYXxIwiua3pg_lzQ,Metro Cafe,,332 Congress St,Boston,,02210,42.3512,-71.0491,3.5,89,1
kHNsPIcUbM-GtvGKzr0nhQ,Fill-A-Buster,,142 Bowdoin St,Boston,,02108,42.3585,-71.0627,4.0,99,1
khu83o__gAW1wlaWPk4Rww,Luxury Residential Group,,355 Boylston St,Boston,,02116,42.352,-71.0715,4.0,6,1
khWm9NG09-wJM2jWjkS74A,7-Eleven,,252 W Newton St,Boston,,02116,42.3448,-71.0812,2.0,23,1
KI6tobehgMlmwBoOxnl1gQ,Casa Ca?a,,1234 Soldiers Field Rd,Boston,,02135,42.3637,-71.1364,3.5,81,1
KiDZty4I5GNBDBQM5QjIOA,Brad Duncan Skin Care,,530 Tremont St,Boston,,02116,42.3446,-71.0701,4.5,39,1
kiEx6SbKY69fgDF-KVpEWA,Casarecce,,285 Hanover St,Boston,,02113,42.3638,-71.0547,4.0,92,1
kig4EIchvqv1oBX1mf1e5w,Pioneer Goods Co,,764 Tremont St,Boston,,02118,42.3397,-71.0794,5.0,8,0
kIT-TUI9ox8ekknuCpLfYQ,Chutney's,,350 Longwood Ave,Boston,,02115,42.3386,-71.1072,3.5,38,1
KJ3F0KYJodaM90VQygo_sw,Sullivan Tire & Auto Service,,950 Commonwealth Ave,Boston,,02215,42.3512,-71.1187,3.5,127,1
kJ4uq5i0K_zWYw_UAhfyfQ,Lindt Chocolate Shop,,704 Boylston Street,Boston,,02116,42.3494,-71.0796,3.5,51,1
Kj86_bZQdvCewkeC5UhLLQ,California Nails,,9 Central Sq,Boston,,02128,42.3742,-71.0395,2.0,14,0
kJKGsu84ZqB3bGwwopiwBg,West Square Apartments,,320 D St,Boston,,02127,42.3406,-71.0493,3.0,7,0
kJLqFRvnGbLNjGE_6v6CQQ,Dog Eat Cake,,298 Columbus Ave,Boston,,02116,42.3466,-71.0741,5.0,9,1
kJN6CtKtPJrm9SZZrH6ZrQ,BeanTowne Coffee House,,99 Kneeland St,Boston,,02111,42.35,-71.0601,3.5,8,0
kJRZuKXMY3pqfunLCzEG7Q,Au Bon Pain,,75 Federal St,Boston,,02110,42.3551,-71.0567,3.0,6,0
Kke51MpG22tAFmXkJm-sHA,Dino's,,141 Salem St,Boston,,02113,42.3651,-71.0554,4.0,403,1
kKn9cgdoFgbIE6jZvwQZFw,Primark,,10 Summer St,Boston,,02110,42.3555,-71.0599,3.5,271,1
kKq4KxuZ46QVXcMmkhSyUg,Cocobeet,,100 City Hall Plz,Boston,,02108,42.3596,-71.0587,4.5,240,1
kkws4OhTOoo4i3ArL3HzSQ,Feng Shui Sushi & Dumplings,,1926 Beacon St,Boston,,02135,42.3364,-71.1497,3.5,73,0
kkYhY-ltr7u5o8hTLhGu6g,Nichols House Museum,,55 Mount Vernon St,Boston,,02108,42.3585,-71.0659,4.5,6,1
KL6r3yeF_Jz9rKPoDvfp4A,Mirror Image Mobile Detailing,,259 Broad St,Boston,,02118,42.3388,-71.0703,4.0,44,1
KLJhz1849crCPzenLY-jmA,Ashasie Nails & Spa,,445 Hanover St,Boston,,02113,42.3662,-71.0526,3.5,38,0
KLQgacr9BppsQRhGi0bLag,Figaro's Barbershop,,346 W Broadway,Boston,,02127,42.3383,-71.0497,3.5,21,1
KLWYXM5mrxuINHvZXDA8rA,vinodivino,,175 Cambridge St,Boston,,02114,42.3615,-71.0657,4.5,8,1
km0pPkbvyykGjTGPOKO4sw,Descent,,100 Stuart St,Boston,,02116,42.351,-71.0659,2.5,13,0
Km1U85fImZZkvFKHLTdK9g,Dockside Restaurant & Bar,,183 State St Lbby,Boston,,02109,42.3601,-71.0589,2.0,5,0
kM6nMBQYaJlaDK2xorBV1A,Shaking Crab - Boston Common,,140 Boylston St,Boston,,02116,42.3523,-71.0662,3.5,131,1
KMKjY98dBT7Pwmh_32jgxA,Boston Chocolate School & Tours,,,Boston,,02115,42.3399,-71.0899,3.5,54,1
KmOBQdXpS2TRsGIVsUJdOw,Teatro,,177 Tremont St,Boston,,02111,42.353,-71.0641,4.0,562,1
KMxPizVCvRSVzZuIl7e5Eg,South End Fitness Center,,785 Albany Street,Boston,,02118,42.3343,-71.0756,4.0,14,1
kn6pVnfsJ-_fHHbUpE9Thw,Beaupix,,15 Channel Center St,Boston,,02210,42.3457,-71.0511,5.0,49,1
KNBV3MXN9FXLZbQRVdkWVQ,Coco Baby,,1636 Washington St,Boston,,02118,42.338,-71.0746,4.0,12,0
knl34uA0PgHds2A2zsqCDw,Sarni Cleaners,,4 Avery St,Boston,,02111,42.3534,-71.0626,1.0,5,0
KnMaAz9nIPY6rn2xy1Srew,Professional Physical Therapy,,10 High St,Boston,,02110,42.3535,-71.0567,4.5,20,1
kNXBd_SW0ij7u3UrjCdPcA,New York Pizza -Boston,,224 Tremont St,Boston,,02116,42.3515,-71.0646,3.0,268,1
kOAw7z-GdwZOdcMja2PeBg,Prudential Center,,800 Boylston St,Boston,,02199,42.3474,-71.0825,3.5,249,1
KolJLfvwF79EtDDByvOt9A,Neponset Tailoring & DryCleaning,,174 Neponset Ave,Boston,,02122,42.2928,-71.0505,3.5,10,1
kOqVXdqRzWIEK7XiQWxmJQ,Corner Tavern,,421 Marlborough St,Boston,,02115,42.3502,-71.0894,4.0,254,1
kOVWgNZleSmbuLHiO5MDzg,Gamestop,,40 Winter St,Boston,,02108,42.3559,-71.0617,2.5,35,1
kozOEV-z3f4PoRJApznKVQ,Robeks Fruit Smoothies,,1 International Pl,Boston,,02110,42.3561,-71.0527,4.0,15,0
kP1b-7BO_VhWk_0tvuA_tw,Carmelina's,,307 Hanover St,Boston,,02113,42.3639,-71.0541,4.5,2250,1
KP3kS9KjhVgp07m87S8EeQ,X Movers,,317 Summit Ave,Boston,,02135,42.3447,-71.1493,5.0,37,1
Kp9EiG8PxaxxNHy-EFuRQQ,East Side Hair Salon,,92 P St,Boston,,02127,42.335,-71.027,5.0,8,1
kpBIXY-BX0Uv5WPq-zmBBg,Egleston Farmer's Market,,29 Germania St,Boston,,02130,42.3145,-71.1036,5.0,9,1
KPGYyXhEeRWgjp64UTLS1A,Army Barracks,,173 Massachusetts Ave,Boston,,02115,42.3458,-71.0872,3.5,34,0
KPj5nn4fB8FCIJB-K0pC_A,US Post Office,,800 Boylston St Lbby,Boston,,02199,42.3473,-71.0819,3.0,20,1
KplzNq83biN7bkjbJ6byOg,Boston Realty Works,,252 Newbury St,Boston,,02116,42.3493,-71.0827,1.5,14,1
kpRdzCeET91J2P9HK86U2w,Urban Paw Print,,,Boston,,02108,42.3549,-71.0661,5.0,18,1
kpVL9O55Ed5dlRVirPOgdQ,Spine & Sports Injury Center,,209 Columbus Ave,Boston,,02116,42.3488,-71.0757,5.0,24,1
kPx3jS8sfMRP1t0Zg_ZfDA,Dora Taqueria,,112 Stoughton St,Boston,,02125,42.3155,-71.0613,4.0,20,1
kpZNGML70mjixqrTIAYMYA,The Tech Center,,44 Winter St,Boston,,02108,42.356,-71.0618,3.0,5,0
Kq91qxflNkJyktVYD25V6w,CVS Pharmacy,,191 Cambridge Street,Boston,,02114,42.3622,-71.0663,3.0,22,1
kQaZuntuBqxYF4I56vLTbQ,Jc Smoothies,,100 Huntington Ave,Boston,,02116,42.3474,-71.0789,4.0,8,1
KqjBHjneCFBMDgx9l6FCzQ,Baptiste Power Yoga,,139 Columbus Ave,Boston,,02116,42.35,-71.0702,5.0,14,0
KQjhz70nSvasY_xg9V5UgQ,Femme Fatale Airbrush Tan,,464 Commonwealth Ave,Boston,,02215,42.3486,-71.0931,5.0,31,0
KqKRk71lLdzY567YRSJEKA,Eastern Mountain Sports,,1041 Commonwealth Ave,Boston,,02215,42.3523,-71.1224,4.0,24,0
KqsGdZgGzUYHz7Oaj1iysA,Pret A Manger,,1 State St,Boston,,02109,42.3585,-71.0576,3.5,39,0
kr-dLMWwORacgu_5pTyZ1g,Lexel Moving & Storage - Boston,,16 Harcourt St,Boston,,02116,42.3461,-71.0781,4.0,24,1
Kr-ZajN5IuRnJij08-SXZg,Great Taste,,100 City Hall Plz,Boston,,02108,42.3596,-71.0587,2.5,14,1
KR0O7xKEm6rgE711HkkXTA,Fantasy Nails,,205 Massachusetts Ave,Boston,,02115,42.3444,-71.0869,2.5,35,0
kRG6W5FjxzyQvF93dKgYIw,Cindy's Nails,,296 Bennington St,Boston,,02128,42.3789,-71.0282,3.0,59,1
krGUGOtiIA8BQwe2vjllRQ,Kung Fu Tea,,334 Massachusetts Ave,Boston,,02115,42.3425,-71.0844,4.0,216,1
KrHuPVPMzvsnrNECuSrfVw,Camp No Counselors,,,Boston,,02112,42.36,-71.06,4.5,7,1
KrNcpEu2r2CyzZZ5V0-hVw,Rental Car Center,,15 Transportation Way,Boston,,02128,42.3684,-71.0302,2.0,37,1
KRnYnkZAz-KCuRlj4NkQww,Tianjin Bun House,,1095 Commonwealth Ave,Boston,,02215,42.3526,-71.1255,5.0,6,1
krOCxaxb_JRYQCG4UH-hKw,Sofia's Alteration & Cleaners,,824 Huntington Ave,Boston,,02115,42.3331,-71.1089,4.0,43,1
kRRz2goOi0tzd9TTqlifQg,Boloco,,176 Boylston St,Boston,,02116,42.3522,-71.0671,4.0,219,1
KrWh9Lhiyy2AEk10nMk-dA,HomeGoods,,350 Washington St,Boston,,02109,42.3564,-71.059,4.0,7,1
kS2KY8f5h5BOcKU9LXWxiw,The Threading Place,,121 Salem St,Boston,,02113,42.3646,-71.0555,4.0,6,0
ks388ZPoJRljZSI5dxzs4A,Champagne Hand & Nails,,649 E Broadway,Boston,,02127,42.3354,-71.0387,3.0,13,0
KsDS3iVNFThaPq_Cm0VBxg,The Sliding Door Company,,409 Harrison Ave,Boston,,02118,42.3431,-71.0653,4.0,7,1
kSHKkGDEb0eKgEICzrtVFg,Taverna Medallo,,411 Chelsea St,Boston,,02128,42.3799,-71.0269,2.5,6,1
kSlrrcb46OAV_jwIZMwfyQ,D Luxe Nail Bar,,659 E Broadway,Boston,,02127,42.3354,-71.0383,3.0,122,1
ksMh2x5jnnXwlIuy7OuqEA,Bread + Butter,,64 Cross St,Boston,,02113,42.363,-71.0561,3.5,102,0
kSOsjNcY5VdaiGsJxrzCug,FedEx Office Print & Ship Center,,211 Congress St,Boston,,02110,42.3547,-71.055,3.0,11,1
KT9hDcKlVTi15p8_AZcb7A,Broadway Lock,,313 W Broadway,Boston,,02127,42.3384,-71.0507,5.0,32,1
kTenA32qTtRfb-MYzbfXYg,Cafe Amalfi,,5 Battery Wharf,Boston,,02109,42.3665,-71.0514,4.0,37,1
kTl4jrvV9H8wz8cI9U-i-g,Luxe Pet Resort,,1220 Vfw Pkwy,Boston,,02132,42.2784,-71.1711,3.5,22,1
kTr8sgcy-ugEVvgtGJyCNQ,Boston Public Garden,,4 Charles St,Boston,,02116,42.3546,-71.0708,4.5,364,1
ktuENeEI0DuZOn18_ff-nA,Boston Red Sox,,4 Yawkey Way,Boston,,02215,42.3458,-71.0988,4.0,133,1
KU-n3GrswxL3ptUzPsdKbQ,The Glass Slipper,,22 Lagrange St,Boston,,02116,42.3515,-71.0635,2.0,68,1
kUaub9qJSxNDQR4rMCyHbA,Benny's Crepe Cafe,,Trinity Pl,Boston,,02116,42.3486,-71.0754,3.5,19,0
kUDD4KkdCkeL3Z81RfEnUQ,Pilgrim Parking,,600 Commercial St,Boston,,02113,42.3671,-71.0573,1.5,7,1
KUG1ASDIAHvPtE0eqqDYJg,Lolly's Bakery,,158 Bennington St,Boston,,02128,42.3771,-71.0334,4.0,21,1
KUOak8lCdT0Yz4y5xxqxyg,Lee's Hair Story,,143 Brighton Ave,Boston,,02134,42.3531,-71.1315,4.0,70,1
kuzkJlcc-0rAHmi2xGl6YA,Raspberry Bouquet,,219 Main St,Boston,,02129,42.3765,-71.0655,4.5,6,0
kv_TA8clRqZ0uapjuo5VlA,Blue Man Group,,74 Warrenton St,Boston,,02116,42.35,-71.0662,4.0,178,1
kv2YduXuMT0zXenst5zAnA,Bella Vista,,288 Hanover St,Boston,,02113,42.364,-71.0544,3.5,297,1
Kv3mqn3q3uDem_MY8kPULQ,Drink & Hunt,,,Boston,,02116,42.3584,-71.0598,3.5,7,0
kVbDuR1DfUm6I2baaMKAoA,Liberty Mutual Insurance,,175 Berkeley St,Boston,,02116,42.35,-71.0719,1.5,184,1
KvD8tbZh8mDet3Oo_shELg,Phillipostyle Hair Studio,,1369 Boylston St,Boston,,02215,42.344,-71.1007,3.0,69,0
kVI7NL59MPnYTx3Lg6PMTw,Aragosta Bar and Bistro,,3 Battery Wharf,Boston,,02109,42.3672,-71.0501,3.0,167,0
KvKkVKqrzFcVFWcA0zReNQ,Seaport Bar & Grille,,150 Northern Ave,Boston,,02210,42.3506,-71.0428,3.0,40,0
KvkxXlJq9f6V6PP3NxL0Sg,Ensemble,,2 Baldwin Pl,Boston,,02113,42.3634,-71.0562,3.5,10,1
kWoGp99Fj8bDTdZaVk3vzA,The Currach Bistro and Pizza,,787 Adams St,Boston,,02124,42.2833,-71.0558,4.0,17,0
kWOJnINIPu9VruVZSSoZxg,A Plus Computer Services & Sales,,176 Neponset Ave,Boston,,02122,42.2928,-71.0504,4.5,35,1
kWtNTElfL8wZQpaTs6CPlQ,Society On High,,99 High St,Boston,,02110,42.3542,-71.0548,2.5,156,1
kwv2OdmiOoFqGxlNdBMCUg,Travelex Currency Services,,745 Boylston St,Boston,,02116,42.3495,-71.0807,2.0,34,0
kWxDrzW6MfyQYc8Ob9XXCg,Max's Deli Cafe,,151 Milk St,Boston,,02109,42.3577,-71.0542,3.5,113,1
KwYyLnNqJrmTjVvg5QfxHg,Sami's Wrap N Roll,,350 Longwood Ave,Boston,,02115,42.3387,-71.1068,3.5,15,0
Kx9_M4lgu79SQ3IV0CMmUg,Billy's Sub Shop,,57 Berkeley St,Boston,,02116,42.3466,-71.0705,4.5,188,1
kx99L57dkV12JnWTuc1niw,Lobby Bar & Kitchen,,131 Broad St,Boston,,02110,42.3571,-71.052,3.0,36,0
kxGoZpP44irBwPaKt6FbvA,Lan Nail Salon,,583 Tremont St,Boston,,02118,42.3435,-71.073,3.5,113,1
KXgSYTxqC31XKzVHi7c5Dw,Boatonian,,60 Rowes Wharf,Boston,,02110,42.3638,-71.059,2.5,30,1
kxoeMtIBfIKwsp2LbmQCMQ,Michael Page International,,125 High St,Boston,,02110,42.3554,-71.0538,1.5,5,0
kxSce-ipaV5GwiN8Ntq2rg,Stoddard's Fine Food & Ale,,48 Temple Pl,Boston,,02111,42.3552,-71.0617,3.5,586,0
kXx99wWqpXPunRCvUZrq7A,Concierge Wealth Management,,346 Commercial St,Boston,,02109,42.3661,-71.0513,5.0,11,1
ky6Hx1xictmNhqEASWkZ3w,Granary Burying Ground,,120 Tremont St,Boston,,02108,42.3574,-71.0618,4.5,94,1
kY9XCLsahEruaDFkSFT1vA,American Apparel,,138 Newbury St,Boston,,02116,42.3508,-71.077,3.0,61,0
kYggOm7GZgwGL7JC8Yaadg,body + fuel,,1115 Dorchester Ave,Boston,,02125,42.3126,-71.0574,5.0,5,1
kYjjt_jgquoXCrQf4-MUZw,Casey's Towing,,46 Newmarket Sq,Boston,,02118,42.3284,-71.0659,2.0,19,1
KYqs294gqe5CbCcR3AqZnw,Boston National Historical Park,,Charlestown Navy Yard,Boston,,02455,42.36,-71.0562,4.5,17,1
KYSd1eCFQY0uCON1GXmAhQ,J's Tomodachi Sushi,,201 Massachusetts Ave,Boston,,02115,42.3448,-71.0866,3.5,51,0
kyYH4EoCop-3EuGkF5B9Gg,Tremont Family Dentistry,,951 Tremont St,Boston,,02120,42.338,-71.0835,3.5,10,1
kZ78bwrRSrI6eCQw5mziRA,Gaby Teran Beauty Salon,,72 Bennington St,Boston,,02128,42.376,-71.0364,2.5,13,1
KZEYzpFSC25cuuclg5CAnw,Hong Kong Supermarket,,1095 Commonwealth Ave,Boston,,02215,42.3524,-71.1254,3.5,349,1
KzFJhftFTgc_n9BrqYKaHA,Matt's Barber Shop,,408 Market St,Boston,,02135,42.3495,-71.153,5.0,5,1
KZrFFY36rtQ2XdsoB7bFhw,World Trade Center Boston,,164 Seaport Blvd,Boston,,02210,42.3518,-71.0403,4.0,9,1
KZSt5cGH8qqpdSai-U98Hg,Ben & Jerry’s,,83 Seaport Blvd,Boston,,02110,42.3519,-71.0464,3.5,17,1
kZtRAdoLiIXSrNOee9FvXA,Sweet Life Bakery & Cafe,,2243 Dorchester Ave,Boston,,02124,42.2735,-71.0677,3.5,206,1
kzv10dOWPwgaxCrBzVrmpA,Copley House,,239 W Newton St,Boston,,02116,42.3446,-71.0802,3.5,93,1
kZW6_koKo9NeyI_wsqK7qw,UGG,,75 Newbury St,Boston,,02116,42.352,-71.0746,2.0,32,1
KzWoGJABbaC0S2NrpTrSJg,Sovereign Bank Boston Administrative Offices,,75 State St,Boston,,02109,42.3589,-71.0557,1.5,6,0
kzwYyYFAp5OeqRnpQh0H6A,Crumbs Bake Shop,,176 Federal St,Boston,,02110,42.3536,-71.0558,3.5,128,0
L_-CZSD5aV-tl4lGgBpoBQ,Marlboro Market,,45 Massachusetts Ave,Boston,,02115,42.3499,-71.0893,3.5,54,1
l_KDFTFj36jTYDHWRoFi8g,North East of the Border,,Rose Kennedy Greenway High St,Boston,,02110,42.3555,-71.0539,4.0,46,1
L_r-8HT6vX0dx-jBZsjbxA,Sault New England,,577 Tremont St,Boston,,02118,42.3436,-71.0728,5.0,37,1
l-TZYzJ0zhpUFud0t7GpiA,Beijing Kyoto,,112 South St,Boston,,02111,42.351,-71.0574,3.0,47,0
L-udnA7bbtKiXmQV-rJ9nA,Lekker Home,,38 Wareham St,Boston,,02118,42.3395,-71.0675,3.5,46,1
L09kmWsSaXGaxKNBjW1ZcQ,Planned Parenthood - Greater Boston Health Center,,1055 Commonwealth Ave,Boston,,02215,42.3518,-71.1203,3.5,68,1
l0Qu3FGqCFGBTbhVkAzchA,Beauty Supply Supermarket,,974 Bluehill Ave,Boston,,02124,42.2906,-71.089,2.5,11,1
l1_K2eHHwffhCJhu42_SJg,FedEx Office Print & Ship Center,,10 Post Office Sq,Boston,,02109,42.3575,-71.0561,3.0,13,1
L18JM71_M4rGySy_SjoM1g,Remember Forever Photography,,,Boston,,02108,42.3549,-71.0661,3.0,22,1
L1J6M5wHq2endgo1Zr0ryw,Clean Getaway Laundry,,546 Ctr St,Boston,,02130,42.3169,-71.1133,3.0,17,1
l1Qm-zqnP8M68tvkJhvr7g,Amazing Video Store,,57 Stuart St,Boston,,02116,42.3512,-71.0643,3.5,18,0
L28Bo4-Zv43601QaWLhhnw,Jacques Amar Coiffure,,150 Huntington Ave,Boston,,02115,42.3445,-71.0824,4.0,10,1
L2PWh-7-VXdo7F5ZLsEYHA,Best Buy,,360 Newbury St,Boston,,02115,42.3483,-71.0875,2.0,12,0
l2PZibvp2R8b1zJucVpClw,Boston CityWalks,,,Boston,,02110,42.3613,-71.0483,5.0,5,1
l2RVtIUomi3leo0nFS11zg,Finale,,1 Columbus Ave,Boston,,02116,42.3515,-71.0687,3.5,602,0
L2zm50qWyTTqgdESwal6Xg,Capiz Bar,,606 Congress Street,Boston,,02210,42.3481,-71.0391,3.5,9,1
l3_zdbgLwa5c17m5f37Z6Q,Rustic Kitchen,,210 Stuart St,Boston,,02116,42.3503,-71.0675,3.5,295,0
L3aBtiVp1Tp7GDEPFwkIZg,Addis Red Sea,,544 Tremont St,Boston,,02116,42.344,-71.0711,3.5,600,0
L3k6E8bF2yIoxWMX8S1i3w,The Hungry I,,71 1/2 Charles St,Boston,,02114,42.3564,-71.0694,3.0,95,0
L3P3wktEKtaPKlO3QtHdiw,Panera Bread,,200 High St,Boston,,02110,42.3567,-71.0519,2.5,93,1
L3Vp0LhPn1DMKtGillUvgQ,Assaggio,,29 Prince St,Boston,,02113,42.3647,-71.0543,4.0,128,1
l45r09qD9iIkQn9KoKKfuw,Bistro du Midi,,272 Boylston St,Boston,,02116,42.352,-71.0695,4.0,617,1
l4iLQvlydgoGDmJt-XOveQ,Kimi Hair Studio,,1488 Dorchester Ave,Boston,,02122,42.2999,-71.0601,4.0,15,0
l4nxQLEJ4H8ceJzubEdoaQ,40 Berkeley,,40 Berkeley St,Boston,,02116,42.346,-71.0709,3.0,80,0
l4oz6u7sAO-cH2k54JnEzA,Just Thai Kitchen,,1512A Dorchester Ave,Boston,,02122,42.2991,-71.0604,4.5,18,1
l4YpEuvIm_RqNXleuDIthw,Ma Maison,,272 Cambridge St,Boston,,02114,42.361,-71.068,4.5,245,1
L59LB2woHnRhJ4py1sgbsA,Little Pecan Bistro,,296 Washington St,Boston,,02135,42.3489,-71.151,5.0,27,1
l5r5mdi099B9zwyVL-5-Lg,The White Bull Tavern,,1 Union St,Boston,,02108,42.3606,-71.0571,3.5,132,1
l5Rsyr-GucrrabwCNuGzYg,The Vitamin Shoppe,,268 Washington St,Boston,,02108,42.3577,-71.0579,3.0,8,0
l6cRA8rWiU_9hMw4UWeK2g,Unique Realty Trust,,47 Symphony Rd,Boston,,02115,42.3432,-71.0888,1.5,12,1
L6J5ladeaIL_5xZ3F0-MnQ,The Grille @ Harvard Business School,,117 Western Ave,Boston,,02134,42.3648,-71.1225,3.0,9,1
L6rV88RVGjUmq46e_B-GvA,DoggieDay Playcenter,,400 Tremont St,Boston,,02116,42.341,-71.0773,2.5,39,0
l6wHWSyUnamofjxPJzF-Og,Raven Used Books,,263 Newbury St,Boston,,02116,42.3496,-71.0834,4.5,53,0
l6Ye6vPB6ZPZbxVxMMgvPQ,Top Mix Bar & Kitchen,,257 Norfolk Ave,Boston,,02119,42.3237,-71.0681,4.0,85,1
l7sbLs9rU5pSumc3ptJvRg,The Hempest,,301 Newbury St,Boston,,02115,42.3491,-71.0854,4.0,31,1
L7tgbiUHe6gLbvbAq9CEFw,Asian Garden,,28 Harrison Ave,Boston,,02111,42.3519,-71.061,3.5,130,1
l80tXkxBH0HCtP1Al5VEOQ,Coldstone Creamery,,175 Cambridge St,Boston,,02114,42.3615,-71.0657,3.0,7,0
L87SfZmvNumrQggb3Lx2OA,98 North Salon & Day Spa,,98 N Washington St,Boston,,02114,42.3656,-71.0587,2.0,5,0
L8aCB1otTR9S5WUkxd4tBA,St Francis House,,39 Boylston St,Boston,,02116,42.3524,-71.0636,4.0,5,1
L8pbweYC0sFdbNXsFUkNew,North River Outfitter - Boston,,122 Charles St,Boston,,02114,42.3593,-71.0709,2.5,45,0
L96Dh7zT9lD9ygE-VRIvgQ,Storyville,,90 Exeter St,Boston,,02116,42.3483,-71.0787,2.5,201,0
L9hHEqNlAlFTNGc7Tkphpg,Tie Bar,,175 Newbury St,Boston,,02116,42.3507,-71.0793,5.0,13,1
L9jGI4F4DlilBU9zOpdcLw,Dunkin',,200 Seaport Blvd,Boston,,02210,42.3503,-71.042,3.0,25,1
L9jsqRBIQ8jr2Q1HcjG2MQ,Massachusetts Avenue MBTA Station - Orange Line,,Massachusetts Ave At Sw Corridor Park,Boston,,02115,42.3415,-71.0835,3.5,5,1
L9oNlZFIITooZPlNmdPL3Q,The Clean Bling,,,Boston,,02127,42.3365,-71.0349,2.0,17,1
l9t8CsE3XSwYA5PX92A-3g,Giacomo Salon,,10 Huntington Ave,Boston,,02216,42.3485,-71.0772,3.5,49,0
LaAma3B0ScryCfYk9AlYag,Tatte Bakery & Cafe,,345 Harrison Ave,Boston,,02118,42.3452,-71.0639,4.5,25,1
LaBk3vf2Bphxt-WhwfOfCA,Aloft Boston Seaport District,,401-403 D St,Boston,,02210,42.3438,-71.045,3.0,117,1
LabZRwabNtebYu77GpxTRw,Copley Group,,109 Queensberry St,Boston,,02215,42.3423,-71.1002,1.5,25,1
lasQXqJZQVf7mjrnW2Q9mg,Atom Moving,,10 Penniman Rd,Boston,,02134,42.356,-71.1361,2.5,133,0
Lb7lTCJ1_aisSF9jU2Io4A,Via Medens Therapeutic Massage,,1 Billings Rd,Boston,,02171,42.3605,-71.07,4.0,13,0
LbaV1rbAhQCDDwJ_wxz3Vg,Cyc Fitness,,699 Boylston St.,Boston,,02116,42.3499,-71.0793,4.0,50,0
LBBJcez8FQ2jc7CK2hQA5Q,Arianna Skincare,,151 Tremont St,Boston,,02111,42.3545,-71.0634,3.5,33,0
LBMJ1I_zs392V9CXItUTvA,Metro Maids,,800 Boylston St,Boston,,02199,42.3485,-71.0826,3.0,14,1
lbYxcKZCsSwkXiyWP4J1tA,Peachwave Self Serve Frozen Yogurt,,154 Harvard Ave,Boston,,02134,42.3517,-71.1316,4.0,8,0
Lc_4BdHGlgXLe1hSRb5hmQ,La Colombe Coffee,,745 Atlantic Ave,Boston,,02111,42.3504,-71.057,4.5,97,1
LC3nIXusPz87dxClLh-lfA,Primo's Convenience Store,,24 Joy St,Boston,,02114,42.3593,-71.0652,3.0,7,0
lcarZ5Oj_pWYoENAEK2t8A,The Bowery Bar,,2261 Dorchester Ave,Boston,,02124,42.2732,-71.068,3.5,101,1
lcdwjN5R4QbOOZdvEEUjBg,Panda Express,,775 Commonwealth Ave,Boston,,02215,42.3509,-71.1089,2.0,12,1
LCFZDAaLRpmaidikraTWiw,Stillwater,,120 Kingston St,Boston,,02111,42.3523,-71.0591,4.5,97,1
lcJ9Aaf-NC4233RyLdaq0Q,Cornwall's,,654 Beacon St,Boston,,02215,42.3493,-71.0957,3.5,217,1
lCMN0raxlHnBFDoLgkz4sw,Milkweed,,1508 Tremont St,Boston,,02120,42.3322,-71.0996,4.5,654,1
lcneDB4z5WunVeP7fSECBA,The Butcher's Block,,243 Faneuil St,Boston,,02135,42.3528,-71.1602,4.5,8,0
LcQGhW4npDnm4PKUajEFBQ,The Popover Lady,,100 Hanover St,Boston,,02108,42.3618,-71.0573,4.0,28,1
lCsOI7QX2OWZsiqm2teRtQ,Tribe,,52 High St,Boston,,02110,42.354,-71.0557,3.0,59,0
LcuT6RI4G88llbBZDapJGQ,City Sports,,11 Bromfield Street,Boston,,02108,42.3568,-71.0601,3.0,26,0
lcvubLtmNJP35Nt_uoy9fQ,Boris Pest Control,,143 W 7th St,Boston,,02127,42.3353,-71.0527,4.0,8,1
LCWGciOX0H-WquuPYSAthg,Museum of Science,,1 Science Park,Boston,,02114,42.3676,-71.0711,4.0,684,1
LCXbzXRNmbA1bWLrCtio3g,South Station Bus Terminal,,700 Atlantic Ave,Boston,,02111,42.3519,-71.0552,3.0,96,1
lD0pv3RWV0PvaJK_HtfAHw,The Towers at Longfellow Apartments,,72 Staniford St,Boston,,02114,42.3633,-71.0638,3.0,59,1
LdEoWW2q3pt-J-toyQLHyw,Follain,,65 Charles St,Boston,,02114,42.3581,-71.0703,4.0,26,1
lDF5QudbmdV1UK6zfoBQjQ,Quick Livery,,,Boston,,02111,42.3584,-71.0598,1.0,31,1
lDl1ybaWwBe2oF8G4jXpvA,Apple Boylston Street,,815 Boylston St,Boston,,02116,42.349,-71.0824,3.5,434,1
LDTNrWtUFkPemQrnanRTtw,Trinity Church in the City of Boston,,206 Clarendon St,Boston,,02116,42.35,-71.0755,4.5,70,1
leBIJOs_IqI_oNDfRZpVFg,Chipotle Mexican Grill,,101 Summer St,Boston,,02110,42.3534,-71.0581,3.0,95,1
LeDBpsbEUuEDwCC8kQ2fpQ,Faneuil Hall Dental Associates,,177 State St,Boston,,02109,42.3594,-71.0533,4.5,39,1
LEQFxqTr9jeidv_IIOA2vg,Hudson,,12 Union Park St,Boston,,02118,42.3418,-71.07,4.5,25,1
lex6lno6Svvo8PF_wTu3pA,Levi's Newbury,,131 Newbury Street,Boston,,02116,42.3514,-71.0769,3.5,17,0
leYc9XKXv-njqx8j1slnqA,2nd Time Around,,176 Newbury St,Boston,,02116,42.3502,-71.0791,2.5,101,0
lFF3NER02R98F8gARU-ZzA,Al Capone's V,,82 Summer St,Boston,,02110,42.354,-71.0583,3.5,153,0
lFiHisG_Cq8HtGWo-3wKwg,The Esplanade,,Storrow Dr,Boston,,02116,42.3577,-71.0734,4.5,95,1
lFkyA2U6UjUzjt-p6OLzng,Topshelf,,161 Charles St,Boston,,02114,42.3608,-71.0702,4.0,18,1
LfPSo7s7r7BcPYHhVf2kFA,Paint With Me Boston,,,Boston,,02116,42.3531,-71.0765,5.0,5,1
lfwsSRnkO0V_3Whcnwomug,Tech Computers,,574 Dorchester Ave,Boston,,02127,42.3303,-71.0564,1.0,5,1
lfyn-AOkQ13hAAWBJqGmzQ,Mission Fitness,,75 St Alphonsus St,Boston,,02120,42.3343,-71.1008,4.0,8,0
lG-1oVC1JGmjwXLqbD6j1g,Gourmet Boutique,,10 Huntington Ave,Boston,,02116,42.3487,-71.0773,4.5,40,1
LgIhcELU5hGM-EEN9NIjXw,Boston Photo Imaging,,355 Boylston St,Boston,,02116,42.352,-71.0715,3.0,5,1
LGNpVs8cRBllNVml8wI0Vg,Limoncello Ristorante,,190 North St,Boston,,02113,42.3634,-71.054,4.0,700,1
lGqHeIlky5W4WqL_mbnJ3w,Boston Logan International Airport 9/11 Memorial,,Logan Memorial Way,Boston,,02128,42.3663,-71.0225,4.5,7,1
LGuFqtvK_5SYZtrM0lIXrg,J.P. Licks,,1106 Boylston St,Boston,,02215,42.347,-71.0887,4.0,213,1
LGZJB31XXajXWzOMjsh1Hg,Wannagoout? Dog Walking & Pet Sitting,,535 Shawmut Ave,Boston,,02118,42.3372,-71.0784,5.0,26,1
LHB_GFapJKkOUyZAYz91kg,Gifted,,2 Dartmouth St,Boston,,02116,42.343,-71.074,4.5,32,1
LHf39ozatRBTTdma-IKSzQ,The Cornerstone Restaurant & Pub,,16 W Broadway,Boston,,02127,42.3426,-71.0567,4.0,16,0
LHFQeuuRO5IqvK6DV8m9DQ,Sat? Grill-on-Wheels,,Harrison And Concord St,Boston,,02118,42.3367,-71.0732,3.5,16,1
LHmcuphIoboV5r2SV_8BWg,First Priority Credit Union,,100 Swift St,Boston,,02128,42.3816,-71.0222,2.5,6,1
lhp568KYTD497_vwwz2iEA,Bangs of Boston,,167 Salem St,Boston,,02113,42.3657,-71.0551,4.0,87,1
lhpQOYN6JUZFtr_j99e7ZA,Blackjack Pasta Bar,,52 Queensberry St,Boston,,02215,42.3425,-71.0973,3.0,210,0
LHPzReyrFStB08KwMcyP2w,Boat Cruise Summer Series,,200 Seaport Blvd,Boston,,02210,42.3514,-71.0405,3.0,5,1
LI7JRTpqctEnU2di3zLuRA,Boston Sports Clubs,,1 Beacon St,Boston,,02108,42.3583,-71.0611,2.5,16,0
LI7n39fa6gjFGxfHaIS2BA,State Street Sushi,,92 State St,Boston,,02109,42.3592,-71.0553,4.5,35,0
LI7TTOJQWNetcx3kQTSZ1g,Stanhope Garage,,Tyler St,Boston,,02111,42.3496,-71.0612,1.5,7,1
lIaNz1coA8BZxLVRaaGfLg,Ct Sweet Kingdom,,15 Beach St,Boston,,02171,42.3515,-71.0622,3.0,86,1
ligd55QZMryvun8Bw0NFKw,South Boston Community Health Center,,409 W Broadway,Boston,,02127,42.3368,-71.0482,2.5,50,1
lINQtc0IUYZwW4wqLtKiXg,TB12 Performance & Recovery Center,,699 Boylston St,Boston,,02116,42.3498,-71.0793,4.0,8,1
lisO10CF985cD12MQMo0ww,Bikram Yoga Works - Boston,,561 Boylston St,Boston,,02116,42.3507,-71.0763,3.5,98,0
Liv2MnK6Q7dWl304K6G4Sg,Pearson Professional Centers,,295 Devonshire St,Boston,,02110,42.354,-71.058,5.0,14,1
LiypPZFuQR9uB6YezuTdEA,Carpet Cleaning Experts,,,Boston,,02108,42.3549,-71.0661,4.5,6,1
LiYqD8rMTcnq9VbpaIzLDg,Herb Chambers Saab of Boston,,1172 Commonwealth Ave,Boston,,02134,42.3495,-71.1285,2.5,14,1
LJ8U5ZVnFpF8XNUR7DcUng,The Clubs At Charles River Park,,10 Whittier Pl,Boston,,02114,42.3656,-71.0678,3.0,25,1
Ljam41lUFLTNpzxV6HuXqQ,Victoria's Secret,,4 Faneuil Hall Market,Boston,,02109,42.3603,-71.0548,2.5,21,1
LJclwTx5aM2JZ-NliJClbQ,NE Design,,123 Jersey St,Boston,,02215,42.3425,-71.0969,5.0,10,1
lJg03aloSXRk-Ue0MeT6og,Philadelphia Steak & Hoagie,,3 Faneuil Hall Market Pl,Boston,,02109,42.3595,-71.0557,2.5,30,1
Ljo3baKZ5i6SgmyR8yCAUQ,Sarni Cleaners,,245 Newbury St,Boston,,02116,42.3498,-71.0826,2.0,20,0
LJukVq4dn7gTSB6f2dnT0A,Pressed,,643 Tremont St,Boston,,02118,42.3423,-71.0753,3.5,14,0
ljWV6dmQa1RX9MnuaE4TOA,Starbucks,,62 Boylston St,Boston,,02116,42.3522,-71.0644,3.0,76,1
lJyzx2oDUiwo5ouELN-_NQ,Campus Tan,,2193 Commonwealth Ave,Boston,,02135,42.3402,-71.1663,4.0,5,0
lk_rkeNzx9_-u0FKKURlKg,AVA Back Bay,,790 Boylston Street,Boston,,02199,42.3481,-71.0804,4.5,10,1
LKasp-1x1Dt9lVsLPtV1Kg,Aer Lingus,,1 Harborside Dr,Boston,,02128,42.3716,-71.0228,2.0,60,1
lKb9jTQs-NEV-JkfhTRfnQ,Leeba Salon,,131 State St,Boston,,02228,42.3591,-71.0542,3.0,45,0
lKBwvUYaNDkDUyPrNAHPjQ,Gyroscope,,305 Huntington Ave,Boston,,02115,42.3413,-71.0874,4.5,59,1
LkDeOiPyuhLwuJVdOFsUxQ,Liquid Art House,,100 Arlington St,Boston,,02116,42.35,-71.0695,3.5,241,0
LkjPoyKtErX1DQE53gQm2Q,Dunkin',,330 Washington St,Boston,,02108,42.3567,-71.0587,3.0,8,1
LKmrcx0OdlvpSeSSVKoL_Q,Nuggets,,486 Commonwealth Ave,Boston,,02215,42.3486,-71.0945,4.0,53,1
LKp3oih6Z5peuxPyJ2qKmA,South End Hospitality,,,Boston,,02118,42.3378,-71.0706,4.5,8,1
LKSyJIJaoUMlERKpBA2NLw,Gordon's Fine Wines & Liquors - Boston,,39 Temple Pl,Boston,,02111,42.3549,-71.0621,4.0,31,1
lKyxnQuOqbalVDfWX_Sc1g,Mediterranean Home Cooking,,,Boston,,02111,42.3523,-71.0627,2.5,20,1
Ll4DKD2DBBiGfWRItZVWIw,The Tannery Outlet,,402 Boylston St,Boston,,02116,42.3514,-71.0722,1.0,234,0
LlDb-DJxeNGZ50XW8bJ0Gw,Wedding Dance Boston,,437 D St,Boston,,02210,42.3451,-71.043,5.0,14,1
llgA3eJM97jUsuHkZecWZQ,Back Bay Glass,,,Boston,,02116,42.3531,-71.0765,3.5,15,1
LlhkBt5iwOu_HMH8V_vEIg,by CHLOE. - Back Bay,,399 Boylston St,Boston,,02116,42.3517,-71.0723,3.5,99,1
llI7mULUEeuAqAXb_AieFg,Audubon Circle Restaurant Bar,,838 Beacon St,Boston,,02215,42.3475,-71.1032,4.0,244,0
llMSRtQledMr2T9Qbm9VIQ,Pita,,473 Albany St,Boston,,02118,42.3398,-71.065,4.0,236,1
lLPXuKq9jRU06teLRtUjpA,D'Parma Restaurant,,182 Sumner St,Boston,,02128,42.3693,-71.0403,4.0,118,1
LLVlcdH_-GMIciWmuBL2NA,Wingz N Tingz,,312 Bowdoin St,Boston,,02122,42.308,-71.0654,2.0,8,0
Lm2m8N59Z2SWX_ECAYmO4A,Palm Beach Tan,,530 Columbus Ave,Boston,,02118,42.3416,-71.0801,2.0,9,1
Lm3kXKVvkxgVRrjwtCtdJA,Char So Bees,,170 Tremont St,Boston,,02111,42.3537,-71.0638,4.5,17,0
lM5aCcePTPG8Wk1c4fI9JQ,Oakleaf Cakes,,12 Westland Ave,Boston,,02115,42.3434,-71.0866,4.0,223,1
lmc2tzWUHONIWVIPlkBJWQ,W Boston Hotel,,142 Berkeley St,Boston,,02116,42.3489,-71.0719,3.5,9,0
lmg2tOsWVlXZtfh2e22gvA,Capitol Coffee House,,122 Bowdoin St,Boston,,02108,42.3589,-71.0627,4.0,111,1
LMJMD-ShYOsbysBBykqqwQ,Bruegger's Bagels,,667 Vfw Pkwy,Boston,,02467,42.2964,-71.157,2.5,62,1
LmQCZxy3yP9MTYlaJZHGXQ,Eye Adore Threading,,120 Charles St,Boston,,02114,42.3592,-71.0709,5.0,16,1
LMtFiMmdT1XgY2QBomIJPQ,Cha Cha Cha Taqueria,,48 Winter St,Boston,,02108,42.3561,-71.0619,3.0,6,0
lmtIOmqibwOkuU0UVhNN4g,Giga's Pizza,,27 Buswell St,Boston,,02215,42.3474,-71.1059,2.0,33,0
lmw47uw9BcfPwmXxKKZPRw,Mare,,223 Hanover St,Boston,,02113,42.3629,-71.0552,3.5,291,1
LmXkxmEEmZI96h-lEad6Mw,Charles Street Laundromat,,39 Charles St,Boston,,02114,42.3574,-71.0698,2.5,11,0
ln_Gn7gxGRQSt6IjXDEzMw,Ethos Fitness + Performance,,46 Wareham St,Boston,,02118,42.3391,-71.067,5.0,27,1
lN_xF0eTWFMm_za8aRX_EQ,Spratt Muscular Therapies,,Wave Health And Fitness Seaport Hotel,Boston,,02210,42.3491,-71.0412,5.0,6,0
ln2B5LzwqaVJDTXnFFo_xw,Friendlys,,1 Harborside Dr,Boston,,02128,42.366,-71.0204,2.0,60,1
LN4NWiaJIB507GnGk-ZF6A,CPR Cell Phone Repair Boston - Back Bay,,230 Newbury St,Boston,,02116,42.3497,-71.0814,4.5,50,1
lNcnAuQcg9mT0TG_QRONPg,Rose Nails & Spa,,746 E Broadway,Boston,,02127,42.3358,-71.0357,2.5,26,0
lnIGOgTlEdjqR-zhrGqnww,US Post Office,,217 Hanover St,Boston,,02113,42.3628,-71.0552,3.5,18,1
LNS4vQq-j5VCiPbM19gl9g,LUCIE drink + dine,,120 Huntington Ave,Boston,,02116,42.3455,-71.0811,4.5,15,1
lntdaSgWFb7k-Tmkdhgnbg,Best Dressed,,489 E Broadway,Boston,,02127,42.3352,-71.0454,4.5,6,1
Lo0Y8fEJwwfN9NJf2437eA,Mr Locksmith,,,Boston,,02115,42.3399,-71.0899,5.0,217,1
Lo40rC-qrwKFute8Z9_9kw,Fat Orange Cat Studio,,,Boston,,02116,42.3531,-71.0765,5.0,15,1
lo6jRmViKvygN0phMpgi1g,Choice Mart,,181 Massachusetts Ave,Boston,,02115,42.3456,-71.0873,3.0,13,1
Lo7ggtNcJH_he6f9osnBfg,Hei La Moon,,88 Beach St,Boston,,02111,42.3511,-71.0587,3.5,1211,1
Lo7JgnZVBlMSSVfYbKzHrA,Sat? Asian Grill,,89 South St,Boston,,94103,42.3518,-71.0575,3.5,35,1
lo9-0bbeEDfJv8uAxaP_6Q,Mass Eye & Ear,,243 Charles St,Boston,,02114,42.3626,-71.0705,2.0,15,1
lOC7H4kqCmPb2nLa-6qtxg,Bob's Southern Bistro,,604 Columbus Ave,Boston,,02118,42.3398,-71.0824,4.0,39,0
lOrIttJhPbvIrZsO4rxyzQ,Bromfield Nails,,23 Bromfield St,Boston,,02108,42.3567,-71.06,2.5,100,1
loRoCo53b30zgHZ_mIMatQ,Amrheins,,80 W Broadway,Boston,,02127,42.3419,-71.0551,3.5,436,1
LOVyt80uCQLVm89gYTbVxA,Entitled Cat Boston,,,Boston,,02108,42.3549,-71.0661,5.0,12,1
LOz_X7YBBvpl50_dz4c3uw,White Label DJs,,,Boston,,02127,42.3365,-71.0349,5.0,10,1
lP--mLXE3ea-40d_mDaLQQ,Grass Fed Forest Hills,,3698A Washington St,Boston,,02130,42.3006,-71.1127,3.5,20,0
lParwO_K2meoDXvVFczP8w,Audrey's Pet Supply and Services,,296 Newbury St,Boston,,02115,42.3487,-71.0848,5.0,43,0
lPAzwB4vPBqZmaFNH90kiQ,Cafe Bonjour,,55 Temple Pl,Boston,,02111,42.3548,-71.0618,4.5,123,1
lpq5DeNG5_sETt31ZM2lEw,Citizens Bank,,73 Tremont St,Boston,,02108,42.3579,-71.061,3.0,8,1
LpROjOhvNeQRAgnkWlz4_Q,Ace Dental Boston,,1138 River St,Boston,,02136,42.257,-71.1199,5.0,45,1
LPuRz4FKmQkjdhnCkVYPmQ,Federalist Restaurant,,15 Beacon St,Boston,,02108,42.3582,-71.0619,4.5,18,0
lQ6WhxWsU5Q1sdQ_e5pGFQ,Bluemoon Smoke Shop,,470 Commonwealth Ave,Boston,,02215,42.3485,-71.0936,3.5,43,1
lQ7FLkqj5vAGNRyZyQroNw,Victory Pub,,1004 Bennington St,Boston,,02128,42.3868,-71.0067,3.5,8,0
LQ8rprZFKPuhlj8ndEPb0w,Il Mondo II,,182 Massachusetts Ave,Boston,,02115,42.3458,-71.0867,3.0,77,0
lqkuA-YhaqX-DRAGenxCqA,Espresso Royale Caffe,,286 Newbury St,Boston,,02115,42.3488,-71.0844,4.0,198,0
lQs2AxIXreV5P0LVdsvWeQ,Hodan Property Management,,105 N Washington St,Boston,,02114,42.3655,-71.0581,1.5,15,1
LQwBjGZRju7VdURxM6Ot0w,May's Cake House,,223 Harrison Ave,Boston,,02111,42.3478,-71.0629,4.5,89,1
lr_Y1Hxa-Bl-kBM4dvMzPg,Cida's House Cleaning,,,Boston,,02149,42.4041,-71.0557,3.5,71,1
Lr6G9p5ueDrm1aCSjC4tiQ,Boston Valet,,107 South St,Boston,,02111,42.3514,-71.0577,4.0,5,1
LRBYS7Cw2lZ6SdhinC0jCg,Hair By Calvina Strothers,,222 Newbury St,Boston,,02116,42.3506,-71.0703,4.0,19,1
lrwc6n9vRzSjN_TDFnr9vA,David's Instant Shoe Repair,,101 Federal St,Boston,,02110,42.3551,-71.0566,5.0,22,1
LS1SWVG0q7il4VGfgO4vXA,Beacon Hill Chiropractic,,83 Charles St,Boston,,02114,42.3585,-71.0706,1.0,6,1
Ls2FPgnwP3q6e97ijPP8lQ,Kent Newton Salon,,1315 Washington St,Boston,,02118,42.3419,-71.0685,5.0,86,1
lS8vOhk-Z7fCpfqrFh1dMg,Back Bay Plastic Surgery,,38 Newbury St,Boston,,02116,42.352,-71.0729,2.5,15,1
LSmYTw4HvU0lDBK4Mg2KyQ,Shenannigans Bar,,332 W Broadway,Boston,,02127,42.3384,-71.0498,3.5,177,1
lsqYQYGfpe25wUZk9Wybwg,The Elephant Walk,,1415 Washington St,Boston,,02118,42.3412,-71.0706,4.0,192,1
lt1ug5EbtOKY2WagY62U3g,Zo Greek,,3 Center Plz,Boston,,02108,42.3605,-71.0609,4.5,352,1
lTcf8c3494zjMNfiZYOoIg,Comfort Inn,,900 Morrissey Blvd,Boston,,02122,42.2927,-71.0471,2.0,53,1
LtJVSLSocrP2BK8YOl7bJQ,Lilly's Gourmet Pasta Express,,1528 Tremont St,Boston,,02120,42.3324,-71.1,4.0,163,1
lTlM0WfBm2tERvWok_4Vug,The Berkeley Barber Shop,,59 Clarendon St,Boston,,02116,42.3467,-71.073,4.0,21,0
lTPnjmILIu5Ofje_Wv9KAA,Ed Hardy,,328 Newbury St,Boston,,02115,42.3483,-71.0862,1.0,6,1
LtsA6TXXqlphq3gj-dmZew,Cohen's Fashion Optical,,607 Boylston St,Boston,,02116,42.3504,-71.0771,4.5,81,1
LU_IkZLhyiEDWYS2_hNWAg,EverybodyFights,,15 Channel Ctr St,Boston,,02210,42.3457,-71.0513,4.5,89,1
lU3wC9PCs-PHSOkRoT-WOQ,Diane von Furstenberg,,73 Newbury St,Boston,,02116,42.352,-71.0745,4.0,5,0
LUCsWlNMPVw5V9CgvD0TKA,NEMA Boston,,399 Congress St,Boston,,02210,42.3491,-71.0447,5.0,6,1
LUXag1I97t2S2iyj6oLz9w,Courtyard by Marriott Boston Downtown,,275 Tremont St,Boston,,02116,42.35,-71.0655,3.0,244,1
Lv19mEtZF6UUhBrFtX32rg,Novicki Painting Company,,,Boston,,02115,42.3399,-71.0899,4.5,60,1
Lv5stkdWAn0x3tqTSbwUSw,Bova Anthony V,,79A Prince St,Boston,,02113,42.3654,-71.0557,5.0,8,1
LvG3VBGXP0G_6iIwCtI1Zw,Benefit Cosmetics Boutique & BrowBar Lounge,,156 Newbury St,Boston,,02116,42.3506,-71.0782,4.0,192,1
Lvg9n436W10vcuwDfSvAmg,Ms Clucks Deluxe,,401 Park Dr,Boston,,02215,42.3443,-71.1028,2.5,15,1
LVTQ0JtRiQWB7YpcceJsgg,Busy Bee Clean,,6 Child St,Boston,,02136,42.2593,-71.1273,2.0,8,0
lVWr1_4dtDQgZ1PQD0jllQ,Farmer Horse Coffee,,374 Massachusetts Ave,Boston,,02115,42.3419,-71.0834,4.0,226,1
lvWSgEEY7jdNEMBwfEadUg,John Hancock Hotel and Conference Center,,40 Trinity Pl,Boston,,02116,42.3485,-71.0752,3.0,14,0
LW2Dcc_2hUGL7D6Lij0WSA,Hopsters Alley,,100 Hanover St,Boston,,02108,42.362,-71.0569,3.5,12,0
lW5Ov-lGyKjR6IKu2p4OYA,Chez Vous Roller Skating Rink,,11 Rhoades St,Boston,,02124,42.2854,-71.0922,4.5,62,1
LW9bCXm6t6VsI2Y4f2V-3g,Strike First Krav Maga,,24 Denby Rd,Boston,,02134,42.3555,-71.1349,5.0,13,0
LwEqcc0zCjnOLkqymS6xgQ,GNC,,343 Washington St,Boston,,02108,42.3561,-71.0601,2.5,11,1
LWhm16jc6Uk2T5nKOg95fQ,JP Langlands Photography,,,Boston,,02116,42.3531,-71.0765,5.0,12,1
Lwlo6ntb9B1ZUk82HRqe1g,Love WinQ,,1094 Commonwealth Ave,Boston,,02446,42.3518,-71.1242,4.5,17,1
lWSktji5zC68wiaXwRfI5g,Very Berry Frozen Yogurt,,1413 Dorchester Ave,Boston,,02122,42.3031,-71.0595,4.0,24,0
Lwys_i_3iIPlUCHJr-NQJw,Dana Farber Cancer Institute Cafeteria,,44 Binney St,Boston,,02115,42.3377,-71.1073,4.5,12,1
LWyxnhPsmF1nBWmdydotuQ,Dunkin',,145 Dartmouth St,Boston,,02116,42.3474,-71.0753,3.0,24,1
lwz0WLcUNOzFFmSwPvjwgQ,Great Wall Kitchen Supply,,38 Kneeland St,Boston,,02111,42.3508,-71.0618,4.5,7,1
Lx0PPbXdVL6PiD_NAVmSBw,Kryolan City Boston,,31 Saint James Ave,Boston,,02116,42.3265,-71.085,4.5,8,1
lxyQSWBxau6-XhvjoqGCKg,Aces High,,551 Dorchester Ave,Boston,,02127,42.3305,-71.057,3.5,7,0
ly8RyiktGZwwVSAv6KZEtQ,Ocean Prime,,140 Seaport Blvd,Boston,,02210,42.3514,-71.043,4.0,488,1
lYCLCSJBCB9JbTKblCK9RA,Fratellos Pizzeria and Shawarma,,563 Washington St,Boston,,02135,42.35,-71.1644,4.0,11,1
LYIhq9QTwgxSUWHNglueTA,Bye Bye Liver: The Boston Drinking Play,,25 Union St,Boston,,02113,42.361,-71.0569,3.5,6,1
LYNNFmRSCM9Zbknh9y2uhQ,North End Rehabilitation & Healthcare Center,,70 Fulton St,Boston,,02109,42.3625,-71.0534,1.0,5,1
lYPuckY5NJ_6YcJFygBbJw,Meeting Point,,3464 Washington St,Boston,,02130,42.3069,-71.1067,4.0,7,1
LYrvvp1A7FKd2r44sFvG2w,Select Cafe,,2 Belgrade Ave,Boston,,02131,42.2872,-71.1296,2.0,11,0
lytpKU_T-HPIwlZFNna2sg,Wai Style Restaurant,,99 Harrison Ave,Boston,,02111,42.3512,-71.0617,3.5,21,0
lyVOKvKt932BdhkjMvNPHQ,McDonald's,,700 Atlantic Ave,Boston,,02111,42.3502,-71.0555,2.0,21,1
lZ8ePzSCbjwm9yktHU5f3A,K & 8th Street Market,,362 K St,Boston,,02127,42.3313,-71.0371,5.0,54,1
LZBXDH5DJIAaJR702KJJ1g,Allen Edmonds,,36 Newbury St,Boston,,02116,42.352,-71.0728,4.0,30,1
lzHADoUsPvC9XCzjUX6WJA,BenCotto,,361 Hanover St,Boston,,02113,42.3646,-71.0534,4.0,301,1
lzIidIBcG4-BUZwiubH45Q,American Provisions Dorchester,,1971 Dorchester Ave,Boston,,02124,42.2839,-71.065,4.0,13,1
lZipgZgEMmE4KFTIptFbKw,City Auto School,,242 W Broadway,Boston,,02127,42.3396,-71.0519,3.0,98,1
lzJ2QFiScrLJkGsjzXjXxQ,Sullivan's Castle Island,,2080 Day Blvd,Boston,,02127,42.3389,-71.0132,4.0,345,1
lzm5kCc79wjO7Nqhpsyfiw,The Bagel Table,,86 Guest St,Boston,,02135,42.3572,-71.1457,3.5,6,1
lzvZnvgP-IfOP2bWTOHddA,Spiritual Readings by Adriana,,,Boston,,02199,42.3465,-71.0832,4.0,11,1
lzWp9yBjDxKlghvbaoibRA,Victoria's Secret,,100 Huntington Ave,Boston,,02116,42.3475,-71.0785,3.0,26,1
m_8hp43PUc5wJTjaW6YMuQ,Excelsior,,272 Boylston St,Boston,,02116,42.352,-71.0695,4.0,69,0
M_a3k9PL_hRcHUtx-sBdyg,Madura,,144 Newbury St,Boston,,02116,42.3507,-71.0774,4.0,8,0
m_OqKiD42P3wgSr7EBa9bQ,Thomas Pink,,100 Huntington Ave,Boston,,02116,42.347,-71.0779,2.5,5,0
M_S4F6VCPDfwNP-3wzjC6Q,Franklin Park Family Dental,,614B Blue Hill Ave,Boston,,02121,42.3032,-71.0849,1.5,5,1
M_tsxTY0rR1Ny5lD9IZCDw,Farah's Caf? Restaurant,,1158 River St,Boston,,02136,42.2564,-71.1206,3.0,27,1
M_VRslYTLF1I23jOVFOdGQ,Black Fin Chophouse and Raw Bar,,116 Huntington Ave,Boston,,02116,42.3465,-71.08,3.0,7,0
M_WpPmdDRe0IPUpVOrSv_A,Castle Island Cleaning,,192 L St,Boston,,02127,42.3316,-71.0351,5.0,7,1
M-fsBXqJHdJMLdQuDUbvDg,Addo Novo,,1313 Washington St,Boston,,02118,42.342,-71.0685,5.0,12,0
m-MNRK9-RHPyZg05UmPxbA,The Newbury Center,,69 Newbury St,Boston,,02116,42.3522,-71.0743,4.0,5,1
m-NiLDEGmPiaihFZItA18A,Haymarket Pizza,,106 Blackstone St,Boston,,02109,42.3616,-71.0565,4.0,117,1
M-OdK3nAOEKbQ49y8ajKaw,Firicano's Barber Shop,,240 North St,Boston,,02113,42.3636,-71.0527,4.5,52,1
M-vYEb16BthBBVxoN1tHZw,Pita Kabob,,2 Ave De Lafayette,Boston,,02111,42.354,-71.0614,3.0,64,1
m0b79jiAXpcvJXyZlu82UA,Orfano,,1391 Boylston St,Boston,,02215,42.3436,-71.1015,3.5,66,1
M0eb6ZCefBauDlASDLntWg,Rinaldis Shoe Repair,,31 Saint James Ave,Boston,,02116,42.3509,-71.0716,4.0,43,1
M0fRUDEo9mbnZFXhvshlFw,Dillon's,,955 Boylston St,Boston,,02115,42.348,-71.0859,3.0,465,1
M0rBL85pHWMndqLmW2MDjw,Forever 21,,343 Newbury St,Boston,,02115,42.3487,-71.0872,2.0,87,0
M0Z57IL0dlzpU6QCez0wGA,North Street Grille,,229 North St,Boston,,02113,42.3634,-71.0526,4.0,977,1
m1b6XDhFPuoYkpHg6PdQCA,Haute Coiffure Salon,,629 Commonwealth Ave,Boston,,02215,42.3498,-71.1017,4.5,610,1
m1dF-nQY26OWdPhoJxtmGg,Spartan Movers,,,Boston,,02118,42.3378,-71.0706,4.5,44,1
m1GKLz25jdcKoVHhWkRUSg,Vibrant Beauty Salon,,585 Massachusetts Ave,Boston,,02118,42.3373,-71.0784,4.0,108,1
M1UJklXtjqxBnTApGbbwBg,Ball and Buck,,128 Newbury St,Boston,,02116,42.351,-71.0766,3.5,70,0
M1UVFV1CXl9NDtrdVsB-aQ,131 Dartmouth Street Garage,,131 Dartmouth St,Boston,,02116,42.347,-71.0754,3.0,5,1
M2bvVA-eZRqcbM_4-eKqag,Thai Accent Downtown Crossing,,417 Washington St,Boston,,02108,42.3559,-71.0605,2.5,26,0
M2l16YTrzzBVV0BqafmaBg,South End Plumbing,,169 C W Springfield St,Boston,,02118,42.3394,-71.0792,4.5,37,1
M2t5iSJwYySn_3Rh3xP8og,Citgo Sign,,666 Beacon St,Boston,,02215,42.3494,-71.0955,4.5,44,1
M2T6ZDgDRd7dp5-6zdLdGg,KitchenWares by Blackstones,,46 Charles St,Boston,,02114,42.3573,-71.0702,4.5,44,1
M2uYG3jHB9AGc4BLktGf1Q,Haley House,,23 Dartmouth St,Boston,,02116,42.3437,-71.0739,4.5,7,0
M3d_z6VKo4f01RrOohUQVQ,Hugo Boss,,100 Huntington Ave,Boston,,02116,42.3475,-71.078,4.0,10,1
m3WsFEjiStNME2D5eRkIlQ,New Balance - Boston,,583 Boylston St,Boston,,02116,42.3505,-71.0767,4.0,34,1
m4L5QaCsVSYd9oPoTUqIjg,Spirit Airlines,,1 Harborside Dr,Boston,,02128,42.362,-71.0187,1.5,413,1
m4qhmWNKfgbJ502Zo6uZlw,Tikkaway Fresh Indian Grill,,55 Boston Wharf Rd,Boston,,02210,42.3512,-71.0456,4.0,128,1
m4QTBv5OVp03gzemtc8t5g,BoMA,,1415 Washington St,Boston,,02118,42.3412,-71.0706,3.5,73,0
M4ZlEEeEA6UwsnX3VKOndA,Longwood Optical,,342 Longwood Ave,Boston,,02115,42.3383,-71.1065,4.0,16,1
m5jCNOs6QG75lkzLhMMryA,Artu,,6 Prince St,Boston,,02113,42.3642,-71.0537,3.5,383,1
m5vmV_Dv_F2PNdYuT_CVfA,Sweet,,81 Charles St,Boston,,02114,42.3585,-71.0705,3.0,22,0
M5vOYRURvFKEPjGQztj-xg,Papyrus,,28 Tremont St,Boston,,02108,42.3586,-71.0598,3.5,10,0
m7Y37KvgvoEG1s2yslOC4Q,Fenway Health,,1340 Boylston St,Boston,,02215,42.3441,-71.099,3.0,141,1
m8JZIZIgtNJjkAbftQwoww,Bostonian Glass Company,,277 Dorchester Street,Boston,,02127,42.3323,-71.0524,2.5,5,1
M8Men0BFwQbEAiA9hJomVg,SculptMe | CoolSculpting,,218 Newbury St,Boston,,02116,42.3498,-71.0809,3.5,12,1
m8MmyvJ1ozMSdoTgYv4xrA,Jacques Cabaret,,79 Broadway,Boston,,02116,42.3499,-71.0675,4.0,224,1
M8NP1s-_6sWn3c3UiT4Eaw,Cambridge College,,500 Rutherford Ave,Boston,,02129,42.3814,-71.0729,2.0,8,1
M8o_Vy-zBoy7htFVb6rVlg,Boston Breakers,,95 N Harvard St,Boston,,02134,42.3655,-71.1268,4.5,5,1
m9_ghFlVR2Mom0F99fkGNg,BURGERFI,,961 Commonwealth Ave,Boston,,02215,42.3518,-71.1191,3.0,111,0
M9HSmGahGbyfieNKJg_bpQ,Rock Spot Climbing,,30 Old Colony Ave,Boston,,02127,42.3373,-71.0564,4.0,58,1
Ma-9iDI16XkSE_A1Xk_USw,Pho 1 Brighton,,1799 Commonwealth Ave,Boston,,02135,42.3406,-71.1515,4.0,57,1
ma2FTU8Vqpq_TTU2D2NytA,Dunkin',,101 Summer St,Boston,,02110,42.3535,-71.058,3.5,15,1
ma5X_k9rjRxoAFHM4Hm9CA,Boston University Student Health Services,,881 Commonwealth Ave,Boston,,02215,42.3515,-71.1152,2.5,8,1
Ma5xTNbYx_T1XZP9cxTfcg,Siena Farms South End,,106 Waltham St,Boston,,02116,42.3438,-71.0713,4.0,19,1
ma644yqggje5Rdkbu1V5oQ,Al's South Street Cafe,,179 Essex St,Boston,,02111,42.3521,-71.0574,4.0,207,1
ma7ysdpqUXD3PMxuY-azsA,Enterprise Rent-A-Car,,1 Congress St,Boston,,02114,42.3626,-71.059,3.5,58,1
mAbA5WUOBF0n_QBEQ7D0Xg,Tanorama,,226 Newbury St,Boston,,02116,42.3497,-71.0812,3.5,15,0
Mah5ZoQ6SviuR8bTbUJ2fg,Discover the Dinosaurs,,200 Seaport Blvd,Boston,,02210,42.3514,-71.0405,1.0,9,1
mak8yVPBUSa47dbBMYKCTQ,Acura Roadside Assistance,,100 Legends Way,Boston,,02114,42.3663,-71.0622,1.0,24,1
mAT1PHgECJfxw6Kpv60Nag,Jack Conway & Company,,,Boston,,02127,42.3365,-71.0349,1.5,6,1
mauXm9c8IjhznqSWyePoDw,Violet Skin Boutique,,257 Newbury St,Boston,,02116,42.3496,-71.0831,3.0,24,0
MAWcJjjg6kvM2wgi99nigQ,The Rack Billiards Club,,20 Clinton St,Boston,,02109,42.361,-71.0551,3.5,5,0
MBaF98ibkNFud-UoJkbKeg,Salon JLS,,114 Blackstone St,Boston,,02109,42.3619,-71.0566,4.5,10,1
mBAwgFBsr6_JMKcC35jXOQ,Dunkin',,100 Legends Way,Boston,,02114,42.3663,-71.0622,2.0,9,1
mbElZiWlUjTlZJHayt83JA,Capital One Caf?,,57 Seaport Blvd,Boston,,02210,42.3526,-71.0477,4.5,11,1
mBiX0XlprVuQcxVgu1xPjA,Women's Fitness of Boston,,27 School St,Boston,,02108,42.358,-71.0589,4.0,45,1
mbM32mFNgSzugIFhYYKFQA,Sports & Physical Therapy Associates,,369 Huntington Ave,Boston,,02115,42.3403,-71.0901,3.5,5,0
MbP9eCRSVhCON0bc65bgtQ,Emporium Gas Carwash & Express Lube,,3875 Washington St,Boston,,02131,42.296,-71.1184,2.5,14,1
mC1lY5TiK0JHI71zBPgimA,MSPCA Angell,,350 S Huntington Ave,Boston,,02130,42.3231,-71.1112,3.5,544,1
mc1VPfiCD82VQ4F8XRzLXA,Delta Airlines,,1 Harborside Dr,Boston,,02128,42.3648,-71.0222,2.5,158,1
MC54AO8LPVJFkUpCanEVQQ,Mass Property Insurance,,2 Center Plz,Boston,,02108,42.3596,-71.0602,1.0,10,1
MC7FoR8K8CZ9vp33QlNaqA,Uno Pizzeria & Grill,,731 Boylston St.,Boston,,02116,42.3496,-71.0803,3.0,212,0
mCcj-NeeYUtdwYFqIAUaVA,Aristo Cafe,,92 State St,Boston,,02109,42.3591,-71.0552,3.5,22,0
MCiK-j9U8TQ6CTFVPFn42w,Beantown Pastrami,,100 Hanover St,Boston,,02108,42.3621,-71.0574,3.5,71,1
MCPwMPmPS8tYVGcjWEoqFQ,303 Caf?,,303 Sumner St,Boston,,02128,42.3673,-71.0368,3.5,121,0
mCX9XzBLB1y5_OrFASv1mA,Love Art Udon,,1024 Commonwealth Ave,Boston,,02215,42.3515,-71.1219,4.0,145,0
mcxzwdYlT9zlf139a88aRg,Moxy Boston Downtown,,240 Tremont St,Boston,,02116,42.3509,-71.0647,3.5,38,1
mdC98ZzfgqtNPDX-L5Wcgw,Gracie Barra Boston,,957 Commonwealth Ave,Boston,,02215,42.3519,-71.1191,4.5,11,1
mdF7VDX7pwkKkxlBdJJfHQ,Outbound Hound,,37 Hartford St,Boston,,02125,42.3158,-71.0733,5.0,5,1
mDNPx3vfdjn_z2SpKSwTgA,Charles Street Market,,66 Charles St,Boston,,02108,42.3576,-71.0704,3.5,14,0
MdQgFbxblsoSQDGY_Wg_RQ,PopUp Mani by Dani,,,Boston,,02210,42.3517,-71.0409,4.0,5,1
mdqoWOmXCP5dqQ0IWVwC_w,Roy's Cold Cuts,,198 Marion St,Boston,,02128,42.3755,-71.0347,4.5,96,1
Me63Ryh-21-NR_gL1I9yxw,KNF&T Staffing Resources,,3 Post Office Sq,Boston,,02109,42.3567,-71.0565,2.5,64,1
Mee5N8-2bls8AH6FbinU9A,Bremen Street Dog Park,,145 Bremen St,Boston,,02128,42.3725,-71.0342,3.0,5,1
MeHhoVKpW58OsziOemj2kg,Lomba Driving School,,45 Bennington St,Boston,,02128,42.3754,-71.0372,3.0,6,1
mem6NkRHYVmvw3iGllGwFg,Peet's Coffee,,1 Harborside Dr,Boston,,02128,42.3615,-71.0175,2.5,32,1
MEt7QGsQcQUXIGm8Axh2Yw,North River Outfitter Sport,,39 Charles St,Boston,,02114,42.3574,-71.0698,4.5,10,1
meum5FNAp5f8mxG2N4a_Og,GoGo Stop,,Logan International Airport,Boston,,02128,42.3656,-71.0096,4.5,5,1
MeURRl_Wi85EC_P_m8dWyw,T-Mobile,,1047 Commonwealth Ave,Boston,,02215,42.3522,-71.1226,2.0,6,0
mEYukMcZcvSKAMwesHFpAg,Circle Properties,,3 Darling St,Boston,,02120,42.3323,-71.1059,2.5,10,1
MF-emVAW0WdTKexQq1WO_Q,Theatre Cafe,,200 Stuart St,Boston,,02116,42.3504,-71.0675,3.5,8,1
mF0Xcf8Sk6wn_iP6LQXPvw,Kabloom,,27 School St,Boston,,02108,42.362,-71.0591,2.0,6,0
Mf5xuZE8jNTkzEfkeEkdig,Estelle's Boston,,782 Tremont St,Boston,,02118,42.339,-71.0805,3.5,147,0
mFFpAjCkZIMUjnxZ2QOLVQ,A-Z Auto Center Gas,,1550 Commonwealth Ave,Boston,,02135,42.3443,-71.1418,4.5,8,1
mfNQlyRVCXjZNIF0YVAP4w,Empire Beauty School,,30 W St,Boston,,02111,42.3547,-71.0627,3.0,76,1
MFq9rB52-3eZG3UpzJaz9A,Basho Express,,700 Commonwealth Ave,Boston,,02215,42.3493,-71.104,3.0,35,1
mfv5tHkNCr3Uwh0RpuXYOA,Dunkin',,750 Washington St,Boston,,02111,42.3498,-71.0633,2.5,9,1
mfVplR2yhNMfTVRkCLh90w,Sports Connection Bar & Grill,,560 Dorchester Ave,Boston,,02127,42.3304,-71.0568,4.0,11,1
MgAG54IJeQvT3BQoSNwWBw,Dumpling Palace,,179 Massachusetts Ave,Boston,,02115,42.3457,-71.0873,3.0,442,1
MgbD3P1IeHyA4a1R-589og,John Hancock Life Insurance Company,,197 Clarendon St,Boston,,02116,42.3495,-71.0744,1.0,7,1
Mgkv-Kr_tcANDPYnV4PqQw,Ristorante Euno,,119 Salem St,Boston,,02113,42.3646,-71.0554,4.0,275,1
MGpo_rxCN468NguJIpIu4g,Black Horse Tavern,,340 Faneuil Hall Mrkt Pl,Boston,,02109,42.3603,-71.0547,4.5,12,0
mgTgQK47y_SteZWAdFbcXg,Shaw's,,75 Spring St,Boston,,02132,42.2788,-71.163,1.5,7,0
mgwlcmb3SwFxr_yH3yEkAQ,Mission Sushi & Wok,,1625 Tremont St,Boston,,02120,42.3338,-71.1035,3.0,154,1
MH_EgXCGGmk3Kmib803jNA,Say Yes Cleaning,,,Boston,,02135,42.3464,-71.1627,3.0,25,0
Mh9j_nraRW2UTCnrkf3ELA,WeightLoss Boston Sadkhin Complex,,556 Cambridge St,Boston,,02134,42.3524,-71.1401,4.5,13,1
mhCI0JzfXErVLG-TS2FtXg,VIA,,5 Fan Pier Blvd,Boston,,02210,42.3528,-71.0466,4.5,18,1
mhethFMYizjddwSaEUHOtg,Raymond's Tire Shop,,760 Blue Hill Ave,Boston,,02121,42.2988,-71.0863,3.5,26,1
mHlsKIJqH6SjiWPJM36JZQ,Hyatt Regency Boston Harbor,,101 Harborside Dr,Boston,,02128,42.3591,-71.0271,4.0,213,1
mhr7BMVyDpj6p24iBjDjcQ,Nanette Lepore,,119 Newbury St,Boston,,02116,42.3513,-71.0763,4.5,7,0
MHx0eqYHPu72dxjoU6cMMQ,Subway,,274 Franklin St,Boston,,02110,42.3569,-71.0535,2.5,17,1
mhxnm2ZN1urtF5r_O2HwXw,The Cafe,,25 New Chardon St,Boston,,02114,42.3621,-71.0618,3.0,19,1
mhZL8QyPjuqUWePU1oPuEA,India Samraat,,51A Massachusetts Ave,Boston,,02115,42.3497,-71.0891,3.5,117,0
mI7qw74vuPgf4LJWH3M2oA,Vintage Restaurant and Lounge,,72 Broad St,Boston,,02110,42.3577,-71.053,3.5,160,1
MiHsK7QVdQKr5gZ9BEBG7w,BDY SQD,,349 Newbury St,Boston,,02115,42.3486,-71.0873,4.5,23,0
MiiGgMdr3XwoSCwB6NYxcQ,Aesop's Bagels,,Boston University,Boston,,02215,42.3505,-71.1054,3.5,5,1
MiKXOdJ-5zOw_rNzVN20yA,Caff? Nero,,368 Congress St,Boston,,02210,42.3503,-71.0477,4.0,122,1
mJ6wNXXsc5ettMVhrLMv-Q,Popover King,,74 Canal St,Boston,,02114,42.3638,-71.0597,4.0,92,0
mJ7klxrTj-XaI-xLoh82DQ,MyBike,,391 W Broadway,Boston,,02127,42.3373,-71.0487,4.5,14,0
MJiAE5Hiu0OqvOWXeqCIPA,Blue Wave,,343 Congress St,Boston,,02210,42.3506,-71.0493,2.0,25,0
mJL2m70ARZPSdQGk0xnjGg,Holiday Inn Express Boston,,69 Boston St,Boston,,02125,42.3272,-71.0594,3.0,61,1
mjNE3CoH7Dx9k27jsjbyEA,Chaba Florists,,71 Stuart St,Boston,,02116,42.3512,-71.0646,5.0,110,1
Mjod9tBObVrViGTxqCyuaA,Blue State Coffee,,957 Commonwealth Ave,Boston,,02215,42.3519,-71.1191,4.0,208,0
MjopvJwjCbOtsLvkUxUZNQ,The Harp,,85 Causeway St,Boston,,02114,42.3645,-71.0623,2.5,281,1
MjpH-uP90jTUp_KqAOiBJg,Stella,,1525 Washington St,Boston,,02118,42.3399,-71.0726,4.0,816,0
mjrQOmemZwqbZ9D2C7FSjg,Skinny House,,44 Hull St,Boston,,02113,42.3669,-71.0562,4.5,6,1
Mk3BBrh69EnunRcmdNqBRA,ZAPS,,141 Brighton Ave,Boston,,02134,42.3531,-71.1315,4.5,11,0
mkCTMbS4E-g2aC1oUTAuig,The Greatest Bar,,262 Friend St,Boston,,02114,42.3645,-71.0615,2.5,274,1
MKDdAT9zuVLD3gN9qrPT0g,Dunkin',,270 Newbury St,Boston,,02116,42.3493,-71.0834,3.0,7,1
MKIngNGj0_cBKV4leGuCjw,The Tip Tap Room,,138 Cambridge St,Boston,,02114,42.361,-71.064,4.0,724,1
mKiX2HnrKYANR31PFuY8UQ,Juice Press,,131 Dartmouth St,Boston,,02116,42.347,-71.0754,1.5,6,1
mkjFGWSVDVcadyzsx9xNmg,Terrier Real Estate,,126 Newbury St,Boston,,02116,42.351,-71.0763,5.0,9,1
MkjhW1dVbl3e0AxBL0oXKw,Ward 8,,90 N Washington St,Boston,,02113,42.3654,-71.0586,4.0,486,1
MKo2iDx33hXHHx1tvWSJaQ,Chill On Park,,142 Park St,Boston,,02122,42.2986,-71.0604,4.5,60,1
mKrh4V-IOpvQgXxeR6uDNQ,Victoria's Secret,,82 Newbury St,Boston,,02116,42.3515,-71.0745,2.5,42,1
MkrrCDGNfLUg12f9Ru6ieg,Punter's Pub,,444 Huntington Ave,Boston,,02108,42.3385,-71.0929,3.5,83,0
mKx2MFRudzhPDJo7fyqYJQ,US Inspect,,,Boston,,02215,42.3568,-71.0646,4.5,9,1
Ml1aorj5AMZveLSzctHGJQ,Fenway Back Bay Snow Plowing,,1085 Commonwealth Ave,Boston,,02215,42.3525,-71.1249,2.0,17,1
Ml3RevpxZKmwSmDRNzMY5A,Figs by Todd English,,42 Charles St,Boston,,02114,42.3572,-71.0703,4.0,777,1
mLbaL7NKfxdE7iVPJx8grA,Charles Playhouse,,74 Warrenton St,Boston,,02116,42.35,-71.0662,4.0,69,1
mlBXViMT58r1OoFuAni2Iw,EverybodyFights FiDi,,One Federal St,Boston,,02110,42.3561,-71.0568,4.5,19,1
mLEzgdobNXmtuCS5xIGSVQ,Borders Books Music & Cafe,,511 Boylston St,Boston,,02116,42.3507,-71.0752,3.5,39,0
MLfuL7SpSaauSKnzix5p0g,Intermission Tavern,,228 Tremont St,Boston,,02116,42.3513,-71.0646,3.5,339,0
MlNfFIOvygCCOGFmwCTRZA,Wellesley Optical,,219 Newbury St,Boston,,02116,42.3499,-71.0813,4.5,41,1
mlxQmZli1YGIArgRSLsICQ,Chatime,,31 Harrison Ave,Boston,,02111,42.3517,-71.0613,3.0,236,0
mLyXF5a_xwBVOQ4r5XN_uQ,Boston Cafe,,220 N Market St,Boston,,02109,42.3603,-71.055,3.0,11,1
mM3fi68rKsYV4-fynvSq0g,An Tain,,31 India St,Boston,,02110,42.3582,-71.0532,3.5,75,0
MMAkeJgt_N0pu9xMdWYe0A,The Joint,,1080 Commonwealth Ave,Boston,,02215,42.352,-71.1238,4.0,5,0
MMg3pzhEBI8Qe7-jmvZVeQ,The Fenway Wine Press,,194 Brookline Ave,Boston,,02215,42.3439,-71.1018,4.0,7,1
mMhlvAJuNn4bBCwaT8Fknw,Bonne Chance Cafe,,77 Canal St,Boston,,02114,42.3642,-71.0596,4.5,47,1
mmJ2ixPN8NIkEEIM4oHd8g,Kings Dining & Entertainment - Boston Seaport,,60 Seaport Blvd,Boston,,02210,42.3528,-71.0472,4.0,200,1
Mn_z5WZEiNcrqaqvlBU4ig,Jack Welch Plumbing & Heating,,823 E 5th St,Boston,,02127,42.3339,-71.0276,3.0,11,1
MnA_dF1xkX-bnLR6hq4EmQ,Taiwan Caf?,,34 Oxford St,Boston,,02111,42.3515,-71.0602,3.5,1114,1
MnaQefME7ELudQVok_MLhw,Exotic Sushi & Tapas,,184 High St,Boston,,02110,42.3565,-71.0523,2.0,8,0
mnCVnKFT8yNua9X1LXYBqQ,Special Forces Moving,,122 Beacon St,Boston,,02116,42.3583,-71.0603,4.0,46,0
mnFhrH1Fi5GoSuV-5gVpnA,Krasi,,48 Gloucester St,Boston,,02115,42.3487,-71.0841,4.5,76,1
mNFztjSqfnUq7VNDx6m2xw,Top Bread,,77 Harrison Ave,Boston,,02111,42.3511,-71.0615,4.0,107,1
MnhvUSfpyXVvemqQJKAARg,Johnston & Murphy Shop,,800 Boylston St,Boston,,02199,42.3485,-71.0825,4.0,6,0
MNnwd70_DpD2R9RfXHGaCw,L Street Tavern,,658A E 8th St,Boston,,02127,42.3316,-71.0354,4.0,42,1
MNoaAM-BQPzSuUfFbGZWeA,New China Restaurant,,869 Harrison Ave,Boston,,02118,42.3344,-71.0762,3.5,55,1
MnpA3NZv-zWk7xTZabBBlA,Savenor's Market,,160 Charles St,Boston,,02114,42.3604,-71.0709,4.0,100,1
mo_e9JVwpwQ-cuMbeAliyw,Pret A Manger,,855 Boylston St,Boston,,02116,42.3488,-71.0831,4.0,26,0
MO72ZqNfTKckmwNIXy2wBQ,My Nail Salon,,669 Tremont St,Boston,,02118,42.3419,-71.076,3.0,62,1
mobTH1ZaxdzL_Id_phPchA,Starbucks,,1 Harborside Dr,Boston,,02128,42.3634,-71.0258,2.0,18,1
moghdY0n6S7FWUL2eL2N5w,Gourmet China House,,55 Beach St,Boston,,02111,42.3513,-71.0607,3.5,232,1
MOHC8k-fdsofW4SphpF7oA,Wang YMCA of Chinatown,,8 Oak St W,Boston,,02116,42.3486,-71.0647,3.5,47,1
MOiJ3LWkB1JzlGfQ1sZ_BA,Asana,,776 Boylston St,Boston,,02199,42.3485,-71.0824,3.5,113,0
mOJeCvYshG2jrsQF8eHYdg,The Pawstonian,,515 E 2nd St,Boston,,02127,42.3371,-71.0425,4.5,5,0
MovPLAPho9dqF6dK1UvxXg,El Paisa Orient Heights,,1012 Bennington St,Boston,,02128,42.3871,-71.0063,4.0,97,0
mP1EdIafQKMuOm9O4PzAfA,Barcelona Wine Bar South End,,525 Tremont St,Boston,,02116,42.3449,-71.0705,4.5,1097,1
mp49Ckxg9r8v5clRMQkX9g,The Astro Diner,,151 Belgrade Ave,Boston,,02131,42.2864,-71.1371,4.0,13,0
mpA4edzTO9ANAbwH7jr_LQ,Landmark Center,,401 Park Dr,Boston,,02228,42.3447,-71.1028,2.0,30,1
MPD1NLaO6WmNkcus3XkYtg,2012 New England International Auto Show,,415 Summer St,Boston,,02210,42.3455,-71.0466,2.0,8,1
mpf6dbIMEwtIir9DraZlvg,Boston Smoke Shop,,1117 Commonwealth Ave,Boston,,02215,42.3517,-71.1259,2.5,18,0
mpfeoufzfJNihsjMMOTmow,Btone Fitness,,133 Salem St,Boston,,02113,42.3648,-71.0554,5.0,49,1
mpplVvP9EAr95CFOlYiVow,Long Wharf,,Long Wharf,Boston,,02110,42.3603,-71.0479,4.5,19,1
mppWsveP2lfKLv2O7HuiCg,Hsin Hsin,,25 Massachusetts Ave,Boston,,02115,42.3505,-71.0896,3.5,126,1
mpqCXZh_xbe9-LYjcKRB-A,Jordan Hall,,30 Gainsborough St,Boston,,02115,42.3409,-71.0864,4.5,15,1
MqbSUx703JUIzgo-VM6HYw,Cryomed Boston,,419 Boylston St,Boston,,02116,42.3517,-71.0727,4.0,12,1
MQEFDZzS2zMDymgp7em3MQ,Boston Hair Design,,35 Kingston St,Boston,,02111,42.3535,-71.0593,4.0,5,1
MQFTwZGGqaQwLtpd0_p9lA,Watson Adventures Scavenger Hunts,,,Boston,,02115,42.3584,-71.0598,5.0,16,1
mQiO_kjRb9SeoVZvNO8ulA,Pini Swissa Salon,,18 Newbury St,Boston,,02116,42.3521,-71.0722,4.5,40,1
MqvMaY-0nmmZYf0B7tDBbQ,Boba Me,,1520 Tremont St,Boston,,02120,42.3323,-71.0998,4.5,50,1
mqW9j_ZCxiIir0PNqF8vqw,Poulet,,800 Boylston St,Boston,,02199,42.3485,-71.0825,3.0,14,0
mrlX1OFVNL5S4uGokYg2eg,Sleek Surgical & Medspa,,228 Newbury St,Boston,,02116,42.3497,-71.0813,1.5,76,0
MrN1UHWh_JUmQpzKR2P7Aw,Starbucks,,165 Newbury St,Boston,,02116,42.3508,-71.0788,2.5,68,0
MrZlHBnT7RPjtTDwaufbBg,M & M BBQ,,1250 Massachusetts Ave,Boston,,02125,42.3222,-71.0621,4.0,43,1
mS8QEXvW4mSJaFQLF7SGjg,Scissors and Pie,,225 Newbury St,Boston,,02116,42.35,-71.0816,4.0,89,0
mS9mf1cR_DY7HYrwKd4P4A,District Pizzeria,,270 Babcock St,Boston,,02215,42.3527,-71.1213,2.0,5,0
mserJjPhbtgFJVMNI1YT0g,CVS Pharmacy,,874 Harrison Avenue,Boston,,02118,42.3339,-71.0762,2.5,19,1
Msh7LxQIyT80_NHYW3TJtw,Sap?re Ristorante & Bar,,606 Congress St,Boston,,02210,42.3481,-71.0391,3.0,46,1
msjqItTWNcnJQkQRS2euMA,Boston Limousine,,113 High St,Boston,,02110,42.3548,-71.0543,1.0,5,1
MskMenU0KMsZt7DlaLyiAw,Snappy Sushi,,108 Newbury St,Boston,,02116,42.3512,-71.0757,3.0,477,0
MsRWkP1FznfTqarft2SECg,Ming's Supermarket,,1102 Washington St,Boston,,02118,42.3441,-71.0657,3.5,81,1
MSUrLyLEkGkEzTIvRaFQpA,South Boston Bark Park,,1280 Columbia Rd,Boston,,02127,42.33,-71.0455,4.0,14,1
msvj61yn2JMJvNeH4m2azw,Agent Provocateur,,123 Newbury St,Boston,,02116,42.3513,-71.0767,5.0,21,0
mSyHpS4dP_FDR-o8N3ye8Q,Lilly's Gourmet Pasta Express,,172 Brighton Ave,Boston,,02134,42.353,-71.133,2.5,52,0
Mt7agEa6E4GC6VunK9rdLg,Roger's Snow Removal and Landscaping Service,,20 Anderson St,Boston,,02114,42.3606,-71.0678,4.0,26,1
mt9zDWpvnzoDAdNaKhAHbw,Otaku,,44 Kneeland St,Boston,,02111,42.3508,-71.0616,4.0,11,1
MtC673EwHd6S9uqE9-48eQ,Gloucester Street Cigar,,34 Gloucester St,Boston,,02115,42.3493,-71.0845,4.0,6,0
mTDUvqfqg72hndZbjbApAw,Bobby Fish Market,,312 Bowdoin St,Boston,,02122,42.308,-71.0654,4.0,18,1
mtG5TI0nPbrty2zf8Gz7Jg,Barlow's Restaurant,,241 A St,Boston,,02210,42.3465,-71.0511,3.0,283,0
MtK4TGhPmTqPYQOPSGPSiw,Yoki Express,,53 Boston Wharf Rd,Boston,,02210,42.3511,-71.0456,4.0,116,1
mtL4VHG491pWUYPpTguSJg,Golden House,,303 W Broadway St.,Boston,,02127,42.3388,-71.0508,3.0,8,0
mTyK9-_6CYY6XYAG56c68Q,Carrie Nation Cocktail Club,,11 Beacon St,Boston,,02108,42.3585,-71.0618,3.5,345,1
MUA4S74hYjUGVtDNf8tj6w,Cunard Tavern,,24 Orleans St,Boston,,02128,42.3673,-71.0388,3.5,135,1
MuC1M7PokWsf0jcw7NWC_A,Dr Martens - Boston,,201 Newbury St,Boston,,02116,42.3504,-71.0805,4.0,54,1
MuC3ygu4v-atNulPBKWHhQ,Visual-Eyes,,120 State St,Boston,,02109,42.3593,-71.0547,3.5,10,1
MUgQ4WreqCD4JFK29oAK1Q,Parkside Dental Care,,37 Newbury St,Boston,,02116,42.3526,-71.0726,3.0,53,1
MUMLUSdVf-bppDAb3LsuLw,Keytar Bear,,,Boston,,02127,42.3365,-71.0349,5.0,5,1
MUs4mWUZWzR4UabPKeq-Gg,Tavern in the Square,,640 Atlantic Ave Train Terminal,Boston,,02110,42.3525,-71.0555,3.5,57,1
MUtnULdG2SSLHuJk55jTcQ,La Cancun,,192 Sumner St,Boston,,02128,42.3692,-71.0402,4.0,105,1
MUup2lqjjX8JYvYjFCAAeA,bartaco Seaport,,25 Thomson Pl,Boston,,02210,42.3512,-71.0473,4.0,460,1
mUXjthg4xKnLDLI5yRv7mQ,The Paulist Center,,5 Park St,Boston,,02108,42.3572,-71.0627,4.5,15,1
muzpw8XP5INzNM9UbBweMw,Davis Hairdressing,,341 W Broadway,Boston,,02127,42.3381,-71.05,4.5,51,1
mV7NZgzVGvuwAEfzz7xWJA,Nan Ling,,179 Massachusetts Ave,Boston,,02115,42.3457,-71.0873,1.5,107,0
mvEzzcqpiK5w5F80FEkYHg,Starbucks,,65-66 Beacon,Boston,,02108,42.3563,-71.0693,3.0,50,1
Mvj2oFUlpTX-vApgWp6jcw,My Laundry Hamper,,,Boston,,02111,42.3515,-71.0602,2.5,24,0
MvLiKMYpRpoKefFwel5GEA,El Paisa Restaurante,,215 Border St,Boston,,02128,42.3756,-71.0396,3.0,26,1
mVX6Q-eDhctEpDSkcyL8Yg,Tavern of Tales,,1478 Tremont St,Boston,,02120,42.3319,-71.0985,5.0,12,1
MVyWHA-lMbRtwVK9bAN1qQ,Prime Spaces Assembly Services,,,Boston,,02111,42.3515,-71.0602,4.5,11,1
MW3cYcn6GdPc20W-kFs8oQ,Land Of Pizza,,445 W Broadway,Boston,,02127,42.336,-71.0469,3.5,61,1
mwBqWoRMUhj-CF2c7vXeNg,Distraction Brewing Company,,2 Belgrade Ave,Boston,,02131,42.2868,-71.1303,5.0,15,1
MWI3zR7RperRH8CZKIU7Sw,Dig,,800 Boylston St,Boston,,02199,42.3483,-71.0825,4.0,86,1
MWrfhC7FlC_EUt3f8FiSyg,Greenlight Cafe,,560 Harrison Ave,Boston,,02118,42.3406,-71.067,3.5,31,0
MWyNFUJyQkUb5z_6xw4Gew,Caff? Nero,,1375 Boylston St,Boston,,02215,42.344,-71.1008,3.5,32,1
MX1ghONymPWTERlPj8Kt4w,Cell Phone Waiting Lot,,100 Harborside Dr,Boston,,02128,42.362,-71.0194,4.0,25,1
MXJC-8WYpsyuM8hAenoB5Q,La Sanghita Cafe,,389 Maverick St,Boston,,02128,42.3657,-71.029,4.5,45,0
mxjVk5rvPNhzYe_vt3OSQA,B&G Oysters,,550 Tremont St,Boston,,02116,42.3439,-71.0713,4.0,1055,1
MXrtdSL_3yDSyPS9xO1sUA,Cafe Esplanade,,Esplanade Storrow Dr,Boston,,02116,42.3563,-71.0742,3.0,9,0
My0hAP65e7GRReD5B0DxWw,Chiropractic & Sports Services of Boston,,653 Summer St,Boston,,02210,42.3398,-71.0436,5.0,11,1
my4a8guAWbC5rcPXnZbw2Q,Upper Crust Pizzeria,,222 Newbury St,Boston,,02228,42.3497,-71.0811,3.5,164,0
MYpHtDQo-kl1w_1gEPMOnw,Shear Madness - A Comedy Whodunit,,74 Warrenton St,Boston,,02116,42.35,-71.0662,4.5,163,1
MyrEx0Xm3dHMRrMP_uQC0g,3 Day Blinds Shop-At-Home Services,,,Boston,,02324,42.3341,-71.0678,3.0,53,1
mywuQjKCSyBGL9KFI06vwg,Blackbird Doughnuts,,20 Kilmarnock St,Boston,,02215,42.3444,-71.1,3.5,185,1
mzFSHNsXfndf65oHQey9IQ,Filson,,52 Seaport Blvd,Boston,,02210,42.3528,-71.0475,4.0,5,1
mzfVXf7EihemgJMFdX5dOw,Balayage by Kara,,18 Newbury St,Boston,,02116,42.3525,-71.0718,5.0,12,1
mZh4fZUoxiQobYEVDq4I4A,Vino Volo,,1 Harborside Dr,Boston,,02128,42.363,-71.0256,3.5,73,1
mZU0TdJ21RFcmn6RsNOkeQ,Vinea,,Boston Logan Airport,Boston,,02210,42.3621,-71.0184,3.0,13,0
MZUafSa81_vmRMp5UWO-eA,El Palmar Restaurant,,290 Bennington St,Boston,,02128,42.379,-71.0286,5.0,9,1
N_0vTqM-UaNByjTNgnvUFg,Minibar,,51 Huntington Ave,Boston,,02116,42.3483,-71.0786,3.0,146,0
n_L84L3OrtR43x8ewYHTHw,New Golden Gate,,66 Beach St,Boston,,02111,42.3514,-71.06,3.5,322,1
N-Tz_xOnlSFP-VzmjebptA,Silvana's House Cleaning,,,Boston,,02115,42.3399,-71.0899,4.5,162,1
N-XscYF_FeiX3KdnZD4mFg,Flats on D,,411 D St,Boston,,02210,42.3446,-71.0436,4.5,20,1
n0t06_NLi9-xH9zEXihO3A,Skip Scaro's Barber Shop,,78 Dorchester St,Boston,,02127,42.3358,-71.0449,4.5,14,1
n15kZTmPh7DmSdAYk4Gf7Q,Al Capone Pizza Pasta & Meats,,102 Broad St,Boston,,02110,42.3574,-71.0522,3.0,7,1
n1jPGoWhbLwuTxJmkKvMFg,Luna Boston,,205 Newbury St,Boston,,02116,42.3503,-71.0809,4.0,18,0
n1mewKrDmazExXTedg5Z3g,Peet's Coffee,,50 Salem St,Boston,,02113,42.363,-71.0564,3.5,26,0
n2sIR2-c0qG2tN7s07vnQw,Patisserie on Newbury,,257 Newbury St,Boston,,02116,42.3495,-71.0831,3.5,140,0
n3F0gcdUt1G3TMbl3yDWlw,Honey Dew Donuts,,700 Atlantic Ave,Boston,,02111,42.3518,-71.0552,3.0,11,0
N3lGrXAA7P4wnRlwLgp7eg,Rugg Road Paper,,105 Charles St,Boston,,02114,42.3592,-71.0705,4.5,30,1
n3Tuq7qUb4F5bF5dDeX63Q,Lee's Nails,,263 Bowdoin St,Boston,,02122,42.3065,-71.0665,2.0,9,1
N4_779fRC5EbFZjgqrctVg,Runway Salon,,11 Newbury St,Boston,,02116,42.3525,-71.0719,3.5,13,0
N48l2ZQ_rGsQqCwUsQG7-w,Pret a Manger,,101 Arch St,Boston,,02110,42.355,-71.0595,3.5,83,0
n4R6lu4b3-S0WoXOGIWA_Q,Upper Crust Pizzeria,,683 Tremont St,Boston,,02118,42.3416,-71.0766,3.0,188,1
n4SHT9HXd-ZUhHO2ADAhBg,Rebecca's Cafe,,380 Huntington Ave,Boston,,02115,42.3388,-71.0889,4.0,25,1
N4xrhWGDa6J1vWeCjCDZeA,The Boston Bodyworker,,1 Seaport Ln,Boston,,02210,42.3492,-71.0415,4.0,150,1
N4YzWAUUc5MNh6X4NG6HNQ,Doyle Real Estate,,163 Newbury St,Boston,,02116,42.3509,-71.0788,2.5,5,1
n5c-AeQYPJxIpjiuOKjxOg,Good Life,,28 Kingston St,Boston,,02111,42.3535,-71.0592,3.5,358,1
N5J08PPVDTkBZJ05hVGoUA,Starbucks,,27 School St,Boston,,02108,42.3577,-71.0592,3.0,63,1
N5LTe0qzyhhunYZ0Nrxj_A,Audio Concepts,,870 Commonwealth Ave,Boston,,02215,42.351,-71.1142,3.5,8,0
N6ij2AzDvSsLOGe_m3o2pg,Kenmore Square,,Commonwealth Ave And Beacon St,Boston,,02215,42.349,-71.0969,3.0,17,1
n6iTeADfaVagZjsoZZ631A,Emmet's Irish Pub & Restaurant,,6 Beacon St,Boston,,02108,42.3582,-71.0613,4.0,297,1
N78TSwxdXeYZaKZsyvkryA,Code 10,,1638 Washington St,Boston,,02118,42.3379,-71.0747,3.5,112,1
N78y9bc5WFmG4QmkQ7MeBQ,Neuhaus,,1 S Market St,Boston,,02109,42.36,-71.0547,4.0,13,0
n8pHgznDo7EKLQCk32lfEw,Quarry Hills Plumbing Heating & Cooling,,,Boston,,02114,42.3653,-71.0646,4.0,19,1
N8SUQ1v5YrRcMOjrls6zsw,Beacon Hill Chocolates,,91 Charles St,Boston,,02114,42.3587,-71.0705,4.0,110,1
N9CuCu-bMcKWN4wFMoVH5Q,Beth Israel Deaconess Medical Center - Emergency Department,,1 Deaconess Road,Boston,,02115,42.3383,-71.109,1.5,25,1
n9LQTRjIS7E0jtq6Y-GhpA,Whole Foods Market,,181 Cambridge St,Boston,,02114,42.362,-71.0655,3.5,238,1
n9nvM67G7x5ReNz3daRXXQ,The Boston Common Frog Pond,,Beacon St,Boston,,02108,42.3559,-71.0659,4.0,117,1
N9u8qAgYwkF_s_cw20j7dw,Burritos Express,,86 Bedford St,Boston,,02228,42.3534,-71.0597,3.5,35,0
n9w2wJIH5lGD-2vAnQvATA,Pockets Billiard Club,,981 Bennington St,Boston,,02128,42.3863,-71.0074,2.5,8,1
NA6W0taag5SnYLvh7ejRqQ,Greater Boston Food Bank,,70 S Bay Ave,Boston,,02118,42.3342,-71.0659,4.5,14,1
Na82-d0fbHN5lMqr4LJsrA,Starbucks,,1304 Commonwealth Ave,Boston,,02134,42.3485,-71.1341,3.0,51,1
nA8dyFZNY75uwatdQ15ZkQ,Helados Juli's Frozen Dessert,,8 Brooks St,Boston,,02128,42.3755,-71.0318,5.0,30,1
nAa54LepZ00qUTPHyR-k8g,Moxie,,51 Charles St,Boston,,02108,42.3575,-71.0703,4.5,16,0
NAmFOgwxPXEjniLHxWg4SA,Cafe Arpeggio,,398 W Broadway,Boston,,02127,42.3374,-71.0481,3.5,74,0
nASLfHYv1zC7zJYdKGJl8w,Zia Gianna,,1735-1741 Dorchester Ave,Boston,,02124,42.291,-71.0631,4.5,71,1
nAsrn97QY9ZtjT4NSLMT7g,Spike's Junkyard Dogs,,1076 Boylston St,Boston,,02215,42.347,-71.088,3.5,152,0
nauaJRHhXvOOlqldh6LUtQ,Plymouth Rock Assurance,,695 Atlantic Ave,Boston,,02111,42.3516,-71.0564,1.5,96,1
NavcwCHgBmBjoKCXHt8JDg,Mike's City Diner,,1714 Washington St,Boston,,02118,42.3369,-71.076,4.0,613,1
NbbyfKAk3PRCXTrNWpZ5Eg,Pad Thai Cafe,,1116 Boylston St,Boston,,02115,42.3468,-71.0888,4.0,341,0
nbBZ5-dVtxOyG19kaGnchQ,Fat Tony's,,273 Newbury St,Boston,,02116,42.3495,-71.0837,4.5,5,0
NBcUDQ4aJKgMgUd49YfyRw,Rock Spot Climbing,,67 Sprague St,Boston,,02136,42.2352,-71.1381,4.0,68,1
nBG0C0J7bnBnUMB39F5O-A,Bin 26 Enoteca,,26 Charles St,Boston,,02114,42.3568,-71.0698,3.5,289,1
NbuzU0Zprx75wOoIwJEKKw,Victoria's Jewelry,,43 Temple Pl,Boston,,02111,42.355,-71.0619,1.5,8,1
nc-qdvu6RdTb3Jcb0MzulQ,Laser MD Medspa,,172 Newbury St,Boston,,02116,42.3503,-71.0789,3.0,105,1
nC0f4QZEgrSgfyF1ABDugA,Rolls Realty,,1125 Commonwealth Ave,Boston,,02134,42.3514,-71.1261,4.0,8,1
NC7gbz8yEyyanw21el0TnQ,West End Salon & Spa,,68 Staniford St,Boston,,02114,42.3631,-71.0644,3.5,15,0
ncFvAU39sheGZWOfnSuYgg,Boston's Big Easy,,624 Blue Hill Ave,Boston,,02121,42.3029,-71.0852,3.5,14,0
ncIw_MTWmwcVOGQQMkQfzQ,Kenmore Army & Navy Store,,477 Washington St,Boston,,02111,42.3549,-71.0611,3.5,43,1
ncQPmBdDDDl4qS0uKVuwdQ,Motley Home,,652 Tremont St,Boston,,02118,42.3418,-71.0753,4.0,16,0
ncsKJTkgDSuZoZNFLd_3Lg,Church of Scientology Boston,,448 Beacon St,Boston,,02115,42.3517,-71.0873,1.5,9,0
nCy6h-gVVe0nPXzmaowkXw,Pomodoro,,319 Hanover St,Boston,,02113,42.3641,-71.0541,4.0,618,0
ndlF9lH5TA5Uu3uDAZMLcA,Merrill & Co.,,1 Appleton St,Boston,,02116,42.3466,-71.0695,3.5,76,0
ndlWx0BVR6SPpRiTk4bwQA,At Home Real Estate Group,,109 Savin Hill Ave,Boston,,02125,42.3116,-71.054,2.5,21,1
NDmnlSPo3gN6FWhZav5qCA,Piccola Venezia,,263 Hanover St,Boston,,02113,42.3634,-71.0548,2.5,148,0
NdnTlj1UWzYKBCgJDAP1Fg,Vivant Vintage,,318 Lincoln St,Boston,,02134,42.3571,-71.1329,5.0,23,1
ndO6w5EoVZI1-e_Adl-ltw,Benevento's,,111 Salem St,Boston,,02113,42.3643,-71.0554,4.0,490,1
NdYVBb0ikzfYTiZYoDXPsg,Bon Me - Fort Point,,313 Congress St,Boston,,02210,42.3512,-71.0501,3.5,65,1
nEePCtRR2Va8ciLLhxvE8Q,Starbucks,,700 Commonwealth Ave,Boston,,02215,42.3494,-71.1031,2.0,14,1
nEFVCt5OTf45BoKGs_j7lQ,Daniel Wellington,,228 Newbury St,Boston,,02116,42.3497,-71.0813,3.0,6,0
nEjFzkYcKEjnZr3QaZN9Iw,Viola Lovely South End,,1409 Washington St,Boston,,02118,42.3411,-71.0703,4.5,8,1
NEPOXhV9IkvDXVS1dw7y2w,Avis Rent a Car,,270 Atlantic Ave,Boston,,02110,42.3585,-71.051,2.5,8,1
nET0nQjK8nFtdB7MKv85aA,Long Distance Movers,,,Boston,,02119,42.3218,-71.0884,4.5,21,1
nEVMsmylu6x6CpUiat0ELw,Dunkin',,111 State St,Boston,,02109,42.3591,-71.0548,4.0,19,1
NEyVq3SIgEQrHiGYzh2O8A,Eataly Boston,,800 Boylston St,Boston,,02199,42.3483,-71.0825,3.5,980,1
nEzjV7vujX3smnKqXz9Pvg,Gogi On The Block,,,Boston,,02114,42.3408,-71.0673,4.5,28,1
NF0zOe1t0urzd1HyCeeeKQ,Flat Black Coffee,,255 State St,Boston,,02110,42.3592,-71.0513,4.5,5,0
Nf2LTQ9jJshx41sSBahaoQ,Blue Yama,,418 Market St,Boston,,02135,42.3494,-71.1531,5.0,10,1
nF4oGEDfe798W1Fq-CGYtg,New City Laundry,,600 Washington St,Boston,,02135,42.3503,-71.1669,2.5,7,0
Nf6wsjK1xoFv326LuCXjjQ,BostonNOW,,30 Winter St,Boston,,02108,42.3557,-71.0615,1.0,6,1
NfCytIzEsL0Tt_Sqw6W6Dw,Luke's Lobster Seaport,,53 Northern Ave,Boston,,02210,42.3531,-71.0463,4.0,78,1
nfgJG_ugvP7Izs74jy-gNA,Holiday Boutique,,53 Charles St,Boston,,02114,42.3576,-71.07,4.0,16,1
NfIWgqIbpvUD0cBRNIKypQ,Chipotle Mexican Grill,,148 Brookline Ave,Boston,,02215,42.3447,-71.1008,3.0,157,1
nFOn76_mZq5FMQuUUENQiA,Cafe Podima,,156 Cambridge St,Boston,,02114,42.361,-71.0649,3.5,152,1
NFoPq80TZLoe0TNgMAMJkA,Truong Thanh Liquors,,65 Beach St,Boston,,02111,42.3514,-71.0601,3.5,13,1
nfoTO7gF8XffCsbJaXVZrA,Pigalle,,75 Charles St S,Boston,,02116,42.3499,-71.0666,3.5,237,0
Nfpgs_E_SL3dEP5cg3Pd7w,Vanderbilt Kitchen & Bar,,105 Water St,Boston,,02109,42.358,-71.0547,3.0,46,0
nfZLdMmcqPbmSooutrc9yQ,Cafe G,,25 Evans Way,Boston,,02115,42.3382,-71.099,4.0,100,1
NG7AujZh3bOw6XkCgIc4kw,A New Spin Laundry,,100 Salem St,Boston,,02113,42.3642,-71.0557,3.5,65,1
NgIaiaTtEk6xrwEHR2VIuQ,West Square Apartments,,320 D St,Boston,,02127,42.341,-71.0497,2.5,16,1
nGXdX6_tFH9LchhoyDp7Zw,Laced,,426 Massachusetts Ave,Boston,,02118,42.341,-71.082,2.0,41,1
ngymeRuzVWEyzxMDKX1qoA,C-Town Studio,,314 Main St,Boston,,02129,42.3782,-71.068,3.0,5,1
ngZ5ZrnfzK0TFO1cFOoGug,Horn Jewelers,,339 Washington St,Boston,,02108,42.3567,-71.0591,4.0,20,0
NgZCdJcK9ce5YI6YNq79Qg,Global Luxury Suites,,660 Washington St,Boston,,02116,42.3518,-71.0625,1.5,11,1
nH3d90JxStNi2VPv0Mfetg,Saladworks,,22 Tremont St,Boston,,02108,42.3588,-71.0597,3.0,28,0
nHANiGg8mb8Gj44rU7KSHQ,Yuri's Watches,,142 Newbury St,Boston,,02116,42.3509,-71.0772,4.0,98,1
nHBOVG04q-OE96cbe1V91A,Joi Salon,,2 Atlantic Ave,Boston,,02110,42.364,-71.0505,4.5,100,1
nHIFX9g7ndp0_1dIDm0cMA,Queen Bee,,85 Newbury St,Boston,,02116,42.3517,-71.075,3.5,9,0
nhVdp0izJGusrf1RfjecpA,Boston Mobile Notary,,,Boston,,02116,42.3531,-71.0765,5.0,6,0
nhVxjtwW6vLYN5OvAAl9Qw,Eastern Pier II,,146 Northern Ave,Boston,,02210,42.3513,-71.0437,3.0,6,0
nI3Ii7xaypVgFyfGL5KSyA,MiniLuxe Seaport,,81 Seaport Blvd,Boston,,02210,42.352,-71.0464,3.5,75,1
NIdnO8KahLVwnaoTki_nFQ,Noon Mediterranean,,95 Summer St,Boston,,02110,42.3538,-71.0584,3.5,55,1
nIEpvNvqzZPY99JL8bpl3A,Bishop's Mediterranean,,70 Staniford St,Boston,,02114,42.3631,-71.0643,4.0,98,1
nihpJO4vsncRjc1dP9bKww,TROY Boston by Greystar,,55 Traveler St,Boston,,02118,42.344,-71.0625,3.5,24,0
nIMt9GjRim4BFt5sjUgwQQ,Citizens Bank,,40 Summer St,Boston,,02110,42.3547,-71.0591,2.0,10,1
nioBuuFAto9KclpSFLooQw,Dunkin',,106 Cambridge St,Boston,,02114,42.3611,-71.0632,2.5,13,1
nIS4O-TwLYkA_P1Cu0SfhA,Yvonne's,,2 Winter Pl,Boston,,02108,42.3555,-71.0614,4.0,995,1
Nitt-b0oLOmV16YuTuCSYg,El Diez Argentinian,,,Boston,,02110,42.3572,-71.0551,2.0,12,1
niTzDWh12Pmds5YClj9_vA,Daisy Cares Dog Walking,,,Boston,,02110,42.3613,-71.0483,5.0,11,1
NJ719H4VrM61oVM0WFtEdQ,Fresh Mango,,34 Bromfield St,Boston,,02108,42.3567,-71.0603,3.0,37,0
NjeWGKmg0PuCeFfh6vLTIw,Rowes Wharf Health Club and Spa,,70 Rowes Wharf,Boston,,02110,42.3562,-71.0503,2.5,7,1
nJqr4XPrqwRllghvqmTJPA,Gorham Productions,,,Boston,,02115,42.3399,-71.0899,5.0,13,1
njsxv2Dw2wlfTU7etsC96Q,Johnny Cupcakes,,279 Newbury St,Boston,,02116,42.3497,-71.084,3.5,202,1
NjWw1P0zPbtKKK6In-QEgw,Garage at Post Office Square,,0 Post Office Sq,Boston,,02109,42.3567,-71.0562,5.0,50,1
NJzZwLsjy7NzA4UYjQBAhg,Beacon Hill Plumbing & Heating,,56 Myrtle St,Boston,,02114,42.3592,-71.0664,3.0,23,1
NkdfkkCeCPBHCI7v0cLdpQ,The Interior Edit,,,Boston,,02101,42.3566,-71.0565,5.0,6,1
NKKYxM7uXUZV2sjMMqLGXA,Joslin Diabetes Center,,1 Joslin Pl,Boston,,02215,42.3386,-71.1086,2.5,13,1
nKmMTup2mvzA-l85rU-5Nw,MStarr Design,,,Boston,,02127,42.3365,-71.0349,3.5,5,1
nkWcgS8V78XyLvOtN2pvlQ,Shippy's Warehouse,,842 Beacon St,Boston,,02215,42.3474,-71.1033,4.0,11,1
nKyh1iRrA1sNKupLCsJBxA,Fisherman's Net,,200 Faneuil Hall Market,Boston,,02109,42.3602,-71.0542,3.0,60,1
NL4C64y-wKVlGoBolxL8og,Broad Street Riot,,131 Broad St,Boston,,02110,42.3571,-71.052,4.0,32,0
nLBXkCMm9UlDs-i7-2doow,Christmas in Boston,,1 Faneuil Hall Sq,Boston,,02109,42.3598,-71.0548,4.0,34,1
nlD3PeP7EMix01ycr5gr8w,Jonathan Adler,,129 Newbury St,Boston,,02116,42.3514,-71.0768,4.0,12,0
NlGj4TmNkcNaN5nP39sNtQ,Red Island Restaurant,,659 Warren St,Boston,,02121,42.3096,-71.083,2.0,7,1
nlK9cjvzlOX2x4RP-u34jw,Froyo Truck,,Post Office Sq,Boston,,02118,42.3565,-71.0558,4.5,8,0
NLL39qXTvhP2BqFQdsaE9g,Mgh Orthopaedic,,101 Merrimac St,Boston,,02114,42.3638,-71.0616,4.5,6,0
nlnWODemnfzut10tzC5x3A,Post 390,,406 Stuart St,Boston,,02116,42.3489,-71.0741,3.5,663,0
nlPstrgG7Hwn94_yuxCKeQ,Intermix,,186 Newbury St,Boston,,02116,42.3502,-71.0794,3.0,38,1
NLR7pYAIB2o96-on4iirEg,Balance Patch,,1031 Commonwealth Ave,Boston,,02215,42.3523,-71.1218,5.0,16,1
NlxY96R-E9yX4lFNJwf0cw,Red Sky,,16-18 North St,Boston,,02109,42.3607,-71.0565,3.5,122,0
nlXzTZVqvMXijt0VBDoZDQ,Stage Nightclub,,19 Boylston Pl,Boston,,02116,42.3519,-71.0659,3.0,20,0
nm7HgRp_KGiHZ8pVw9VAfg,Erick Vargas Beauty,,,Boston,,02108,42.3549,-71.0661,5.0,6,1
nmhOAKM0bs2v6pPBO3rq9g,The Castle at Boston University,,225 Bay State Rd,Boston,,02215,42.3503,-71.1057,5.0,5,1
nMibw8Kqegopv2A2exn0cg,India Express,,417 Washington St,Boston,,02108,42.3559,-71.0605,2.0,5,0
nmSiYGAo8YA4oCXjAAgY5g,The Mission Bar & Grill,,724 Huntington Ave,Boston,,02120,42.3338,-71.1051,3.5,335,1
nMtRVqXxt_Xc6rrO6zEigg,Aujourd'hui,,200 Boylston Street,Boston,,02116,42.3522,-71.0685,4.5,45,0
nMWUDLMmNaWjQOccUo4B9A,JP Nails & Spa,,606A Ctr St,Boston,,02130,42.3145,-71.114,4.0,60,1
NN2hzH-j1SohpcbrO9sUeQ,Downtown Crossing,,24 Winter St,Boston,,02108,42.3555,-71.0613,3.0,71,1
NnEdFhtOrO70ASQLc2eavQ,StinkySocks Hockey,,369 Congress St,Boston,,02210,42.3498,-71.0481,3.5,25,1
nnjCV6urh4dB_qUOVQUNOw,Terminal E,,1 Harborside Dr,Boston,,02128,42.3697,-71.0198,3.0,91,1
NnrJG-US1aXCDxbkhi4jEQ,Sassoon Salon,,399 Boylston St,Boston,,02116,42.3518,-71.0723,4.0,77,1
nntBCSysaUTtWNwfy7OM7g,The Rattlesnake Bar & Grill,,384 Boylston St,Boston,,02116,42.3513,-71.0723,2.5,100,0
noAdliOGEmYn10Vhe_JCaA,Piano Craft Guild,,791 Tremont St,Boston,,02118,42.3388,-71.0818,2.5,23,1
nOBo0L1FnBegBH0vBZ22Fg,Contrada's Coffee,,402 Hanover St,Boston,,02113,42.3659,-71.053,3.5,8,0
nOQn6TPDyNjX3M4q_nZBnw,Jasmine Sola,,344 Newbury St,Boston,,02115,42.3482,-71.0869,3.0,35,0
noS9oy5_67Zf8akMc5XhGw,The Salvation Army Kroc Center,,650 Dudley St,Boston,,02125,42.3195,-71.0703,3.5,21,1
nOxTU01P6HQwWFOeeGgDng,My Gym,,1065 Commonwealth Ave,Boston,,02215,42.3525,-71.1235,4.5,15,1
noZDdwtajAkMCDVFPqV19w,L.A. Burdick Handmade Chocolates,,220 Clarendon St,Boston,,02116,42.3511,-71.0755,4.5,446,1
nPDICQyiWkmkHRIs7rZp_A,Subway,,100 City Hall Plz,Boston,,02108,42.3595,-71.0588,2.5,8,1
NpF6tnFh09Xp66DPh3BrGQ,Better Bagels,,83A Seaport Blvd,Boston,,02210,42.3519,-71.0462,3.0,98,1
nPNKS1a2tmu7k43uo-Iiyg,Boston University Track & Tennis Center,,100 Ashford St,Boston,,02215,42.3542,-71.1234,4.5,5,1
NPQaKI3aMMMVbq4qaMJmgQ,B Cummings Hair Salon,,309 Shawmut Ave,Boston,,02118,42.3424,-71.0705,5.0,7,1
npQWo7dJQ-NKD2knvzlouQ,Ruby's Nail Salon & Spa,,333 Massachusetts Ave,Boston,,02115,42.3423,-71.0848,3.5,130,1
NPuAE48_OhNxnpDi94dQIA,P&R Restaurant And Ice Cream Parlor,,208 Dudley St,Boston,,02119,42.3285,-71.0805,3.5,20,1
nQD2979yE13Uf_fGb60TCw,Freshii,,185 Dartmouth St,Boston,,02116,42.3486,-71.0762,3.5,55,0
nqDZ6Tir0rmh6eUDuNsClA,Bradley Liquors,,1252 Boylston St,Boston,,02215,42.3449,-71.0958,3.5,21,0
NQiCoQa2vdLtyjH4-JxJWQ,Mangia,,7 Ellery St,Boston,,02127,42.3303,-71.0586,1.0,8,1
Nqiq5VzRDIEQ4LEflwdW-A,Avenue One,,1 Ave De Lafayette,Boston,,02111,42.3535,-71.061,3.0,70,1
nqKL5PbJbwwoCK_Xon31kA,Maggiano's Little Italy,,4 Columbus Ave,Boston,,02116,42.351,-71.0685,3.5,908,1
nqpSOBAS1iGDTQZM902AlA,Imperial Seafood Restaurant,,70 Beach St,Boston,,02111,42.3514,-71.0599,4.5,7,0
nqpxX0XLfCc9UnK7wxuEtA,Greek Pizza,,1132 Blue Hill Ave,Boston,,02124,42.2856,-71.0909,1.0,5,1
nQQxQ5Nei7wJttFpROipLg,Panera Bread,,289 Huntington Ave,Boston,,02115,42.3417,-71.0866,2.5,108,1
NqUJd7-KHIiu7wtYS4Um2Q,Shawmut Yoga,,280 Shawmut Ave,Boston,,02118,42.3429,-71.069,4.0,11,1
Nr6bzNBfQX6Fz0p33_Mmww,Griddler's Burgers & Dogs,,204 Cambridge St,Boston,,02114,42.361,-71.0659,3.0,97,0
nRCFlPr0_MUPVyWlAKbwyQ,Mo'Rockin Fusion,,100 Hanover St,Boston,,02108,42.3622,-71.0575,4.5,31,1
nRCyqggFgNJbC9J6M9li0A,Eye Q Optical,,544 Tremont St,Boston,,02116,42.344,-71.0711,4.5,15,0
nRF3O0WccSs6PqIWmqjt_w,Banana Republic,,28 Newbury St,Boston,,02116,42.3521,-71.0725,3.5,39,0
NRlpDHEPCX4dJH1A-TOKoQ,TKK Fried Chicken,,1 Brighton Ave,Boston,,02134,42.3529,-71.1253,4.0,24,1
NRS7X6_CI7FkrWd2oQWDpg,Sweet Teez Bakery,,196 Quincy St,Boston,,02121,42.3132,-71.0744,4.5,7,1
nS8uRoVeqe20VsDDH59jHQ,Boston Foodie Tours,,,Boston,,02114,42.3653,-71.0646,5.0,67,1
NS9It1fuETA-gbDI6GafLQ,Sweet Waffles + Boba,,18 Hudson St,Boston,,02111,42.3506,-71.0599,4.0,133,1
NslwiBEmTw7qXeMNAZTkUQ,Caff?bene,,333 Massachusetts Ave,Boston,,02115,42.3423,-71.0848,4.0,245,1
NSNAfAWboIdhN___c23M7A,Finagle-A-Bagel,,1 Ctr Plz,Boston,,02108,42.3601,-71.0605,3.0,14,0
nsQ9U7u-erYOO2A6jK1Waw,Icelandair,,1 Harborside Dr,Boston,,02128,42.3696,-71.0201,2.0,98,1
NsTKF6KaqIY7hSMrNvE2GA,Surf City Squeeze,,1 South Sta,Boston,,02110,42.352,-71.0551,3.0,14,0
NT94mhTvevOpDnVrB7wPaQ,Paris Creperie,,326 Cambridge St,Boston,,02114,42.3609,-71.0692,3.5,16,0
NtBqmLY-VgeN34udqo1C3Q,Gentle Movers,,25 Boston St,Boston,,02127,42.3595,-71.0589,2.0,37,1
NtnD4AmBllcX3Pl4jZfhnA,L'Aroma Cafe,,85 Newbury St,Boston,,02116,42.3519,-71.075,4.0,242,0
nToTGKPQ0KCdrAFjV6AaJw,K-Beauty,,78 Essex St,Boston,,02111,42.3527,-71.0606,5.0,6,1
NtS0KAfomUtjyaUXiQHujA,CubeSmart Self Storage,,150 William F McClellan Hwy,Boston,,02128,42.3852,-71.0206,3.0,9,1
nUB0kKkU3dJdSOAhBAW7yg,Emerson's Cafe,,80 Boylston St,Boston,,02116,42.3524,-71.0649,2.5,35,0
NUHabgzgUlSmdJheaSff-A,Hot Mess! Sundays,,279 Tremont St,Boston,,02116,42.35,-71.0657,5.0,6,1
NUlwKKRyGSlSEPjCrbT7aw,Chemistry Fashion Accessories,,324 Newbury St,Boston,,02115,42.3484,-71.086,4.0,12,0
nV4Fso9lyZJ2W_DBYL7agw,Happy Lamb Hot Pot,,693 Washington St,Boston,,02116,42.3512,-71.063,4.0,189,1
nv9yxEf50bBwPOjMx2Sqeg,Tequila Mexican Grille,,55 Bromfield St,Boston,,02108,42.357,-71.0608,3.0,23,0
nVBUZE-h6wIhxS7O5kbTKw,Compleat Strategist,,957 Commonwealth Ave,Boston,,02115,42.3519,-71.1191,3.0,13,0
NVmMEH8xQORB62aV2uaslg,Bell Olmsted Park,,161 S Huntington Ave,Boston,,02130,42.327,-71.1118,3.0,10,1
NVmqkc9-Pb4JxTzujpkOew,Burritos and Tacos To Go,,145 Dartmouth St,Boston,,02116,42.3474,-71.0752,4.0,29,1
nvRm7mpBGe2uMo0Oe64VXg,GNC,,545 Boylston Street,Boston,,02116,42.3508,-71.0759,3.0,17,1
nvSIoGq_vt_VTrJBqgF4Gg,The Puddingstone Tavern,,1592 Tremont St,Boston,,02120,42.3335,-71.1031,4.0,24,1
nvsy1JA62_6j-EFwFaa1bA,My Nail Salon,,261 W Newton St,Boston,,02116,42.3451,-71.0811,3.5,138,1
nW5cQEvIfTPQoi9Amf8IQQ,Vintage Taste,,103 Charles St,Boston,,02114,42.3591,-71.0707,4.0,8,1
Nw5Sb_CQdKbPXf2HOjpbZQ,Luigi and Roscoe's,,279A Newbury St.,Boston,,02115,42.3494,-71.0841,2.5,5,0
NW6xfyanqKlrEkpnLssreg,Happy Lemon Boston,,417 Washington St,Boston,,02108,42.3559,-71.0605,4.0,157,1
NwbFw0UPhInZXjkCWjxeJA,Subway,,805 Harrison Ave,Boston,,02118,42.3359,-71.0741,3.0,5,0
nwFRdB3MIusKvaw8B80uug,Chilli Duck Thai Cuisine,,829 Boylston St,Boston,,02116,42.3489,-71.0826,3.5,406,0
nwhdFu0QJQOtNbAAlTrraQ,Bed and Breakfast Associates Bay Colony,,453 Beacon St,Boston,,02115,42.3511,-71.0878,3.5,8,1
NwJ7m7XeYvAruDeFbqabGg,The Fireplace Doctor,,,Boston,,02116,42.3531,-71.0765,1.0,20,1
nwU1tKh-D68B7Z44DbDwXg,Little Asia Restaurant,,991 Bennington St,Boston,,02128,42.3863,-71.0071,4.0,78,1
Nx_4t3blKy5yEqG5lrvPHA,Accessoreez,,252 Newbury St,Boston,,02116,42.3494,-71.0827,4.0,8,0
Nx1BM16qIymACQxngpmI4A,Top Catch at Joe's Waterfront,,100 Atlantic Ave,Boston,,02110,42.362,-71.0506,3.5,39,0
nX7pGenJJje19_X1PZoWxg,Allbirds,,205 Newbury St,Boston,,02116,42.3503,-71.0809,4.0,5,1
nxF7dXpZ3_FzJcOoEsmFqA,Cross Country Moving,,,Boston,,02109,42.3661,-71.0483,4.0,19,1
NXMoXl2TYmyatFing6wx7A,Yogurtland,,294 Newbury St,Boston,,02115,42.3488,-71.0847,3.5,7,0
NxoVqNdPZ0syrmN0PPglvg,Guy Fieri's Tequila Cocina,,110 Causeway St,Boston,,02114,42.3657,-71.0617,3.0,79,1
nxRKTYDKf_W1yCFZpLUxDg,Mugar Memorial Library,,771 Commonwealth Ave,Boston,,02215,42.351,-71.1079,3.5,9,1
nxTBUX3wKaXErRDdoCxwBQ,Osushi,,10 Huntington Ave,Boston,,02116,42.3487,-71.0773,3.0,224,0
nxZBWpEc4xsUjxsc3gfz3g,People's Choice Auto Repair,,165 N Beacon St,Boston,,02135,42.3561,-71.1471,4.0,9,1
NYa-JphaaB41ElGsb3iawA,Toro,,1704 Washington St,Boston,,02118,42.337,-71.0759,4.0,2175,1
NyE1udJzE6gAiAFOPRrFMw,Falafel King,,62 Summer St,Boston,,02110,42.3543,-71.0586,3.5,75,1
NYeVpGP_w3Eh2sPovDXO6A,Z Square,,580 Commonwealth Ave,Boston,,02228,42.3489,-71.0995,3.5,15,0
NyF4jfrkNqRUr73KV8k_AQ,Serenity Apartments,,101 S Huntington Ave,Boston,,02130,42.3294,-71.1115,4.0,9,1
NYGStZnvuneL4MVkrg9i6Q,Jimmy's Korner,,143 P St,Boston,,02127,42.3334,-71.0273,3.0,13,1
NYjiZJtvPX4Yc-QXVSp5Cg,Sniff K9s,,,Boston,,02108,42.3549,-71.0661,4.0,5,1
nYSaIJultyAFU8_693z4jQ,Starbucks,,775 Commonwealth Ave,Boston,,02215,42.3512,-71.109,3.5,11,1
NysHO28Z62QF1xtVpUbhYw,Boston Athenaeum,,10 1/2 Beacon St,Boston,,02108,42.3579,-71.0621,4.0,50,1
nyy38msunExaObJOeH7j0Q,Bootleg Special,,400 Tremont St,Boston,,02116,42.3471,-71.0683,4.0,641,1
Nz4ca9Mem_oSvFSckA4GVA,CL Waterfront Properties,,112 Union Wharf,Boston,,02110,42.3653,-71.0508,3.5,6,1
NZ587XrfNwIQwJxd97cOvw,Coit Observatory,,725 Commonwealth Ave,Boston,,02215,42.3503,-71.1054,4.0,5,1
Nz5mGO7rQbJsBsT6tLaVVQ,Salon Mario Russo,,9 Newbury St,Boston,,02116,42.3527,-71.0719,4.0,67,1
nzDkVlgTRGNIjcFsNIlJIw,Grettacole,,10 Huntington Ave,Boston,,02116,42.3485,-71.0772,3.5,125,1
nzfWms3BZEBmJKAShz81eg,King Dragon,,964 Saratoga St,Boston,,02128,42.3872,-71.0086,3.5,5,0
NZRcwbMS_Xas94z8uWGGuA,Samurai Express,,31 St James Ave,Boston,,02116,42.3507,-71.0716,3.5,58,1
NzvT4LbEqzWoCH2VJ3RMjw,6B Lounge,,6B Beacon St,Boston,,02108,42.3581,-71.0614,3.5,187,0
nzyu4lcjIOH_zPMlaPbmrw,Hot Pot Buffet,,70 Beach St,Boston,,02111,42.3514,-71.0599,3.5,577,1
O_4ldD30LOKEUvLWiAShGQ,Venturi Partners,,1 Liberty Sq,Boston,,02109,42.3577,-71.0549,1.5,11,0
o_qKZ1o97phYy7e5jM7jFA,The Nail Bar,,6 District Ave,Boston,,02125,42.3249,-71.0618,4.5,10,1
o_v3NNWvReq35MDwGQWAXQ,Foley Refinishing,,218 Adams St,Boston,,02122,42.3014,-71.0594,2.0,22,1
o-cQANjBivsCKIDNkttgpw,Bhindi Bazaar Cafe,,95 Massachusetts Ave,Boston,,02115,42.3483,-71.0884,3.5,84,0
o-LcA7z-7sKJEnIv_u8zzA,C&G Service,,77 L St,Boston,,02127,42.3351,-71.0355,3.5,8,1
O-SBVFPf2s8COOLqpOZ4xg,Sunkissed Acorns,,342 Tremont St,Boston,,02116,42.3499,-71.0652,4.5,8,1
o0pbjIeMXXrjSvRx3YZ1FA,Crossfit On The Hill,,123 Terrace St,Boston,,02120,42.3283,-71.0983,5.0,13,1
o0UaNgdUyOcgFIZpoUhZCQ,My Wig World,,27 Temple Pl,Boston,,02111,42.3552,-71.0623,2.5,25,0
o1Y9T8V2NW3cxHBrOyOahw,Chicken and Rice Guys,,81 Harvard Ave,Boston,,02134,42.3535,-71.1325,4.0,46,0
o2CjN11pM8LX9dSX50xUTg,Barry's Back Bay,,455 Stuart St,Boston,,02116,42.3483,-71.0769,4.5,21,1
o2d2FDx1-W4QYMCrFxMJ4A,Sulmona Meat Market,,32A Parmenter St,Boston,,02113,42.364,-71.0554,4.5,27,1
O2jvX-iGDO76gUFRXUieow,Aldo Shoes,,415 Washington St,Boston,,02108,42.3557,-71.0603,2.5,16,0
O3-khFYVdrmZjk-XRcqsfw,Mullis and Associates Physical Therapy,,811 Massachusetts Ave,Boston,,02118,42.3328,-71.0727,5.0,12,0
o3v3XlZ7YKPVr6fSuaXM3A,Tails,,385 Centre St,Boston,,02130,42.3222,-71.1095,4.5,50,1
O3wtDtmJ9T7BbEddKE4etA,Honovan,,140 Clarendon St,Boston,,02116,42.3486,-71.0745,4.0,47,1
O4D1fulSH8S-PwaX4-PdJw,F?umami,,225 Franklin St,Boston,,02110,42.356,-71.0541,3.5,160,1
o4eNy58HDigoJO47KeBweg,Compass Healthcare,,375 Longwood Ave,Boston,,02215,42.3399,-71.1084,2.5,11,0
o4ippi-3O1xrs8R1vmmWlA,Al's Bottled Liquors,,226 W Broadway,Boston,,02127,42.34,-71.0524,4.0,31,1
O4YoPGlWaGGnBE-5EHUweg,Tatte Bakery & Cafe,,70 Charles St,Boston,,02114,42.3579,-71.0706,4.0,449,1
o5_xJzi63eDc9XmdJsdyHA,Lincoln Bar & Grill,,8 Lincoln St,Boston,,02135,42.3589,-71.147,3.5,38,0
o5FUvrd4dCVrKnx9URfvkQ,Brilliance Tattoo,,3399 Washington St,Boston,,02130,42.3085,-71.1058,5.0,55,1
o5imehZG4rYFtDu8-2WvWA,FedEx Office Print & Ship Center,,125 Tremont St,Boston,,02108,42.3565,-71.0617,3.5,12,1
O5nkEDVHY-spQHxkDHNTEg,Ares Shoe Repair,,84 Charles St,Boston,,02114,42.3582,-71.0709,4.0,20,1
O5r_UOaZ_dbBQnVhU6ANBg,Barrington Coffee Roasting Company,,346 Congress St,Boston,,02210,42.3507,-71.0487,4.0,171,0
O5ZrNDOXfyKmT3FI0xsxUw,Argos Dog Training,,,Boston,,02124,42.2826,-71.0676,4.5,26,1
o62PJDxC5wbH5jVCp0ah-A,Grand Chau Chow Restaurant,,45 Beach St,Boston,,02111,42.3512,-71.0609,3.0,17,0
O6fRL-DnbzxnNkXiB154ig,Hestia Cruises,,269 Commerical St,Boston,,02035,42.3643,-71.0508,3.5,20,1
O6OupNFPauj6zYpYx4ATNA,Sports & Physical Therapy Associates,,425 Brookline Ave,Boston,,02114,42.3386,-71.1078,4.0,9,1
o7gK1JweWUr9jGwYzF1Olg,Harrison Deli and Pizza,,805 Harrison Ave,Boston,,02118,42.3359,-71.0741,3.5,8,0
O7L-Wkq7dc0U2CoWkTCF0Q,Juicy Couture,,12 Newbury St,Boston,,02228,42.3524,-71.0719,3.5,6,0
O7MoEihwkbulznrTpCEEzA,Filene's Basement,,426 Washington St,Boston,,02228,42.3491,-71.1565,4.0,64,0
O7ssh3hqFnvYueOJZeqa9g,Sun Sun Co,,18 Oxford St,Boston,,02111,42.352,-71.0603,4.5,15,0
O7tdc9wgcHBIxUwtfxohtg,Jimmy John's,,60 Valenti Way,Boston,,02114,42.3649,-71.0594,2.5,25,0
O8s0ykL29EaBT5FQQ2PSSA,Gourmet Garden,,1032 Commonwealth Ave,Boston,,02215,42.3515,-71.1222,3.5,34,0
o8V_WwNwKbmZ8CKlxx1DYg,Ace Ticket,,109 Causeway St,Boston,,02114,42.365,-71.0617,2.5,22,0
o9cIiwK8n_J7u9pPuiWlKA,Boston Sign Company,,40 Plympton St,Boston,,02118,42.339,-71.068,3.5,8,1
o9cLfIhXhs_iR-KHvzUgvQ,Community K9,,,Boston,,02131,42.2832,-71.127,5.0,5,1
o9DfCXqPQvzEPdBSaCBd1g,Alcove,,50 Lovejoy Wharf,Boston,,02114,42.3671,-71.0601,4.0,145,1
O9gMSeTsEDxwP_oFsjvc5A,Nahas Shoes,,285 Hanover St,Boston,,02113,42.3636,-71.0544,3.5,6,0
o9grML1RMMX7A1NQ3-RuNw,Revive Hair Studio,,670 Tremont St,Boston,,02118,42.3413,-71.0761,4.5,159,1
o9sfjStGu7KBYhSrFiC_YQ,Sport Clips Haircuts of Boston,,185 Essex St,Boston,,02111,42.352,-71.0576,3.0,30,1
o9yLQLb-aE3lDvZD4zUkZQ,So Good Jewelry,,349 Newbury St,Boston,,02215,42.3486,-71.0872,3.5,44,0
oaeRp5CRWM1mODQ_OM97og,BiNA osteria,,581 Washington St,Boston,,02111,42.3534,-71.0625,2.5,94,0
OaGXUU_5SO-MEJyn5skuYw,Jayne's Flowers,,0 Post Office Sq,Boston,,02110,42.3566,-71.0559,5.0,63,1
OaN34VHdBXci09O5lVv7GQ,AMP Fitness,,30 Court Sq,Boston,,02108,42.3586,-71.0594,4.5,17,1
oB2YLw6fbph1ZhQZtGx8OQ,South Boston Barber Shop,,323 Dorchester Ave,Boston,,02127,42.3369,-71.0582,4.5,10,1
oBCFc3bY1JHkvKYXhNtfrw,Fusion Restaurant,,400 Soldiers Field Rd,Boston,,02134,42.3601,-71.1182,3.0,6,0
OBdf_pRrzo8T8xkJC7XJiw,PostNet,,6 Liberty Sq,Boston,,02109,42.3581,-71.0552,4.5,8,1
oBEI6c3hWNUMIRP5oh8Ptw,Laughing Monk Cafe,,737 Huntington Ave,Boston,,02115,42.3341,-71.1055,4.5,244,1
obMw77Oam0AVYWKAIPrPfA,sweetgreen,,60 State St,Boston,,02109,42.3592,-71.0562,3.0,35,1
ObngS_rPMONJE0RkrfiYBg,Salon Capri,,11 Newbury St,Boston,,02116,42.3526,-71.0719,4.0,50,1
oBRkSdb-aZED2kWnS7AadQ,City Legends Barbershop,,1173 Adams St,Boston,,02124,42.2728,-71.0661,5.0,10,0
OBTbr5j42rBunuP1ZcHZlw,Clough House at Old North,,21 Unity St,Boston,,02113,42.3661,-71.0543,4.5,14,1
OBTIvTBE206LSAcKHQTcig,MVP Barbershop,,660 C Centre St,Boston,,02130,42.3127,-71.1139,5.0,6,1
ObWRBwHiV_Klq4Xd8Zefnw,Boston Wine Expo,,200 Seaport Blvd,Boston,,02210,42.3512,-71.0406,3.5,43,1
OBWsJMEo7FdIL6J40_OdRQ,South Street Nails & Spa,,100 South St,Boston,,02111,42.3512,-71.0571,4.0,125,1
OC2bWcsJqhBHKowi8smMgw,Tiger Lily,,8 Westland Ave,Boston,,02115,42.3432,-71.0865,2.5,28,0
OC79cdVQNJWJE940HVPn3g,Ace Ticket,,534 Commonwealth Ave,Boston,,02215,42.3485,-71.0965,3.0,7,1
Oc8ACthTnaP1GTS_RLbRmA,Caffe Nero,,416 W  Broadway,Boston,,02127,42.337,-71.0473,3.5,38,1
OcbDf_9fan_fE_MyNsRhaw,Holly Crab,,1098 Commonwealth Ave,Boston,,02215,42.3519,-71.1245,4.0,381,1
oCvYigV3IpGtNdJejGCfEg,William Carlton Workshop,,148 Salem St,Boston,,02113,42.3656,-71.0554,3.0,15,0
ODCtnesDVDMp_aqlPXwVOA,Plum Produce,,106 Waltham St,Boston,,02116,42.3438,-71.0713,3.0,12,0
oDk5LnIg6WZFjcmpwfvpGw,Vinny T's of Boston,,867 Boylston St,Boston,,02116,42.3531,-71.0765,3.5,90,0
odKVI-ghjjZqAOBJJy60-w,Roxy's Grilled Cheese & Burgers,,21 Dry Dock Ave,Boston,,02210,42.3446,-71.0307,4.5,6,0
ODm2O4yCZVcU4kQzB26Q6A,Starbucks,,606 Congress St,Boston,,02210,42.3478,-71.0393,3.0,14,1
odo9LsO261o_15MK2bPMQg,Silk Road Express,,1 Brighton Ave,Boston,,02134,42.3524,-71.1255,4.0,7,0
ods77_L7AjlkvGqR79ndzQ,Game On,,82 Lansdowne St,Boston,,02215,42.347,-71.0983,3.0,363,1
odWHDnP238Ly4-s39w-tng,The Old State House,,206 Washington St,Boston,,02108,42.3587,-71.0575,4.0,88,1
oefBZ2J0Y4w9m-Mt-KIWPw,Petit Robert Bistro,,468 Commonwealth Ave,Boston,,02215,42.3488,-71.0935,4.0,453,0
OEMfcXqzxiDeVOpEuSvaAA,Dave's Sweet Moves Movers,,,Boston,,01801,42.4885,-71.133,1.5,10,1
oeOIYgaz_LRrgfGobOOG-g,CVS Pharmacy,,333 Washington Street,Boston,,02108,42.357,-71.059,3.5,40,1
OF0tzBbYNy0lzo4RqOJJZg,V?lo-City,,43 Fairfield St,Boston,,02116,42.3494,-71.082,4.5,86,0
ofaz5j33wM878LfEGR8oEA,Husky Express,,977-979 Tremont St,Boston,,02120,42.3374,-71.0843,4.0,7,0
oFg-hojfMwsVi46OS9N2eA,Mike's Movies,,250 Cambridge St,Boston,,02114,42.3576,-71.1271,4.0,15,0
OFHWBXs5-UyEYf0-MrFDUw,Chart House,,60 Long Wharf,Boston,,02110,42.3602,-71.0495,3.0,686,1
ofnpHqSz8j3mZhYXRRuLCA,Eye & Eye Optics,,2271 Dorchester Ave,Boston,,02124,42.2728,-71.0682,5.0,18,1
OftKBiPpxYl2_aSXIXDNLA,Lucky Brand Jeans,,100 Huntington Ave,Boston,,02116,42.3474,-71.0781,3.5,14,1
ofU1a-EIuoISnOysR3np3w,Neighbors Moving & Storage,,,Boston,,02228,42.3583,-71.0603,1.0,6,0
OfubdHng-KiXdWhUO7S47Q,New England Brewery Tours,,,Boston,,02110,42.3613,-71.0483,4.5,10,0
ofVrAcRokP-_A5LHa7dpHg,Michele Bernard,,,Boston,,02116,42.3531,-71.0765,4.0,10,1
og_UBnVjgAzJFIBsVgbcag,Trapeze School New York-Boston,,35 Lomansey Way,Boston,,02114,42.3647,-71.0648,4.5,11,0
OG46DOX7C5TOEKAnf3tPoQ,Boston Proper Real Estate,,49 Gloucester St,Boston,,02116,42.3488,-71.0837,4.0,21,1
Og4snWMTpdDKLgz6jneHJA,Radius Restaurant,,8 High St,Boston,,02110,42.3535,-71.0568,4.0,263,0
OG7Jv17ws9V4soCqTHa1IA,Breyt Photography,,4975 Washington St,Boston,,02132,42.268,-71.151,5.0,8,1
OgGcdDRNewdoqNms425N-Q,Kennison Staffing Associates,,21 Custom House St Lbby 1,Boston,,02110,42.3601,-71.0589,3.0,17,0
ogj7OdIRODcxCSJEsMGp0w,The Clutter Queen,,,Boston,,02130,42.3097,-71.1151,5.0,15,1
OGmH_HW9q-ttKdN_BagaxQ,Do?a Habana,,811 Massachusetts Ave,Boston,,02118,42.3326,-71.0731,3.5,320,1
ogTYVe5pcz6Y6KOoZwlrQw,Cafe Broadway,,402 W Broadway,Boston,,02127,42.3372,-71.0481,3.0,32,0
oh3HuvGUjvgpLkBQTQ2KwA,Villa Victoria Center for the Arts,,85 W Newton St,Boston,,02118,42.3406,-71.0758,4.5,11,1
oH9-sObfZoJTMYVNBZe2Rg,Wicked Catering,,960 Massachusetts Ave,Boston,,02118,42.3301,-71.0688,5.0,5,0
OheZ5wmPvnE9l3GgNz3pEg,Lucky's Lounge,,12 Harborside Dr,Boston,,02128,42.3645,-71.0215,2.5,69,0
OHl9itnnSYt-l8k7Y6GYxA,Preston Marketing,,8 Faneuil Hall Market Pl,Boston,,02109,42.3598,-71.0546,1.0,8,1
oHojWbrXRa5_Mwr_a2vsZA,Floramo's Deli,,245 Washington St,Boston,,02108,42.3582,-71.0585,3.5,10,0
oHtjPlr2uok-lEksRUXZzQ,Hubway,,,Boston,,02116,42.3554,-71.0727,2.0,11,1
OhtqW04iYgE8SjWPlPfeDA,Mohr & McPherson Caf?,,460 Harrison Ave,Boston,,02118,42.3426,-71.0654,3.5,43,0
OihnEIfolyCQirHCAxGnfw,Starbucks,,1 International Pl,Boston,,02110,42.3559,-71.0528,3.5,23,1
oINggQMRJB_ld2v4q4mpUg,Flash's,,310 Stuart St,Boston,,02116,42.3499,-71.0709,3.5,201,0
OIQYA5ut8DedBJNaMBWU0w,Salon Fior,,860 Dorchester Ave,Boston,,02125,42.3215,-71.0567,4.0,5,0
OIUOpGot81BYEN95XJ5-gw,Mobile Brake Mechanic,,,Boston,,02129,42.3795,-71.0646,5.0,6,0
oiv5CBEmjkvoibYzAYOKjQ,Fields Corner Station - MBTA - Red Line,,Dorchester Ave And Charles St,Boston,,02122,42.3008,-71.06,2.5,7,1
OIVAJo8QryN-bJOjOvxkVQ,Bertucci's,,22 Merchants Row,Boston,,02109,42.3594,-71.0558,2.5,134,0
oIwcqLU-0vLJO3jGZQSjOQ,Prettyology,,18 Newbury St,Boston,,02116,42.3521,-71.0722,4.0,142,1
OiYTqhITtybcMXgPN2l3lw,A+ Mobile PC Doctors,,,Boston,,02115,42.3399,-71.0899,3.5,5,0
oIzfAg8hEkzVrxTJaIfoPQ,Fort Hill Bar & Grill,,2805 Washington St,Boston,,02119,42.3217,-71.0922,3.0,24,1
OJ0dRy1Oja27DfjOZd2zIA,Yellowbird Chicken,,239 Grove St,Boston,,02132,42.2611,-71.1571,4.0,54,1
Oj5Seggqo_2FfKSjcAg7yw,Empire Asian Restaurant & Lounge,,1 Marina Park Dr,Boston,,02210,42.3529,-71.0456,3.0,536,1
oJ7ezyf9-LBBEveJIKWgCg,Drainpro Corporation,,,Boston,,02108,42.3549,-71.0661,4.0,5,1
Oj8KkwZUoLhZM99aZPhapA,DJ Tom Laquidara,,,Boston,,02108,42.3549,-71.0661,5.0,9,1
oJDsc7OjMpepnm4g8ufpRA,Jin Karaoke,,16 Harvard Ave,Boston,,02134,42.3552,-71.1324,3.0,24,1
OJG8StixW9fiXaLIBhnKTQ,South End Buttery,,37 Clarendon St,Boston,,02116,42.3455,-71.0722,3.0,71,1
OjoGEg9Nzv5Dcn4U-sn0eQ,Pilgrim Insurance Company,,695 Atlantic Ave,Boston,,02111,42.3516,-71.0563,1.0,7,1
ojVkMzdvbjAk6t-0mdfzVQ,The Cupcakory,,,Boston,,02118,42.3378,-71.0706,3.5,30,0
oJvXqzmSfn-kkLoF_q6-EQ,MCM Properties,,917 E Broadway,Boston,,02127,42.3356,-71.0274,1.0,5,1
OKCeGsAMjKEWs9V2lxnQQQ,Live Realty Boston,,215A Harvard Ave,Boston,,02134,42.3495,-71.1307,3.5,42,1
OkDzZdvZHSxDfrH6sc9vzA,Marston Beacon Hill,,115 Charles St,Boston,,02114,42.3595,-71.0706,2.5,30,1
oKPMyyURyRFo3p_b_bHXKA,J.Crew,,100 Huntington Ave,Boston,,02116,42.3475,-71.0772,4.0,8,1
OKVD9X4t_ItmfFgDiGPVGA,Bertucci's,,43 Stanhope St,Boston,,02116,42.3485,-71.0736,4.0,15,0
OkWWg21Tln2nd7wBgURtJQ,Durgin-Park Restaurant,,340 N Market St,Boston,,02109,42.3602,-71.0548,3.0,556,0
oLCnTbVsbimfWxlGIzJlrA,Dona Flor,,246 Newbury St,Boston,,02116,42.3494,-71.0825,5.0,6,0
OLFDu3NFna4IQfMU4u4huw,Beacon Hill Hotel,,25 Charles St,Boston,,02114,42.3569,-71.0697,3.5,10,1
olgT03n65l18DuqF54ZtHA,Sorento's Italian Gourmet,,86 Peterborough St,Boston,,02215,42.3431,-71.0989,3.5,36,0
OLMeC1I_tZ0im03x1TNhcQ,Constitution Inn,,150 3rd Ave,Boston,,02129,42.3764,-71.0534,2.0,124,1
oLTZ3i9nBHLwxujWAmoi7Q,Splash Ultra Lounge & Burger Bar,,150 Kneeland St,Boston,,02111,42.3499,-71.0582,2.5,125,0
olyv8Q4ikQvjG75W7M-lYw,Grille 705,,705 Massachusetts Ave,Boston,,02118,42.335,-71.0755,3.5,114,1
oMcTT_ETUk0HDCDtHUIVFA,Phantom Gourmet Food Festival,,,Boston,,02228,42.357,-71.0605,2.5,66,1
oMpWYk0hOTG9CH1q7ksFhA,The Picture Store,,65 Berkeley St,Boston,,02116,42.3467,-71.0706,4.5,20,1
oMr6GyXsZj1Pa_fCx4OtAg,Fascino Salon and Spa,,30 Tremont St,Boston,,02108,42.3586,-71.0598,3.5,55,0
omrKVj-KmSHKyvvOL8msxA,Mr. Pipes Plumbing and Heating,,24 Noah St,Boston,,02136,42.2715,-71.1112,3.5,25,0
omw2RVtNoMJ-Eet6Tvl_IA,The Oceanaire Seafood Room,,40 Court St,Boston,,02108,42.3591,-71.0592,4.0,671,1
OMwS6Hva26BlKVakGPMNag,McNally Roofing Co.,,12 Rock Hill Rd,Boston,,02130,42.3204,-71.1093,3.0,8,1
oMzNUz6UsKFB2YFnl38Yfg,Render Coffee,,121 Devonshire St,Boston,,02109,42.3571,-71.0575,4.0,56,0
omztHPc6zUDWglW3DD3dAw,Subway,,493 Beacon St,Boston,,02215,42.3506,-71.0896,2.5,9,0
on9Pd3gjFFTDLF-tc_aWPw,Boston Town Car,,128 Cambridge St,Boston,,02129,42.3596,-71.1221,2.5,9,1
ONJ9SmHs451ja_ckxu03vw,Massachusetts College of Art and Design,,621 Huntington Ave,Boston,,02115,42.3365,-71.0997,3.5,14,1
ONKZxFqWiqPFYoE2E984ew,Flat Black Coffee Company,,260 Franklin St,Boston,,02110,42.357,-71.054,4.0,27,1
onshabuosu7_VevxJMSYhg,OTTO,,888 Commonwealth Ave,Boston,,02446,42.3504,-71.1152,3.5,234,1
oNsHtHWJdW12gKP-ju-67w,Avalon North Station,,1 Nashua St,Boston,,02114,42.3659,-71.0635,4.0,14,1
OnYRPhjYeBj8ZffIef20kg,Keolis,,470 Atlantic Ave,Boston,,02210,42.3542,-71.0514,1.0,8,1
ooaCl61BsK7kJlZnYOq0UQ,Abe & Louie's,,793 Boylston St,Boston,,02116,42.3492,-71.0816,4.0,1362,1
OODrjQD4PV_zcYY17yNCSQ,Caffe Nero,,1047 Commonwealth Ave,Boston,,02215,42.3522,-71.1227,4.0,29,1
OOS9pdwUXKXq1U3NWwswTA,Blue Tierra Chocolate Cafe,,258 W Broadway,Boston,,02127,42.3394,-71.0515,4.5,23,0
oOvDcLR35-oFxoQtp0-EJw,citizenM Boston North Station,,70 Causeway St,Boston,,02114,42.3647,-71.0631,4.0,38,1
Op_iMUWzMQ9bUftOk0LQeg,Regal Express Sandwiches & More,,85 Bedford St,Boston,,02111,42.3533,-71.0586,4.0,11,0
OP0xCQM6ih4VEhl2t39Z-g,Rino's Place,,258 Saratoga St,Boston,,02128,42.3783,-71.0321,4.0,857,1
OpaTHKu7BTxvNjYpfxEMjQ,Calnan's Hallmark & Jewelers,,709 E Broadway,Boston,,02127,42.3356,-71.037,4.5,15,0
oPi5IQQ-zgRHEQy2iN_Ygw,Sup Sonas,,,Boston,,02127,42.3365,-71.0349,5.0,5,0
OPwHoZXg8p6E7EuvF9t6Ag,Invitations & Company,,9 Hawthorne Pl,Boston,,02108,42.3643,-71.0657,5.0,8,1
Oq1-oOgGRgV6-COfXP33PA,T-Mobile,,1084 Boylston St,Boston,,02215,42.3469,-71.0882,2.5,6,1
oQ481HqZaHjZqhfPICq5WQ,Canada Goose,,880 Boylston St,Boston,,02199,42.3473,-71.0819,2.0,34,1
oqdfuREGxgvEe7uQS7xO0A,Hurricane O'Reilly's,,150 Canal St,Boston,,02114,42.3648,-71.0608,2.5,98,0
OqgXuYppfycvwsCQOmGseQ,Four Winds Bar and Grill,,266 Commercial St,Boston,,02109,42.3643,-71.0514,3.5,24,0
oqh9WxuiKd-h72kFORQNqQ,Gentle Dental South Boston,,368A W Broadway,Boston,,02127,42.3379,-71.0491,4.0,39,1
OQJsz5vru7GRS16VJHwkvA,Sal's Barbershop,,303A Huntington Ave,Boston,,02115,42.3413,-71.0872,4.0,27,1
oQuEjp20J_u1_0i0ooM4Tg,Night Rider Charters,,28 Constitution Rd,Boston,,02129,42.3713,-71.0598,5.0,14,1
or8lNYOFKWG2NgLvdCofBA,Reformation,,342 Newbury St,Boston,,02115,42.3482,-71.0867,4.0,6,1
oR9syfBVGBCqF9Rgy1wjZw,Boston University,,1 Silber Way,Boston,,02215,42.3496,-71.0995,4.0,55,1
oRB7srmIM-KoVlL_TBdiEA,Sabroso Taqueria,,426 Washington St,Boston,,02108,42.3556,-71.0598,3.0,5,0
orG6cKGaCZPR-R22eAOHGA,Advantage Rent A Car,,295 Waldemar Ave,Boston,,02128,42.3937,-71.0109,1.5,50,1
OrimhhXNzv0pI9ubf9h0YQ,Mirisola's,,200 L St,Boston,,02127,42.3314,-71.0351,4.5,67,0
ORJpAD2HcCRnMNzxzun70A,Girard Apartments,,50 Malden St,Boston,,02118,42.34,-71.0676,4.5,6,1
orOwHJb7SAoi3BfmpnVbLg,Portofino's Italian Kitchen,,71 Broad St,Boston,,02109,42.3578,-71.0537,2.5,6,0
ORWhoFJ9-Vf1gvCW6HvdLg,Dunkin',,510 Southampton St,Boston,,02127,42.3298,-71.0574,4.0,18,1
oS0HvWqsMHh0zRMwCBvlqg,Winthrop Square Parking Garage Operated by Netwrok Parking,,240 Devonshire St,Boston,,02110,42.3548,-71.0574,3.0,5,0
OS1Za1kPBk8z4s02ELPxZA,Boston Bruins Bar,,1 Harborside Dr,Boston,,02128,42.3634,-71.0258,3.0,15,1
oSEv6YXgU558eQp_Rm1V4Q,Shields MRI Brighton,,385 Western Ave,Boston,,02135,42.3633,-71.1389,3.5,15,1
oSfhrSLupXRyeQJF_tWdVg,Venom,,384 Boylston St,Boston,,02228,42.3514,-71.0719,3.5,7,0
OSgeFci6OzwuLzWw5JTX7g,Croke Park Whitey's,,268 W Broadway,Boston,,02127,42.3394,-71.0512,4.5,91,1
osGjKtNrrWTZnHKgJ5x2dQ,Boston Marriott Long Wharf,,296 State St,Boston,,02109,42.3602,-71.0508,3.5,257,1
OSId_6oHuPWwIRXit21lbw,Gourmet Eatery,,70 Tyler St,Boston,,02111,42.3493,-71.0613,4.5,6,0
oSnd5AVbmcdtaWCjiYa4jA,East Boston Tunnel Taxi,,14 Maverick Sq,Boston,,02128,42.3694,-71.0398,2.0,17,1
oSQtUIgvCON2oGVO4GJwKw,State St Hair & Nails,,31 State St Basement,Boston,,02109,42.3586,-71.0569,3.5,64,0
osuQLW1U17WQmdyrXqBMGw,Sugar Daddy’s Smoke Shop,,472 Commonwealth Ave,Boston,,02215,42.3488,-71.094,4.0,69,1
oT-5wJHfycBv_PAL0bSLPA,Crate & Barrel,,777 Boylston St,Boston,,02116,42.3492,-71.0813,4.0,59,1
otacukD0BFkqtmTSGlKgSA,Puddingstone Park,,174 St Alphonsus St,Boston,,02120,42.3322,-71.1029,3.0,6,1
OtDbf2sYiLVtDYOFVnU3gA,Harry O's Pizza,,1405 Washington St,Boston,,02118,42.3413,-71.0703,3.0,39,0
oTIkvma43CZYq0WhognNvA,George Street Photo & Video,,,Boston,,02108,42.3549,-71.0661,4.0,22,1
OtnVKKZg3KTufGqxpsLKiQ,Khanh's Hair Salon,,1365 Dorchester Ave,Boston,,02122,42.304,-71.0593,3.5,17,1
OtR_DGMlxjffiaHrZyidcw,Pasta E Pomodoro,,120 Salem St,Boston,,02113,42.3648,-71.0556,3.0,56,0
oTw7EpABgtZsdhTZfkhGzg,Our Lady's Guild House Convent,,20 Charlesgate W,Boston,,02215,42.3482,-71.0931,2.5,14,1
Ou_lGxFZBYmVni00QTrQvQ,Shangri La,,138 Cambridge St,Boston,,02114,42.361,-71.0639,3.0,31,0
OUBgP0zTDZrNuVCkm0GAPg,Hooters,,222 Friend St,Boston,,02114,42.3643,-71.0608,3.0,6,0
oubxTjEXZm15866peGqnKQ,Qdoba Mexican Grill,,62 Summer St,Boston,,02110,42.3542,-71.0588,2.5,33,0
ouClzgs5R9ZxQuhfrX-dew,Sunglass Hut International,,182 Newbury St,Boston,,02116,42.3502,-71.0792,4.0,6,0
oUD86XD4ii-vvq_Or4o1Cg,Cafe Japonaise,,1032 Commonwealth Ave,Boston,,02215,42.3517,-71.1223,4.0,63,0
ouHtxTVTVDB8KZ5mkLvU2g,Jerry Remy's,,1 Harborside Dr,Boston,,02128,42.3662,-71.0167,3.0,173,1
oumd5BjQxzpEt9oc4t_ezg,Row Republic,,77 N Washington St,Boston,,02114,42.365,-71.0581,5.0,8,1
OuMpFhlw-2lpeMK3o5RI2g,Aqua Pazza,,135 Richmond St,Boston,,02109,42.3633,-71.0541,4.5,176,1
oUuZ7qwvVcVdXrxQ0pcEJg,Ugi's Subs,,68 Warren St,Boston,,02119,42.3284,-71.0832,3.5,12,1
oUvH_zYhhYYHYcMusCf6RQ,Christopher Columbus Waterfront Park,,Atlantic Ave & Richmond St,Boston,,02109,42.3617,-71.052,4.5,89,1
Ov3bthbvkGZDnaZoWvk1-Q,Lufthansa,,1 Harborside Dr,Boston,,02128,42.37,-71.0214,2.5,16,1
Ov7KoWoX3bXOp39zA1NqAw,The Charles Realty,,257 Newbury St,Boston,,02116,42.3496,-71.0831,3.5,9,1
oVCw_fPbWrDRBhwEcXj7Cg,Au Bon Pain,,369 Huntington Ave,Boston,,02115,42.3402,-71.0901,2.5,58,0
OvdLFnNNQ9BQ4dPjRPBNwQ,XPO Logistics,,176 Grove St,Boston,,02132,42.2639,-71.1578,4.0,44,1
oVKybi1oymYosLYrLad_hg,Glow Tanning Centers,,253 Newbury St,Boston,,02116,42.3497,-71.0829,3.5,26,0
OVRT6jajtMaixcmcujdl7g,Teke's Nail,,82 Charles St,Boston,,02114,42.3582,-71.0707,3.5,113,1
ovthxd_lV4rGyHKQBVePUA,Naco Taco on Newbury,,354 Newbury St,Boston,,02115,42.3481,-71.0874,4.5,37,1
OVVGwua1wZl5nq3lDvLqCw,Boston Public Market,,100 Hanover St,Boston,,02108,42.3621,-71.057,4.0,354,1
oWdrB3GdiOhTI4D5KASVgg,Dattco,,700 Atlantic Ave,Boston,,02111,42.3519,-71.0552,1.5,9,1
owoXLcgzgaQdHse1Zsho3Q,?tant,,524 Tremont St,Boston,,02116,42.3446,-71.0701,4.5,131,1
OWpqvgU-ajgI-NSZhEqLkA,Devonshire,,One Devonshire Pl,Boston,,02109,42.3582,-71.0575,3.5,36,1
OwwmypMqWQcrwQORpwrMcQ,Lola Beauty Boutique,,393 Neponset Ave,Boston,,02122,42.2865,-71.0445,5.0,19,1
oxCK67BUFmmW3my4D2cRqA,Fitzpatrick Bros,,150 Centre St,Boston,,02124,42.292,-71.066,4.0,6,1
oXd-lFEak2oHcMgo1-HeaA,Hi-Tech Nails,,39 Bromfield St,Boston,,02108,42.3569,-71.0603,3.0,100,1
OxJEiOoBhQoo2kbuYHT3TA,Boston Pretzel Bakery,,1 Faneuil Hall Marketplace,Boston,,02116,42.3603,-71.054,3.0,10,1
OxobKchEqJU2BZi6qc0QBA,The Sevens Ale House,,77 Charles St,Boston,,02114,42.3582,-71.0706,3.5,281,1
oxQWPRMxefPBfzkp-zjS0Q,Petit Robert Bistro,,1414 Commomwealth Ave,Boston,,02135,42.3486,-71.1391,3.0,83,0
oXwQZv0q08Vv9B7JdBaCuw,Thomas Pink,,280 Washington St,Boston,,02108,42.3573,-71.0583,3.0,6,0
OXzAUvaum6ag-IOcRP8PTw,Susie Q Matchmaking,,800 Boylston St,Boston,,02199,42.3464,-71.0839,4.0,8,1
oY0hYHIF-3ZVPYqDOuWcIg,Central Parking,,10 Saint James Ave,Boston,,02116,42.3504,-71.071,2.0,8,1
oy3irjM2dDS1ew3w5QgwIw,East Boston Animal Hospital,,1007 Saratoga St,Boston,,02128,42.3864,-71.0066,3.0,57,1
oY5iHtfr5FtRHpVUlVJCZA,Samurai Boston,,827 Boylston St,Boston,,02116,42.3489,-71.0825,3.5,243,0
oy7Lkq4ts7I2EFBNQPSHMQ,Marshalls,,500 Boylston St,Boston,,02116,42.3507,-71.074,4.0,89,0
OyHngKbVQo3Qt8s_HVaIfg,SOWA Medspa,,55 Dartmouth St,Boston,,02116,42.3445,-71.0744,5.0,15,1
oYkdPsECEjZVYyKmb8EdIA,Kelly's Roast Beef,,1 Harborside Dr,Boston,,02128,42.3619,-71.0195,2.5,45,1
oYpQs22iUr68hSiTh7pMRA,Restaurante Cesaria,,266 Bowdoin St,Boston,,02122,42.3069,-71.0666,4.0,127,1
oZ3fWbq0bcFFz5anNLntTw,Wilde Hair,,,Boston,,02108,42.3549,-71.0661,5.0,6,1
oz882XuZCxajKo64Opgq_Q,Barking Crab,,88 Sleeper St,Boston,,02210,42.3526,-71.0517,3.0,2163,1
OzHvw4etyTwI-3b86iJHUg,Caffe Pompei,,278 Hanover St,Boston,,02113,42.364,-71.0543,2.5,314,0
OzhYrlHf5lgacmcZG-75fQ,Boston City Hall Plaza,,1 City Hall Square,Boston,,02201,42.3605,-71.058,4.0,6,1
OZNncy0LlXOtfrfPy9ZHWA,Wicked Lobsta,,1 Faneuil Hall Market Pl,Boston,,02109,42.3602,-71.055,4.0,28,1
oZrGXoYumcX6ptc14Xhkgg,Budget Truck Rentals,,33 Traveler St,Boston,,02118,42.344,-71.0632,1.5,6,0
ozsd70a0At-JaA08Z2P_3w,Long's Jewelers,,100 Summer St,Boston,,02110,42.3535,-71.0578,4.0,52,1
OztN9An_uaa38MZZ2K8a_g,Wen's Yunnan Noodle & Ramen,,247 Newbury St,Boston,,02116,42.3498,-71.0827,3.0,223,1
OZu16J4NoCxZjiBRf1JANg,Boston City Properties,,581 Boylston St,Boston,,02116,42.3505,-71.0768,4.5,162,1
Ozv_PoE3rsj_nMpColD1kw,Stop N Gas,,970 Washington St,Boston,,02124,42.2792,-71.0694,2.5,6,1
OZXAyzfa_xdNGnort0BaFg,Charles Street Cleaners,,17 Charles St,Boston,,02114,42.3567,-71.0695,3.5,13,1
oZYzil0524c_VzP5Spcsdw,TaQueria Mexican Grill,,475 W Broadway,Boston,,02127,42.3356,-71.046,2.5,5,0
P_FeCNFDpVhu40gbq4eNSA,Diana Sechrist Photography,,,Boston,,02116,42.3531,-71.0765,5.0,22,1
p-RYIhT5AcYiRNOsZBIkkg,Susan's Deli of Course,,695 Atlantic Ave,Boston,,02111,42.3519,-71.0564,3.5,84,1
p-sqolmVASGy8sy4egMNYA,Buttonwood Communications,,,Boston,,02122,42.2967,-71.0527,4.0,5,1
p-TduY_2T7Uuw6j169_GiA,Emerson Auto Service,,420 E 3rd St,Boston,,02127,42.3365,-71.0435,4.0,52,1
p0VpL7PEIBcmaRNeGuk2jA,The Harlo,,1350 Boylston St,Boston,,02215,42.3441,-71.0995,4.0,6,1
P0Yrhuo6w5XyF_RrYYaEyA,Mass Muzik,,49 Massachusetts Ave,Boston,,02228,42.3498,-71.0893,4.0,5,0
P1APFWMtb1qRlCawywcrhA,MBTA Bus Route 66,,Harvard Square,Boston,,02228,42.3299,-71.084,2.0,72,1
p1dtNVt59k0xE5SHcc4sZg,The Charlesmark Hotel,,655 Boylston St,Boston,,02116,42.3501,-71.0786,3.5,182,1
P1LZAzIiVCd0AuJ3rmjDMQ,BOND Restaurant and Lounge,,250 Franklin St,Boston,,02110,42.3565,-71.0545,3.0,210,0
P2GKpnqCxCLeAvhbk9AKPQ,Papa Razzi - Boston,,159 Newbury St,Boston,,02116,42.3508,-71.0786,3.5,568,0
p3s1814TkOM2weoSMoOPUw,Boston Lobster Tours,,260 Commercial St,Boston,,02109,42.3629,-71.0501,4.5,12,0
P48bmLCriogxJ375dS_F2g,Bannon Paving,,,Boston,,02136,42.2528,-71.13,3.5,6,1
P5PDS-XHOfulaniKXS8uxw,Utopia Cleaners,,668 Tremont St,Boston,,02118,42.3413,-71.076,2.0,29,1
P5Qt46I_jIDK8rXQATr-4w,Sebastians Caf? & Catering,,100 Summer St,Boston,,02110,42.3536,-71.0575,3.0,80,1
P5U2HA5RlPEGS_nRt6A-vg,One Zo,,83 Harrison Ave,Boston,,02111,42.3509,-71.0616,4.0,17,1
p5wbl2eQ9vHN6TnDcYc3QQ,Avalon Exeter,,77 Exeter Street,Boston,,02116,42.3486,-71.0791,4.0,9,1
P61viLT1Adq9koSvMFM7iQ,Intrigue Cafe,,70 Rowes Wharf,Boston,,02110,42.3562,-71.0506,3.5,13,0
p76dxe2Tb7xIeJs36amu8g,Washio,,,Boston,,02018,42.3564,-71.0599,3.5,40,0
p7mx4ewOxB8pd4nGiPUwkA,Artists For Humanity Epicenter,,100 West Second St,Boston,,02127,42.343,-71.0536,4.5,18,1
p7sRd9bYCD7wCEFIheRQdg,Men In Motion,,275 Tremont St,Boston,,02116,42.3501,-71.0654,3.5,43,1
p8hcw1NUYIXBxQE_7o6mmA,City Hair,,333 Massachusetts Ave,Boston,,02228,42.3423,-71.0847,3.5,8,0
p8ohzzGvGRCHnJKnyO7exA,Eastern Standard Kitchen & Drinks,,528 Commonwealth Ave,Boston,,02215,42.3485,-71.096,4.0,1890,0
p9_3Mmp52oA94vatpme6mw,Stadium Sports Bar & Grill,,148 State St,Boston,,02109,42.3594,-71.0542,2.5,31,0
P98XXNv_cl1Diap94dYO2Q,WERS 88.9FM,,180 Tremont St,Boston,,02108,42.3527,-71.0641,4.5,69,1
p9aCCoLBFE1J6LFR9dRh7w,Garage Sale Boston,,55 Waltham St,Boston,,02118,42.3418,-71.0688,2.5,24,0
P9AJqEYOT--zGRfK7QQlmQ,The Emory,,21 Beacon St,Boston,,02108,42.3582,-71.0624,4.5,62,1
P9F8WA_BPbRymwawWwYM-Q,Metro Cab Assoc,,,Boston,,02108,42.3549,-71.0661,1.5,6,1
p9gpvMA0vQUcsVFuhbHEAA,Jen Lai Noodle & Rice Company,,4 S Market St,Boston,,02109,42.3601,-71.0549,2.0,22,1
P9s0JOyt5xKXgwAKnCWWXQ,Seaport World Trade Center,,200 Seaport Blvd,Boston,,02210,42.3514,-71.0405,3.0,17,1
p9uOw3uOeSw_k6r3zWe7wg,West End Walkers,,,Boston,,02114,42.3637,-71.0641,5.0,10,1
p9zo0fFVXCWrKC580VXnwA,Boston Public Library - South End Branch,,685 Tremont St,Boston,,02118,42.3414,-71.077,4.0,13,1
PAdsmCb-T8yzrLf137yCVg,Finn McCool's Boston,,200 High St,Boston,,02110,42.3568,-71.0519,4.0,32,0
paMwLc8H3QUaGTkBteUT9g,La Summa,,30 Fleet St,Boston,,02113,42.3646,-71.0526,4.0,335,1
pao1R-BWYeCP23WD4keANQ,Green Side Up Gallery,,202 Harvard Ave,Boston,,02134,42.35,-71.1306,5.0,21,0
Pba4dXp8Bv87k8hLp7ZfPw,XV Beacon,,15 Beacon St,Boston,,02108,42.3583,-71.0619,4.5,92,1
pBCRMPciz8MIDnsPJfEGsA,Cafe 1221,,1221 Dorchester Ave,Boston,,02122,42.3091,-71.0585,3.5,5,0
Pbg8Lj4mx1cUieeRh-iu5w,Anthropologie,,203 Newbury St,Boston,,02116,42.3503,-71.0807,3.5,124,1
PBt_sana68L9ZjgQzeJ7zw,Ristorante Fiore,,250 Hanover St,Boston,,02113,42.3636,-71.0551,3.5,625,1
pC128DW7sNu6u_KJjlyNbg,Newbury Yarns,,166 Newbury St,Boston,,02116,42.3504,-71.0787,3.0,39,0
pc6wg244WVbPrZI2YCl7Aw,W.B. Mason,,647 Summer St,Boston,,02127,42.3401,-71.0418,2.5,19,1
PC6wpMYpL5v1i0F0434pWw,Primos II Barber Shop,,1692 Commonwealth Ave,Boston,,02135,42.3414,-71.1466,4.5,14,1
PCAmpLh4Db6C0sxqw90nqw,DavidsTea,,661 Tremont St,Boston,,02118,42.342,-71.0757,5.0,53,0
pCFTvC1v0B9Wilm8XixKDw,Ziti's Italian Express,,140 Tremont St,Boston,,02111,42.3557,-71.0626,3.5,65,0
pch_7BhT9AQgs88yrdg7EQ,Boston Harbor Walk,,88 Black Falcon Ave,Boston,,02210,42.3438,-71.0242,4.5,46,1
pCMnH1BLzOP-ZdIRxvTTig,Nahas Leather,,65 Charles St,Boston,,02114,42.358,-71.0704,3.0,10,0
PcorQzdHyGcdXD3LZP1h9A,New England Dessert Showcase,,425 Summer St,Boston,,02210,42.3457,-71.0435,2.0,50,1
pCQZQUhg2GBglC3M-44OKQ,Boston Intercom Group,,100 Pier 4 Blvd,Boston,,02210,42.3516,-71.0431,4.5,14,1
pD763sGPGDAasGFE-3hFXw,French Connection,,206 Newbury St,Boston,,02116,42.35,-71.0804,4.0,19,0
pdIUIEoTau6Zf4t_EG6Hyw,Cafe Juice Up,,1290 Blue Hill Ave,Boston,,02126,42.2796,-71.0927,5.0,19,1
PDJEC5iCQwdLOWkagcsX-A,Shamso Hair Studio & Spa,,1807 Washington St,Boston,,02118,42.3359,-71.0781,5.0,5,1
PdmR_CxgB7KskEhUL2cmMg,Ye Olde Tavern Tours,,139 Tremont St,Boston,,02111,42.3555,-71.0639,5.0,30,1
PdOnsUVou7tIgQTML4JdFQ,Flour Bakery + Caf?,,19 Drydock Ave,Boston,,02210,42.3447,-71.0329,3.5,12,1
PDSZAefUEnJTdsZspcvHbw,Kelly's Underground Dog Grooming,,248B W Newton St,Boston,,02116,42.3446,-71.0809,4.5,69,1
pe0XyCiY4smTnfAqvn_2Aw,Iberia,,1 Harborside Dr,Boston,,02128,42.3721,-71.0194,1.5,26,1
PEaLDHEk57tXbFqwtc48Mg,Boston Marathon,,850 Boylston St,Boston,,02199,42.327,-71.0821,4.5,44,1
pEc4AsxF0nuxcg4Ac-kD2Q,PadThai Cafe,,6 Hemenway St,Boston,,02215,42.3466,-71.089,4.0,58,1
pEE-yykspPb3H-8rj8jv2w,Regina Pizzeria,,700 Atlantic Ave,Boston,,02111,42.3519,-71.0552,3.0,34,1
Peg8f7c1zGA73rDATIqLaQ,Noon Mediterranean,,267 Washington St,Boston,,02108,42.3579,-71.0581,3.5,43,0
Pekh-f4Enp6dPHQPAXv-KA,BRIX Wine Shop,,105 Broad St,Boston,,02110,42.3572,-71.0524,4.5,22,1
PemL86B9bU5bpOOs0NDosA,OFFSUIT,,107 South St,Boston,,02111,42.3514,-71.0577,5.0,5,1
PEmRtfbv2h-kg4TPagXffA,Federico's Bike Shop,,126 Emerson St,Boston,,02127,42.3358,-71.0402,3.0,9,0
perpKPueJc_3taotP4iN3A,Pazzo Ristorante & Bar,,269 Newbury St,Boston,,02116,42.3496,-71.0836,3.0,65,0
pf4Te8Pult0Z5g3kztMVXQ,Connah Store,,270 Hanover St,Boston,,02113,42.3638,-71.0547,3.0,13,1
pfATgauV5ZOsKzYmIwgbAg,SoulCycle Seaport,,101 Seaport Blvd.,Boston,,02210,42.3514,-71.0452,4.0,20,1
pFcPu6VPuwYQ4BX6NPYV-g,Coco's Bar & Lounge,,3171 Washington St,Boston,,02130,42.3135,-71.1008,2.5,5,0
PFiTHANWxzebnDpWgGBRDQ,Copley Art & Framing,,150 Huntington Ave,Boston,,02115,42.3447,-71.0822,2.5,11,0
pFMXK4zNbFJ3ycH1K8FKrQ,MakerBot,,144 Newbury St,Boston,,02116,42.3509,-71.0773,3.5,5,0
PFnbphB5mRdxl1bIYybkUQ,Pier Transmission,,409 Dorchester Ave,Boston,,02127,42.3345,-71.0575,4.5,6,0
PfQ9t_OJ2xvq7cUdg3YhcA,Element Boston Seaport District,,391-395 D St,Boston,,02210,42.343,-71.0451,4.0,73,1
PfyrNRUVlN9f9t6vA3jBEA,The Back Bay Fens,,Park Dr At Jersey St,Boston,,02215,42.342,-71.0965,4.0,42,1
pg-M-B1qJQjC3YmJ5rTH8g,A&S Realty,,271 Newbury St,Boston,,02116,42.3495,-71.0836,4.5,22,1
pgb_V3Wk56X5HK1NfLFgcw,The Black Rose,,160 State St,Boston,,02109,42.3594,-71.0536,3.5,703,1
pgdBz8-m_6oOg1OUWdtsMA,Haymarket Pushcart Assn,,61 Salem St,Boston,,02113,42.3632,-71.056,4.5,11,0
Pgfe5su4LbM-Da3nEVqDBQ,The Motorsport Lab,,711 Atlantic Ave,Boston,,02111,42.3511,-71.0567,3.0,131,1
PGflcuE5wTchj-LfQWzfag,The Circle Pizza,,356 Chestnut Hill Ave,Boston,,02135,42.3369,-71.1515,4.0,24,1
pgKeQ7fs3yQlvV5EoOk78w,The Living Room,,101 Atlantic Ave,Boston,,02110,42.3617,-71.0523,3.5,334,0
pgUJD1kAYrNO5wNvxd7nPw,Maxim Coffee House,,62 Harrison Ave,Boston,,02111,42.3515,-71.0612,3.5,52,0
pgvAaRtZydaExX6ZcBkGeA,Burger King,,1350 Boylston St,Boston,,02215,42.3438,-71.0995,2.5,10,0
pgWYnVtrN8pD1nfGoW5mQA,Crown Royal Bakery,,23 Edinboro St,Boston,,02111,42.3518,-71.0597,4.0,26,0
ph3SOdb_khwezTiKtwh04w,Central Wharf Co,,160 Milk St,Boston,,02109,42.3586,-71.0527,3.5,158,1
PHdD44TM-1dt0uhnm7QBNg,Piccolo Nido,,257 N St,Boston,,02113,42.3637,-71.0521,4.0,171,1
phNlPP-XPnzCb_umgmlUvQ,Critical Mass,,,Boston,,02228,42.357,-71.0605,2.5,23,1
PHzAj5xMV87MZEP_1SW8zQ,Rosticeria Cancun,,37 Maverick Sq,Boston,,02128,42.3693,-71.0389,4.5,14,0
PiMAYxqyscPx-rvwQjnU3g,Iris Lane,,,Boston,,02215,42.3476,-71.1003,5.0,5,1
piolVhCR-yFc3NUGKMVm3w,Santander Bank,,67 Beacon St,Boston,,02108,42.3563,-71.0698,1.0,28,1
PIWXl9Bjw2Kvj6TUkIacsA,Floyd's 99 Barbershop,,189 Massachusetts Ave,Boston,,02115,42.3454,-71.0871,3.5,225,0
Pja5xHZJ8sQY1uEQssem_w,Aura Restaurant,,1 Seaport Ln,Boston,,02210,42.3492,-71.0415,3.0,83,1
pJbrdhc3iz7eo1bIIsvEoA,Citidental Tremont,,32 Tremont St,Boston,,02108,42.3586,-71.0599,4.5,12,1
pjf4IZmM-T9lURbUIoN6Og,Mr. Kushari egyptian,,1250 Boylston St,Boston,,02215,42.345,-71.0953,5.0,8,1
pJITxLK53hd83XyVurDSIw,Boston East,,126 Border St,Boston,,02128,42.3734,-71.041,3.5,13,1
pJMKyvI3W39DKL5Olq8dhA,Walgreens,,620 Washington St,Boston,,02111,42.3526,-71.0623,2.5,11,0
PJWyE1pzfHns2XirU0lfIg,Warlox Wireless,,217 Newbury St,Boston,,02116,42.3502,-71.0814,4.5,13,0
PK4x1CJa5Whnb-w5XieOSQ,7-Eleven,,125 Tremont St,Boston,,02108,42.3565,-71.0618,2.5,14,1
pK6Y_CQPJIyLqspHDn0xTA,Cosmetic & Laser Center,,330 Congress St,Boston,,02210,42.3512,-71.0493,4.0,84,1
PKBI8mQMHStwF8lKrQr38w,Dependable Cleaners,,316 Newbury Street,Boston,,02115,42.3486,-71.0854,2.5,46,1
PKGcUXaAsGGfRmrnA_MrkQ,Sobella Salon,,196 W Broadway,Boston,,02127,42.3403,-71.0528,2.5,10,0
PkguiiQDU0RJSenyfcHiKw,Highlight Salon,,123 South St,Boston,,02130,42.3529,-71.0571,4.0,148,1
PkIH_mO_cSlo_dVGTkOWMw,Mass Removal Management,,19 Wordsworth St,Boston,,02128,42.3851,-71.0188,2.0,8,1
pkppYd7bmy0jUWYgBarC0Q,Organize-It,,144 Smith St,Boston,,02120,42.3348,-71.1021,5.0,8,0
PkSaTVkRMXUcsrAJHxPI2w,Ghost Pepper Taco + Tequila Bar,,120 Savin Hill Ave,Boston,,02125,42.3116,-71.0534,3.5,74,1
pksM6e_ajgLkX-mSCYxSyA,Rinas Pizzeria & Cafe,,371 Hanover St,Boston,,02113,42.3649,-71.0531,4.5,188,1
Pl855e8e1fWpc5yKYNuOdQ,lululemon athletica,,208 Newbury St,Boston,,02115,42.3499,-71.0805,4.0,30,1
plFXybIVWG3RjrkrpUPypA,anoush'ella,,401 Park Dr,Boston,,02215,42.3448,-71.1023,4.5,7,1
plgy12A6Cs1WJ45zmiMkvg,Bush Boston Cleaners,,101 Federal St,Boston,,02110,42.3551,-71.0566,1.5,10,1
pLIS_kuroUcFdMEFeRbaqA,Boston Shoe Repair,,2 Oliver St,Boston,,02109,42.3571,-71.0544,5.0,10,1
PlObNHIN4ZykJDHJP2ZeEA,Xtreme Productions,,,Boston,,02116,42.3531,-71.0765,3.5,6,1
PlQ8qw68oGRnPrH4IDlJIg,SCS Realty Group,,877 Beacon St,Boston,,02215,42.3465,-71.1045,1.5,44,1
PlT_vpYPcLE_TW5re8NeTA,Wow Barbecue Food Truck,,2 Boylston St,Boston,,02116,42.3521,-71.0631,4.0,54,0
PLuitJs0KkdjVE8wVlTZ_A,Champions,,110 Huntington Avenue,Boston,,02116,42.347,-71.0792,3.0,263,1
PLxMW6AOp4ZOv_0fmQmreg,Causeway Cafe,,239 Causeway St Bsmt,Boston,,02114,42.3661,-71.0594,4.0,5,0
pLzn8D779gIMgxA6AGWbzw,Maksou Dry Cut,,200 High St,Boston,,02110,42.3568,-71.0518,4.0,20,1
Pm-PU6CldkzBm4ci4r66LQ,The Reef,,1 Central Wharf,Boston,,02110,42.3593,-71.0491,3.0,27,0
PMk-mFQqVBaWXI59TGVh1A,Pressed Sandwiches,,225 Northern Ave,Boston,,02210,42.3487,-71.0385,3.5,17,0
pMSgr-RIM0M8x9r41YVr9g,Colortek of Boston,,727 Atlantic Ave,Boston,,02111,42.3507,-71.0567,4.5,40,1
pMvuLkeTGspmCN7VEMYmHg,City Convenience,,700 Albany St,Boston,,02228,42.3356,-71.0701,2.5,12,1
Pn-G-R_o_njGWQyecQcWwQ,The Farmacy Cafe,,25 Drydock Ave,Boston,,02210,42.3445,-71.029,4.0,8,1
PN04vq-DXd4ui4umYSfBqA,Foundation Room,,15 Lansdowne St,Boston,,02215,42.3474,-71.0956,4.0,43,1
PN1jTPlFyAA8QD9gx97odg,Greyhound Bus Lines,,700 Atlantic Avenue,Boston,,02110,42.3519,-71.0552,1.5,213,1
PnDNtFgkxnEu7_aOdIErXA,Pony Express Moving Services,,430 Amory St,Boston,,02130,42.3106,-71.1064,4.5,176,1
PnEb_uB5GSy-AmIstDMmeA,Richard S Ravosa,,300 Commercial St,Boston,,02109,42.3651,-71.0511,3.5,6,1
pNI0V_2UAIzJGU2J7dB55w,Restaurante Montecristo,,36 Central Sq,Boston,,02128,42.3755,-71.039,3.0,52,1
pNiYSvFboNi48aND7B1Z_w,HomeGoods,,60 Everett St,Boston,,02135,42.3563,-71.1391,4.0,19,1
PNl5xzLQZwnO9M1ATHA58g,Boston Cab Dispatch,,72 Kilmarnock St,Boston,,02215,42.3427,-71.0991,1.5,157,1
PNS7UTTClLD35wqw56d_Yg,New England Aquarium Whale Watch,,1 Central Wharf,Boston,,02110,42.3591,-71.0496,4.0,126,1
pnVPqIpOfpToxA6OI2P81g,Rainbow Health Center,,68 Essex St,Boston,,02111,42.3527,-71.0607,4.0,147,1
pnyHuA4Ric2aTCPOgkmXiA,Gelato & Chill,,401 Park Drive,Boston,,02215,42.3449,-71.1023,4.5,13,1
po89IKhrCRCXwIgIyBQn-A,Eat Street Cafe,,55 Fruit St,Boston,,02228,42.3632,-71.0688,3.5,31,1
PobVCtkAwVOLWqkW6RDWfQ,Pollen Floral Design,,Washington St,Boston,,02131,42.2799,-71.1348,5.0,5,1
POckJBN79yzlqfMbbEToqA,Boston Harbor Hotel,,70 Rowes Wharf,Boston,,02110,42.3562,-71.0504,4.0,194,1
PoegPmAHEAU7r1X1lBBzAQ,Caf? Quattro,,817 Harrison Ave,Boston,,02118,42.3357,-71.0744,4.0,70,1
pOEHpNa4B6oesmr5ltiv8A,Al Dente Restaurant,,109 Salem St,Boston,,02113,42.3642,-71.0554,4.0,1136,1
POFJpktSm6pE1WwzFN4taA,DogParty,,120 Commercial St,Boston,,02109,42.362,-71.0529,4.5,15,1
POgTNe-h22hzVBDg9it-mw,Berkeley Perk Cafe,,69 Berkeley St,Boston,,02116,42.3468,-71.0706,4.0,155,1
POIAugE2hGk5GcGUJ1N4Pg,2nd Time Around,,219 Newbury St,Boston,,02228,42.3501,-71.0815,3.0,64,0
PoKOQXpumQW408RakzHHjQ,Boston Modern Staging & Design,,23 Water Street,Boston,,02122,42.2888,-71.0404,4.0,6,1
PomjxZEFzNJlM7k06VgZtw,Elegant Findings Antiques,,89 Charles St,Boston,,02114,42.3587,-71.0705,5.0,6,1
POoHJYTtVOP3zL5pIuXChA,Fuyami,,117 Chiswick Rd,Boston,,02135,42.3406,-71.152,4.0,27,0
poRkYEaLGjaMkRvkD068Eg,Lyndell's Bakery,,227 Hanover St,Boston,,02113,42.3629,-71.0553,3.5,49,0
poswq7BdLM9Iryd9palDVQ,SRV Boston,,569 Columbus Ave,Boston,,02118,42.3409,-71.0816,4.5,428,1
POxCx4b9Jzs2wB9JfvOWEA,Orpheus Performing Arts,,362 Commonwealth Ave,Boston,,02115,42.3487,-71.0881,4.5,11,1
pp-baU-ath3tgkSGmm6Orw,Next Level Fitness & Wellness,,133 Endicott St,Boston,,02113,42.3649,-71.0571,5.0,12,1
pp7GzAZtreah8vqJOLbqWg,Boca Grande Taqueria,,642 Beacon St,Boston,,02215,42.3494,-71.0954,2.5,76,0
ppbkpekYrfl95JQcdYO3zQ,Equator Thai Restaurant,,1721 Washington St,Boston,,02118,42.3371,-71.0768,3.5,204,1
PPQgcw0WKdZ6nznkPLgX5Q,Uburger,,636 Beacon St,Boston,,02215,42.3496,-71.0953,4.0,444,1
PPrSUsX7-G31qlnjMUWUlA,Flamers Grill,,800 Boylston St,Boston,,02199,42.3485,-71.0825,3.5,34,0
ppvpup7PaIbLP3-8i6bENg,Gyuhama,,827 Boylston St,Boston,,02116,42.3489,-71.0825,3.0,5,0
ppwgvOb0vjuySLdOO0j32A,Howard Johnson Inn Fenway Park Boston,,1271 Boylston Street,Boston,,02215,42.3454,-71.097,2.0,23,0
PpZb0l7VEwT5S_MYMG9yqA,Tico’s Mexican Food,,1 Harborside Dr,Boston,,02128,42.3634,-71.0186,2.5,13,1
PqazKNH7ickfRA__IAZ-Mw,Reilly Memorial Swimming Pool,,355 Chestnut Hill Ave,Boston,,02135,42.3363,-71.1522,4.0,27,1
pQp2aj6Mcu9tvm5YCL9nWw,Bikram Yoga,,108 Lincoln St,Boston,,02111,42.3515,-71.0581,3.5,31,0
pqR1ETAFpQkTYcSZa0ekgQ,Hairport,,12 Commercial Wharf,Boston,,02110,42.3627,-71.0514,4.5,17,1
Pr5u2GdpnQxBNECpAV-8rA,Boston Segway Tours,,199 State St,Boston,,02109,42.3593,-71.0526,4.5,89,1
PrbD4lA1fA3P8R_FtEVeSg,Bagel Plus Cafe,,131 Tremont St,Boston,,02111,42.356,-71.0622,4.0,17,0
prfdJ62illn5wFWQeprCKA,St Leonard of Port Maurice,,320 Hanover St,Boston,,02113,42.3645,-71.0539,5.0,5,1
PRHbuIDlaMi5yQ_UQAQDeg,Four-Handed Illusions: An Intimate Evening of Laughs and Wonder,,84 Beacon St,Boston,,02108,42.356,-71.0711,5.0,39,1
PrHQEQ5Eh81ecXTeN-Hedg,Pho Hoa Noodle Soup,,17 Beach St,Boston,,02111,42.3513,-71.062,3.0,274,0
PrsvO1rzkgg6qFizlAoEtg,Mike's Pastry,,300 Hanover St,Boston,,02113,42.3642,-71.0542,4.0,7298,1
pruVQmfiS5iYvx4GmnVZDA,1330 Boylston,,1330 Boylston St,Boston,,02215,42.3441,-71.0984,3.0,10,1
PRVRc8jAsavYv1tUemSq1g,Bomboa Restaurant,,35 Stanhope St,Boston,,02116,42.3485,-71.0733,4.5,13,0
PRzn2-dGVRZjpss_puiPAg,La Belle Nail Salon,,32 Boylston St,Boston,,02116,42.3522,-71.0637,4.0,125,1
ps38y6QWfaEs6lF3Ho6ftQ,Cherry Bomb Bakery,,379 Washington St,Boston,,02135,42.3491,-71.1544,3.0,57,0
pSM5zhVUzIBMgqR7MZuTaQ,Lambert's Marketplace,,682 Tremont St,Boston,,02118,42.341,-71.0767,3.5,9,0
PsP5KipK9Gp7QP4PTjpEIQ,Rowes Wharf Water Transport,,60 Rowes Wharf,Boston,,02110,42.3564,-71.0502,4.0,39,1
pSPSeNDVU6Qdqf6apZ8sNw,iWorld Accessories,,986 Bennington St,Boston,,02128,42.3866,-71.0076,2.5,7,1
pSRE3JZ7y4sFi17hV5ybNQ,Harvard Stadium,,65 N Harvard St,Boston,,02134,42.3676,-71.1259,4.0,20,1
PT47GIk8l3JJdln2x0NABA,Sweet,,11 School St,Boston,,02108,42.3576,-71.0587,2.5,231,0
pTErtsa-qwtg0uJo29h4Vw,Souper Salad,,75 Federal St,Boston,,02110,42.3551,-71.0567,4.0,18,0
PtjiKtL7NSLLkeB85DRpaA,Shake Shack,,77 Seaport Blvd,Boston,,02210,42.3521,-71.0466,3.0,195,1
ptmMsgVZsPqhEAukcjRRuw,Boxaroo,,55 Court St,Boston,,02108,42.3593,-71.0591,5.0,63,1
PU4u-lkc-kcN9Xc6OGVxiw,Ore,,681 Tremont St,Boston,,02118,42.3416,-71.0765,5.0,11,1
pUbNMeo4981cibJcHpE66g,Southie Liquors,,399 W Broadway,Boston,,02127,42.337,-71.0485,3.5,24,1
Puhovmx76B0-ZfWCIP6v2g,Lunette Optic,,121 High St,Boston,,02110,42.3552,-71.054,4.0,24,1
pUQ_1YjyjMBlbXLYAFP6kw,Massachusetts State House,,24 Beacon St,Boston,,02133,42.3582,-71.0637,4.0,54,1
pUsos3eS1tgbFx0gOyv5fA,Boston Classical Orchestra,,1 Beacon St,Boston,,02108,42.3585,-71.0608,5.0,5,1
pUTFLtt6z6j3PiJaTSpm0A,Chris McKenna - Commonwealth Standard Realty,,318 W 2nd St,Boston,,02127,42.3391,-71.0473,5.0,15,1
pUyer9ayRgnNMETRs6yH4w,Musical Instrument Service Center,,163 Massachusetts Ave,Boston,,02115,42.3462,-71.0875,2.5,7,0
PUZSvR-nEHlhEi0gSADu7w,Piattini,,226 Newbury St,Boston,,02116,42.3497,-71.0812,4.0,857,1
Pv8YRdveT82GMg_YLH_V3g,Beantown Burrito,,340-350 Longwood Ave,Boston,,02215,42.3387,-71.1071,2.0,52,1
PVa_MDKWU_wWFLJOM9wZ3A,Aldo Shoes,,800 Boylston St,Boston,,02199,42.3467,-71.0831,1.5,14,0
pVJfXUOnJcNchRlnldfSzw,Boloco,,27 School St,Boston,,02108,42.3578,-71.059,3.5,78,0
PvOm4XwmAHzfeqySzdLCYg,LensCrafters,,37 Newbury St,Boston,,02116,42.3524,-71.0731,2.5,75,1
PVpNW35f5XVBQMmUBgW3gQ,InBoston,,85 Bedford St,Boston,,02111,42.3532,-71.0598,3.5,30,0
pW-9K9V5KQWxd-teAtcjlQ,Pagliucas,,14 Parmenter St,Boston,,02113,42.3638,-71.055,3.0,352,1
pw0qFNDj04l9DQ6404YSqg,Hub25 by Gables Residential,,25 Morrissey Blvd,Boston,,02125,42.3195,-71.0515,4.0,10,1
pw1GOdx54tJClcUvHB7kvA,Kitchen,,560 Tremont St,Boston,,02118,42.3438,-71.0719,4.0,236,0
pw8y6QiweQA_z7miivKUTw,Tadpole,,58 Clarendon St,Boston,,02116,42.3466,-71.0734,5.0,35,1
PwBCC_agCOk_6nAYguKZeQ,Parker's Bar,,60 School St,Boston,,02108,42.3577,-71.0601,3.0,15,1
pwejc1NUK6cQz7aK_4XYEQ,Alibi,,215 Charles St,Boston,,02114,42.362,-71.0701,3.0,362,1
PWgkH58frjMvXO_iN-Lfcw,Zinga! FrozenYogurt - Kenmore Square,,508 Commonwealth Ave,Boston,,02215,42.3486,-71.0956,4.0,53,0
PwrzLaTkrDAsBJggc1_AHw,Sebastian's Cafe,,677 Huntington Ave,Boston,,02115,42.3354,-71.1027,4.0,5,1
px1LPYUqDymjyBkvxwgtMA,Sydney Lauren Robinson Makeup Artistry,,,Boston,,02116,42.3531,-71.0765,5.0,10,1
Px5OwdzKaMiwzvSFc_3Qkg,Billy Tse Restaurant,,240 Commercial St,Boston,,02109,42.3638,-71.0514,3.5,176,1
pXGLmjBTnn6xAo10xdkpOA,Proforma Design/Build,,575 Tremont St,Boston,,02118,42.3436,-71.0727,3.0,14,1
pXj9QQVummN5ANuseK4CvQ,All Star Pizza Bar,,204 Cambridge St,Boston,,02114,42.3609,-71.0659,4.5,87,0
PXqKWg0b3-ZTQRL5IMqYwA,Swatch Logan International Airport Terminal B,,1 Harborside Dr,Boston,,02128,42.3634,-71.0258,4.5,6,0
pxUxAh4lHm2lIfDqZLlW1Q,Boston Limousine,,,Boston,,02128,42.3695,-71.0201,3.5,35,1
PXx7IZmemXB9K9eLSbXppQ,El Triunfo,,69 Prince St,Boston,,02113,42.3652,-71.0554,4.0,24,0
PXYvhSwHgnPQHf0u13C0ZQ,Tremont Temple Baptist Church,,88 Tremont St,Boston,,02108,42.3575,-71.0608,4.5,5,1
py10VCn5raT5mzgI_Oe9Mg,Chipotle Mexican Grill,,51 Boston Wharf Rd,Boston,,02210,42.3511,-71.0457,2.5,29,1
Py5rqACnw1s93Zb0uPvBig,Bartevian,,160 Boylston St,Boston,,02116,42.3522,-71.0666,4.5,7,1
pYDVy7qHDLskCQV5zU_dxQ,Cole-Haan Store,,109 Newbury St,Boston,,02116,42.3516,-71.0759,3.5,35,0
PygaMm6O5n1UDHrbnm7uBg,House of Siam,,542 Columbus Ave,Boston,,02118,42.3414,-71.0803,3.5,198,1
PYNNReE1RebCYwgSFKySPQ,Haute Coiffure Salon,,52 High St,Boston,,02110,42.354,-71.0557,4.5,31,1
PYRIiQilTl1rkx83hm8ttA,Morgenthal Frederics Opticians,,60 Northern Ave,Boston,,02210,42.3542,-71.0444,5.0,5,1
pyRUSSsUuYiVxAr-f0Hnmw,Best Printing,,27 Edinboro St,Boston,,02111,42.3517,-71.0598,3.5,5,1
pYthiHcfQhI1i-1sox7EJQ,Stilista,,,Boston,,02130,42.3097,-71.1151,5.0,20,1
PytPLzucy-I5qNsv-JmSVg,Mediterranean Grill,,281 Franklin St,Boston,,02110,42.357,-71.053,3.5,43,1
PYtT4OgCv83Ux_WPPSl7AA,Tequila Rain,,145 Ipswich St,Boston,,02215,42.3474,-71.0944,2.0,133,0
PyZlu0G3MwbsWaWYhyH-Ew,Rogerson Orthotics and Prosthetics,,483 Southampton St,Boston,,02127,42.3295,-71.0582,4.0,7,1
PZ6WrICEH-1xEfWU-8oOag,New York Pizza,,433 Massachusetts Ave,Boston,,02118,42.3405,-71.0821,3.0,47,1
pzCrO7RatLAB9ThsOSRu9A,Stats Bar & Grille,,77 Dorchester St,Boston,,02127,42.3358,-71.0454,3.5,130,1
pZnM2vszzlLRo4xXbGDYNQ,UBurger,,1022 Commonwealth Ave,Boston,,02215,42.3516,-71.1217,4.0,153,0
Q_SwAPviaXJU3_Jxxk7h3g,Sami's Wrap 'N Roll,,654 Centre St,Boston,,02130,42.3131,-71.114,3.5,38,0
Q_UktR7inDqRire8gIbEkQ,Hudson Notarial Services,,,Boston,,02101,42.3566,-71.0565,4.0,5,1
Q_V7TmRaR1FDkmNcDhZHUQ,Headquarters Hair Salon,,545 E Broadway,Boston,,02127,42.3354,-71.0423,4.5,19,1
Q-BFH6ZIE1-K0yBqZN3h2A,City Sports,,1035 Commonwealth Avenue,Boston,,02215,42.3521,-71.122,3.0,23,0
Q-C8a6n12TfgfZXWT9Z3oA,Gate Bar & Resturant,,3171 Washington St,Boston,,02130,42.3132,-71.101,4.0,20,0
q-GGOicy0n2r3BF4zO4coA,Chilacates Mexican Street Food,,658 Centre St,Boston,,02130,42.3128,-71.114,4.5,136,1
q-HCDrb_rLmdV7N3r7BOGw,Boston Smoke Shop,,263 Newbury St,Boston,,02116,42.3496,-71.0834,3.0,11,0
q-jNyZk60Kg0BBnOc3lD8g,The Goodwill Store,,965 Commonwealth Ave,Boston,,02215,42.3517,-71.1192,3.5,80,1
q-wkHBLeM7QUm2Ii0J3zaA,Delini Gelato,,5 Bellevue St,Boston,,02132,42.2836,-71.1568,5.0,22,1
q-Y7ep5JoBsFcPwsJsntlA,Boston Super Dog,,46 Newmarket Sq,Boston,,02118,42.3284,-71.0661,4.5,107,0
q0aHKuh4wAlBsOVw6V9TYg,TITLE Boxing Club,,338 Newbury St,Boston,,02115,42.3482,-71.0866,3.0,32,1
q0Pze2By3OwPhS0boBLUHw,Geek Choice,,35 A Myrtle St,Boston,,02114,42.3594,-71.0659,3.0,26,1
Q1TofnFQ4sMFA47sGYAyeg,Mija Cantina & Tequila Bar,,1 S Market St,Boston,,02109,42.3603,-71.0556,2.5,565,1
Q2ce4eZGBf_ZcYF_kcIB0w,China Garden,,525 Washington St,Boston,,02135,42.3491,-71.1628,2.0,5,0
Q2dq9Eo1NMbD1k25Xx21TQ,Spring Shabu-Shabu,,304 Western Ave,Boston,,02135,42.3625,-71.1361,4.5,752,1
q2JQSsTFLX1rkTuCfNjgzA,Sullivan Chiropractic & Rehabilitation,,377 W Broadway,Boston,,02127,42.3375,-71.0492,4.5,10,1
Q3ubxPodSR9-0eTcLdxKHA,Sonny Noto's Restaurant,,22 Central Sq,Boston,,02128,42.3751,-71.0386,4.0,29,0
q4KfFpGHKG9EDuVz4kkR_w,The Cuttin Club,,397 W Broadway,Boston,,02127,42.3372,-71.0485,4.0,5,0
q5dHr7QnzUooZ2vSUHyVvg,Nico Ristorante,,417 Hanover St,Boston,,02113,42.3657,-71.0528,4.0,578,1
q5fVfTWVAN3dARBqP77eBQ,FedEx Office Print & Ship Center,,1375 Boylston St,Boston,,02215,42.344,-71.1007,2.0,20,0
q5HPp961WsjoVDaOmN8SwQ,Giacomo's,,431 Columbus Ave,Boston,,02116,42.3441,-71.0777,4.0,1299,1
q5IqsvY5i1eVB2ehxMVQlg,Greek Isles,,96 Peterborough St,Boston,,02215,42.3431,-71.0993,3.5,14,0
Q5Jv2k5UxyDDdKvAb9o5zA,Aloise Electric,,,Boston,,02149,42.4041,-71.0557,4.5,45,1
q5K2DDIVqOihH6GxPNulvQ,Massage4All,,50 Victory Rd,Boston,,02122,42.2962,-71.0534,5.0,5,1
q5ntH-TYBdX-wmkqycTpsw,Infinity Threading & Wax Spa,,123 South St,Boston,,02111,42.3514,-71.0576,4.5,34,1
q67lwyhVIuW7ZqMdaQTNKg,Healthy Paws Pet Insurance & Foundation,,,Boston,,02110,42.3622,-71.0511,3.5,11,1
Q6UPHtwAC6rFcKVfGqfEdw,Smile Design Boston,,21 Custom House St,Boston,,02110,42.358,-71.0528,4.5,11,1
Q6zo0RTN24D70PTeA903Kw,So Good Jewelry,,426 Washington St,Boston,,02108,42.3556,-71.0598,3.5,38,0
Q7hKxOVuwVj3mpbhV34KnA,El Paso Enchiladas,,2135 Faneuil Hall Market Pl,Boston,,02109,42.36,-71.0558,2.0,31,1
Q7iI7ADT3P3hIkBZojjjcg,Centerfolds,,12 Lagrange St,Boston,,02116,42.3516,-71.0633,2.5,82,1
Q7Z2IpMhN4zGXpiUYWWREA,Pete's Appliances,,,Boston,,02121,42.2849,-71.1271,5.0,31,1
Q867BSLYyUGYV1lC1Q6Stw,Remingtons,,124 Boylston St,Boston,,02116,42.3524,-71.0659,3.0,57,0
Q86JGIic6JOBMTTK-1aRQg,The Cafe Royale,,254 Newbury St,Boston,,02116,42.3493,-71.0827,2.0,17,1
Q8g68ZDAt93h_n_wTbwshA,Shojo,,9A Tyler St,Boston,,02111,42.3511,-71.0608,4.0,851,1
q8vd0NhkuyZpht9R4I__CA,Lollie Videography,,,Boston,,02108,42.3549,-71.0661,5.0,15,1
q98xJrI2-gd8T4QuRENX-A,Crazy Dough's Pizza,,100 Legends Way,Boston,,02114,42.3663,-71.0622,2.5,31,1
q9FZT34OMnf_4MehB-wp1Q,Fort Hill Inn,,3 Centre Pl,Boston,,02119,42.3294,-71.0947,4.5,7,1
q9vRT1OiZUHtL_vMqWZi4w,H&R Block,,151 Tremont St,Boston,,02111,42.3547,-71.0634,2.0,30,1
qA_aMtyq9bzlBE2zi68hsQ,Spa-a-licious!,,304 Columbus Ave,Boston,,02116,42.3464,-71.0742,4.5,17,0
qA0GH1JbkOumx8B-hu1N-w,BURN Fitness Studios,,867 Boylston St,Boston,,02116,42.3487,-71.0835,4.0,6,1
qAhiJerPPiNfQB5r8Y1bCg,Edward M. Kennedy Institute for the United States Senate,,210 Morrissey Blvd,Boston,,02125,42.3157,-71.0348,3.5,18,1
QAlhIWLsQZqOAtCnSPQ6Og,Classic Tuxedo,,85 Newbury St,Boston,,02116,42.3519,-71.075,2.0,37,0
QArqyV6o50mC_zAlm_IxMg,Boston Common Coffee Co.,,10 High St,Boston,,02110,42.3534,-71.0567,3.5,121,0
qAxq7dudFp7zOWdYg-WXUg,Moko Japanese Cuisine,,674 E Broadway,Boston,,02127,42.3358,-71.0376,3.5,114,1
QBCsh93b4d6MWk-hubuLvQ,Scott James,,160 Newbury St,Boston,,02116,42.3505,-71.0784,4.5,7,0
QBD-JxU16NoxF_bSvMOBkQ,Greek Village Gyros & Grill,,583 Washington St,Boston,,02135,42.3504,-71.1652,4.5,44,0
QbG-Ju21BhbPaNztMx8p1w,Dolphin Bay,,72 Brighton Ave,Boston,,02134,42.3525,-71.1288,4.5,486,1
qBHiNPqsgTeDGVdvBoxMsw,BTB Construction & Development,,,Boston,,02127,42.3365,-71.0349,5.0,8,1
Qbm7DFaPZ_0Aw0_M-k-2ng,Panera Bread,,115 Stuart St,Boston,,02116,42.3512,-71.0651,3.0,122,1
qBoxrvkfGonY0My9C-Gauw,In Season,,,Boston,,02215,42.3476,-71.1003,5.0,7,1
qbpJFE-XlspCCk3PWhZ0AA,House of Blues Boston- Music Venue,,15 Lansdowne St,Boston,,02215,42.3472,-71.0957,2.5,745,1
Qc-vilznkePG4ombQBB_RQ,AC Hotel by Marriott Boston Downtown,,225 Albany St,Boston,,02118,42.3448,-71.0621,4.0,46,1
QC03flJt6Ehny2ObS08NDg,Hummingbird Bridal and Events,,,Boston,,02116,42.3531,-71.0765,5.0,22,1
QC5d-Dss37QLJWh3etlXww,Salon De Beauty,,330 Washington St,Boston,,02108,42.3568,-71.0589,3.0,19,0
QcRxCxIFemOduCnAUH4j9A,B.Good Burgers - Take Out Only,,1 Harborside Dr,Boston,,02128,42.3634,-71.0258,3.0,26,1
QcspXOWTWk2nVpnRUydBhQ,Polkadog Bakery,,57 Salem St,Boston,,02113,42.3631,-71.0559,5.0,16,1
QD5i6wFAmz_tkUmZpocRqA,Or? Trattorizza,,653 Boylston St,Boston,,02116,42.35,-71.0785,4.0,75,0
qD9SaEbJevrjDj85tFzzuA,The Sun Tan Van,,,Boston,,02129,42.3587,-71.0567,4.5,12,1
qdbzQ2vcEdm_SifNQmM-WA,Salsa Corner Food,,417 Washington St,Boston,,02108,42.3559,-71.0605,3.5,5,0
QDdPX-WTdPa9wN-MEH1HLA,Mangano,,161 Newbury St,Boston,,02116,42.3509,-71.0787,4.0,6,1
qdk-HBxXJhOCp_wnv3H5sQ,Amsterdam Cafe,,517 Columbus Ave,Boston,,02118,42.3421,-71.0799,3.0,45,0
QDKWy6RL1Cgl1hkMjb19og,Peace o' Pie,,487 Cambridge St,Boston,,02134,42.3538,-71.1372,4.0,205,0
QDlctMcZhlwJl9S0dEqtKA,King Fung Garden,,74 Kneeland St,Boston,,02111,42.3505,-71.0605,4.0,139,0
qDLiO3ppoED-nCp3xWzeAw,Greenway Carousel,,,Boston,,02112,42.3606,-71.0528,4.5,24,1
QDO7UqQW23Auttdgv12vVw,The Spa at Mandarin Oriental,,776 Boylston St,Boston,,02199,42.3488,-71.0813,4.5,67,1
Qdp39yK3caz4X2nBzwKylQ,Invictus Boston,,100 Brookline Ave,Boston,,02215,42.3461,-71.0996,4.5,30,1
QDq7tdR3RPm_diEI0bmmpw,Benefit Cosmetics Boutique & BrowBar Lounge,,31 Charles St,Boston,,02114,42.3572,-71.0698,4.0,37,1
QDy9FjzsUTx9NvUvewVTJg,Frank's Custom Tailoring,,58 Winter St,Boston,,02108,42.3561,-71.0621,4.5,72,1
qDZTywzLIb3QPgyiuNpftg,Asian House Restaurant,,99 Cambridge St,Boston,,02129,42.3825,-71.0792,4.5,98,0
QECb5-wQZ25LEZofE1L1ng,The Goodwill Store,,470 W Broadway,Boston,,02127,42.3361,-71.0459,4.5,10,1
qEDOccnGmdVUCYsGLz_8Ew,Frette Boston,,776B Boylston St,Boston,,02199,42.3488,-71.0813,3.0,8,1
QeHA9K8uks9XGBxJeKzFCA,BEERWORKS No. 3 Canal,,112 Canal St,Boston,,02114,42.3645,-71.0604,3.0,484,1
QEid5FlTcC-KKwK3F0Odww,Boar's Nest Deli,,75 Kneeland St,Boston,,02111,42.3502,-71.0605,3.0,15,0
qenuGP8CsQpFvQKIra4IJw,El Jefe's Taqueria,,80 Boylston St,Boston,,02116,42.3522,-71.065,4.5,7,1
QeORArwWwhxqmcLNjuKB0g,Capital Construction Contracting,,3 Norwood St,Boston,,02122,42.3385,-71.0495,3.5,19,1
qeq6SO3S3xfuW2AlwhFmfw,Charles Street Family Chiropractic,,102 Charles St,Boston,,02114,42.3587,-71.0709,2.0,24,1
QeV-AplZmAla1jkwdOKKVA,Goody's Moving Service,,,Boston,,02228,42.3583,-71.0603,2.0,7,0
QF_XZtqJqyyaUjNop7uS_A,The Florentine Cafe,,333 Hanover St,Boston,,02113,42.3643,-71.0537,3.5,497,1
QfBE_9KEHyop0R4KjYjcww,Dunkin',,59 Causeway St,Boston,,02114,42.3644,-71.0629,3.0,8,1
QFEEm3joTWU5ZF4suCuRPQ,Five Horses Tavern,,535 Columbus Ave,Boston,,02118,42.3417,-71.0805,4.0,455,1
Qfh5uqZMzS5XB-7GXsgUhw,Maverick’s,,154 Maverick St,Boston,,02128,42.3699,-71.0379,4.0,142,1
QFIJlZc7Kei3sMJZweFpWw,Bluestone Lane High Street Coffee Shop,,125 High St,Boston,,02110,42.3558,-71.0532,3.0,5,1
QfkY8mFyAIgxhBxr7sIwJw,Swish Shabu,,84 86 Peterborough St,Boston,,02215,42.3431,-71.0989,4.0,223,0
QFq8CccuRrEq9MsTUCnD9Q,Boston Common,,Beacon St,Boston,,02139,42.3554,-71.0658,4.5,472,1
qFqCQVpIfFN_B3PmbF5JBg,Studio For Hair,,464 Commonwealth Ave,Boston,,02215,42.3486,-71.0931,4.5,28,0
QfQI9Ye0VkM2v6KqFbOxwA,McDonald's,,154 Massachusetts Ave,Boston,,02115,42.3465,-71.0873,2.0,10,0
qFQVkyHXN2LX4AzFoHm-rA,Dunkin',,145 Dartmouth St,Boston,,02116,42.3474,-71.0753,4.0,7,1
QfSgo854mI9OMJyyJhipiA,Boloco,,82 Water St,Boston,,02109,42.3578,-71.0558,3.5,6,0
QFyba1-7fokPWn4fndk2-w,Mike's Banh Mi,,42 Beach St,Boston,,02111,42.3511,-71.061,3.5,8,0
QgDzlrWN-IcYyyT3M9hgoA,Quincy Market,,4 S Market St,Boston,,02109,42.3601,-71.0557,4.0,707,1
QGEMFrv5LQlLTq6Bx7rr_Q,PS Gourmet Coffee,,4252 Washington St,Boston,,02131,42.2854,-71.129,4.0,44,1
QGTRAy1ugWSQNG9hxenP1w,Carol Ann's Bake Shop,,Faneuil Hall Marketplace,Boston,,02109,42.3602,-71.0543,2.5,28,1
Qgw9mjwjUNprbMhkR_OsvQ,New York Pizza,,435 Massachusetts Ave,Boston,,02118,42.3405,-71.0821,3.0,134,0
qGxdR45C37ooZoXLAhafVQ,The Ghost Walks,,57 Stuart St,Boston,,02116,42.3512,-71.0642,3.0,72,0
Qh4rjD3Iyo-NXq9hZi-xog,Artist and Craftsman Supply,,957 Commonwealth Ave,Boston,,02215,42.3519,-71.1191,4.5,7,0
QHgKiRQ0xdmloF6ivpg8WA,Master Wok,,650 Atlantic Ave,Boston,,02210,42.352,-71.0551,2.5,30,1
QHlwN5OPWPg9CAwsvfAIBQ,Men's Wearhouse,,376 Boylston St,Boston,,02116,42.3513,-71.0717,3.0,56,1
QHppzwKPva2Wu1-SmRg17Q,Southie Auto Service,,175 Old Colony Ave,Boston,,02127,42.3338,-71.0547,5.0,94,1
QHSwXF0x7f66YxtH8vnZ5g,M&M Food Mart,,85 Glenville Ave,Boston,,02134,42.3495,-71.1347,3.5,10,0
QhxITeRIOyM5uJCK1V-YFQ,South Boston Family Dental,,591 E Broadway,Boston,,02127,42.3354,-71.0406,3.5,17,1
qI_8fGhmyU3e9gbEGDzYFg,Blue Line Systems Heating And Cooling,,,Boston,,02130,42.3097,-71.1151,4.0,5,1
qibBApEq4JfdU1tacd8bcQ,Genuine Antique Lighting,,59A Wareham St,Boston,,02118,42.3391,-71.0678,4.0,7,1
QinrGnDLVq80EbuXUybpIQ,Starbucks,,64 Arlington St,Boston,,02116,42.3507,-71.07,3.0,26,1
QIt5oGe6g8cA5elLas7qbw,Dara's Wine & Spirits,,750 Huntington Ave,Boston,,02115,42.3335,-71.1057,5.0,21,1
qjAgVbVXuECartJqPeXErQ,H&R Block,,205 Massachusetts Ave,Boston,,02115,42.345,-71.087,2.5,10,1
QJCPMejXE6buB_TXyw5xCA,Boston City Hall,,1 City Hall Plz,Boston,,02201,42.3603,-71.0579,2.5,54,1
qjd3zkHdNyw_YEO-SoBEBA,Sterling's,,60 State St,Boston,,02109,42.3593,-71.0565,3.0,114,1
qjisTp7OMkfU5naWMduNFA,Boston Auto Sales,,482 Western Ave,Boston,,02135,42.3617,-71.1433,3.0,11,1
Qjr-YJ4Rx70XxHI4kTcVjA,Back Deck,,2 West St,Boston,,02111,42.3544,-71.062,3.0,537,1
QJRKg5tG-BGARCPXUGY2kw,Orient Heights Chiropractic Office,,1214 Bennington St,Boston,,02128,42.3894,-70.9979,5.0,8,1
qjSNEJaN0c2Sv5X_DbO1xQ,Urban Grape South End,,303 Columbus Ave,Boston,,02116,42.3467,-71.0746,4.5,70,1
QjUkFsW2wTp0PKbS7VTWFw,The Sports Museum,,100 Legends Way,Boston,,02114,42.3603,-71.0596,5.0,8,1
QJw9YP913CdaJTzbjQkgXQ,Orange Line MBTA,,,Boston,,02228,42.357,-71.0605,2.5,108,1
qJxjhLQjLcYnpcqqDHS3Jg,PURO ceviche bar,,264 Newbury St,Boston,,02116,42.3492,-71.0831,4.5,205,1
QK1Cor9zgGGpYPTyBo37og,Safi Express African Hair Braiding,,383 Bowdoin St,Boston,,02122,42.3099,-71.0635,3.5,26,1
Qk6aGaqKZR83DHpfwGvwkg,Starbucks,,273 Huntington Ave,Boston,,02115,42.342,-71.0862,3.0,35,0
qKeRTWgIDFFloEmwEIpsng,Northeastern University - College of Professional Studies,,360 Huntington Ave,Boston,,02115,42.3392,-71.0883,3.0,24,1
QKo_BwI8T4PLqcqPezPsZQ,Regal Fenway & RPX,,201 Brookline Ave,Boston,,02215,42.3445,-71.1017,3.5,310,1
qkTwkQafXJqtkG9ZQpxqyw,Nutrition One,,369 Huntington Ave,Boston,,02115,42.3403,-71.0903,4.5,10,0
Qlb-UXVFyV2Y6RyHEQ4IbQ,Copley Place Central Garage,,2 Copley Pl,Boston,,02116,42.3473,-71.0783,2.5,8,1
qldd2y86XY9XVtXh4kLILA,Longfellow Bridge,,Longfellow Bridge,Boston,,02228,42.3612,-71.0726,3.5,25,1
qLfO2MgIeAcHc997SKxULg,Happy's Bar & Kitchen,,1363 Boylston St,Boston,,02215,42.344,-71.1,3.0,90,0
qlIBwZknTbeEdIIy2kr7RA,Salon 2,,281 Huntington Ave,Boston,,02115,42.3419,-71.0864,4.0,45,0
qluQHw3z_Y_uOM00SrX0Ng,Tony and Helen Cleaning,,,Boston,,02215,42.3476,-71.1003,5.0,20,1
QMkX8r8dWMHY0ZgtoDdF1g,Buried Treasures,,28 Haviland St,Boston,,02115,42.3462,-71.0889,3.5,22,1
QML9IeyAcG0rVlFuTQ4d8g,Auntie Vie's Restaurant,,554 Dudley St,Boston,,02125,42.3213,-71.072,4.0,5,1
QmqkLAdM8uM4c2vz2IfiwQ,Fenway Park Tours,,4 Yawkey Way,Boston,,02215,42.3459,-71.0988,4.0,268,1
QN9z8kXC-3aZ7fJjiEab2A,Pilot Air Freight,,240 William F McClellan Hwy,Boston,,02128,42.389,-71.0169,2.0,9,1
QNbgjGvarXlMAchLntONFQ,Kolbeh cafe,,65 Atlantic Ave,Boston,,02109,42.3629,-71.0513,4.0,39,0
QNqWW1S3fLs03C_arfRDXw,Axis,,15 Lansdowne St,Boston,,02215,42.3474,-71.0957,3.0,17,0
qNupFrosIfn7ZZW4vvG4Mg,TITLE Boxing Club,,226 Causeway,Boston,,02114,42.3667,-71.0593,3.5,31,1
QO3STMziAt4n10ZNBLYgbg,Chipotle Mexican Grill,,8 Park Plz,Boston,,02116,42.3518,-71.067,3.5,20,1
qO55m18iLvRW6ln6XhGbHw,Higs Tickets,,59 Causeway St,Boston,,02114,42.3644,-71.0629,3.5,8,1
Qo57frhSCwiCe-tkijJv4A,Bank of America,,710 Washington St,Boston,,02111,42.3506,-71.0629,2.0,14,0
qOGjtaR9iog3rAIX5Z9Lww,Eastern Auto Center,,153 Liverpool St,Boston,,02128,42.3735,-71.0395,5.0,7,0
qOiaxuSkcsR4Hr15g4DDTA,General Shoe & Luggage Repair,,2 S Station,Boston,,02110,42.3531,-71.0533,3.0,13,0
Qotb4003obBBB7KZQus56A,Paulaner Bier Garden,,Nashua St,Boston,,02114,42.3675,-71.0652,3.5,9,1
QoVrles_v7WGjn4NqNfZbQ,Public Storage,,290 Southampton St,Boston,,02118,42.331,-71.0627,3.5,21,1
Qp0wKQDxR8_2frY11aCBfA,Starbucks,,110 Huntington Ave,Boston,,02116,42.3471,-71.0791,2.0,53,0
Qp1I652MPMdYTrr6z157Jw,Cosmic Run,,,Boston,,02767,42.3584,-71.0598,2.0,15,1
qP64A-RT-wM4wh3wx7AeWg,The Penalty Boxs,,65 Causeway,Boston,,02114,42.3645,-71.0626,4.0,18,0
QpDlDgv2ZExRxY3laJ86Xw,Super Cleaners,,1065 Commonwealth Ave,Boston,,02215,42.3525,-71.1235,2.5,21,1
qpg8rxHXMDl8FKLxdxdl3A,McCormick & Schmick's Seafood & Steaks,,1 Faneuil Hall Market Pl,Boston,,02109,42.3605,-71.0557,2.5,412,1
qplnH-qeSZuz3VRbAoHkbQ,JA Stats Restaurant & Bar,,99 Broad St,Boston,,02110,42.3573,-71.0526,3.5,32,0
QppHVruDZzKcyIGqdvDtRw,Cheers Cut,,154 Harvard Ave,Boston,,02134,42.3517,-71.1315,4.0,62,0
QprsuZKL60M2Jf94lrz3wA,Avis Car Sales,,162 Boardman St,Boston,,02128,42.3916,-71.0136,3.5,11,1
QPu8U2xjWvzTOU3Nx6kPPA,Sushi Arigato,,350 Longwood Ave,Boston,,02115,42.3388,-71.1072,2.5,5,0
QQ4sO_x9gzDhvmd754xe6w,South Boston Chinese Restaurant,,429 W Broadway,Boston,,02127,42.3365,-71.0473,2.5,47,1
qqBlxZ1qGttJdveEWsyySQ,PS Nails & Spa,,34 Gloucester St,Boston,,02115,42.3493,-71.0845,4.0,321,1
qqoRoMwDd3Uh05Ty5lcMPw,MiniLuxe Training Studio,,639 Veterans of Foreign Wars Pkwy,Boston,,02467,42.2963,-71.1569,3.0,51,1
QQqSh5PdXB0A8ASWDFY5gw,Wilbur Theatre,,246 Tremont St,Boston,,02116,42.3507,-71.0648,2.5,254,1
qquTDQK9cSUsiRpeh5eqaQ,The Bamboo Valley Spa & Massage,,42 Batterymarch St,Boston,,02110,42.3576,-71.0538,3.0,11,1
qr8Z61nADyU1qVN9CdCLXg,Viga Italian Eatery & Caterer,,140 Clarendon St,Boston,,02116,42.3486,-71.0745,3.5,35,1
qrd1kd4E_3Ebq6svxiHfQg,John Hancock Tower,,200 Clarendon St,Boston,,02116,42.3493,-71.0751,4.5,25,1
qrID-tQzosJc1x_4r58P2g,28 Degree's,,1 Appleton St,Boston,,02116,42.3467,-71.0694,3.5,241,0
QrJoy442ordy16EQ8VZ3Lw,Boston Marathon Adidas RunBase,,855 Boylston St,Boston,,02116,42.3489,-71.083,4.5,6,0
QRNlHTlY9Jjo4T-ufBR2kg,Lily's Correct Carpet and Oriental Rug Cleaning,,,Boston,,02228,42.357,-71.0605,4.5,75,1
QRQM9oL7Mdu9dPpPa2JcFA,Southwest Airlines,,1 Harborside Dr,Boston,,02128,42.3681,-71.0194,3.0,99,1
qrTq-JOGHTGnDjqa5S2vjA,Beautie Addicts ,,373 Washington St,Boston,,02135,42.3493,-71.1541,4.0,8,1
QRusfDGq8gFQiubg0ZcahQ,Wahlburgers,,9 District Ave,Boston,,02125,42.3252,-71.0618,3.5,154,1
qRWQO9uBMk2fFbbOg_cM0Q,Tutti Spa And Nails,,100 Huntington Ave,Boston,,02116,42.3469,-71.0784,3.0,37,1
qsExCXuTaHCT2hhgY8xSEw,Jia Ho Supermarket,,692 Washington St,Boston,,02111,42.3514,-71.0627,3.5,37,1
QSHnlS5PEIjtx04S3VmvFw,Monica's Mercato,,130 Salem St,Boston,,02113,42.3651,-71.0556,4.5,497,1
qskbvmZZLE6AfWql8zuO1g,Frances Jacobson Early Childhood Center - Temple Israel,,477 Longwood Ave,Boston,,02215,42.3405,-71.1091,5.0,12,1
qszcukR04LtJxTFjm0ZQGA,98.5 The Sports Hub,,83 Leo Birmingham Pkwy,Boston,,02135,42.3592,-71.1482,2.5,7,1
QSzVva54XBSmQ190dlTbVg,V Cirace & Son,,173 North St,Boston,,02109,42.3631,-71.0539,4.5,35,1
qt1sc59RB4UU9fMK-7tmGw,Savin Hill MBTA Station,,121 Savin Hill Ave,Boston,,02125,42.3112,-71.0533,4.0,7,1
QTh_OaUFi27SLhyxmf-Iyg,FedEx Office Print & Ship Center,,415 Summer St,Boston,,02210,42.346,-71.0457,1.5,6,1
qTLrDJ-4svS_Ml8BZIBJAg,LoLa Burger Boston,,11 Fan Pier Blvd,Boston,,02210,42.3542,-71.0454,3.5,23,1
QTR6VUN8_GBT5cu6rccRLg,East Side Yoga and Fitness,,584 E Broadway,Boston,,02127,42.3356,-71.0408,4.5,20,1
QUaPx-tp57Ih7_2hC20TJA,J J Donovan's,,27 Clinton St,Boston,,02109,42.3605,-71.055,3.5,31,1
QuiRs9xaUaOOANzHMD-Tvg,Dunkin',,350 Longwood Ave,Boston,,02115,42.3386,-71.1072,2.0,10,1
qUJCmkORzZWMzTvV33GReQ,305 Fitness,,506 Commonwealth Ave,Boston,,02115,42.3486,-71.0956,5.0,55,1
quL0Dqop3Ni5qcwd269fXQ,Ginza,,16 Hudson St,Boston,,02111,42.3506,-71.0599,3.5,142,0
QulFXa9vZDbc5AQEtuiToA,Channel Caf?,,300 Summer St,Boston,,02210,42.35,-71.0493,3.5,124,0
QULve82crMjaNkgfqfjl2Q,Darryl's Corner Bar & Kitchen,,604 Columbus Ave,Boston,,02118,42.3397,-71.0824,3.5,683,1
qumeVR5DB3y09CIMcPjoUw,MyBike,,516 E 2nd St,Boston,,02127,42.3376,-71.042,4.0,28,0
QuuwB5oonYd---NfIm_mZw,Starbucks,,1 South Station,Boston,,02110,42.3519,-71.0552,1.5,16,0
qV2424zj9qwrjACyaCA-JQ,Dig,,25 Thomson Pl,Boston,,02210,42.3512,-71.0473,4.5,15,1
qv3S22d74wHtPIorQD-bfQ,D'Angelo's Sandwich Shops,,700 Atlantic Ave,Boston,,02111,42.3519,-71.0552,2.5,32,1
Qv7M-HuLKioiqa0cZACozQ,Rugby,,342 Newbury St,Boston,,02228,42.3482,-71.0868,3.5,17,0
QV7W4eIn8MscXZpKlnsk_g,West Broadway Family Dental,,385 W Broadway,Boston,,02127,42.3374,-71.0491,4.5,13,1
qvG22C7NU56lOFxtdIT3nQ,Boston University Cosmetic and Laser Center,,930 Commonwealth Ave W,Boston,,02215,42.3509,-71.1179,2.5,12,1
qVjWW-AOmjLyycwgjvZqHg,Rick's 11a Cafe,,11 Elkins St,Boston,,02127,42.3393,-71.0366,4.5,11,1
QvkUO6g7TjVO2RKlR_xm7Q,U-Haul Moving & Storage at Mass Ave Boston,,985 Massachusetts Ave,Boston,,02118,42.3285,-71.0693,2.0,96,1
qVl3PoJkdx-ms2MAR-jQDQ,The Kensington,,665 Washington St,Boston,,02111,42.3518,-71.0631,4.5,46,1
qVNYCZi2ofv-oe293JsYkg,75 Chestnut,,75 Chestnut St,Boston,,02108,42.3569,-71.071,4.0,489,1
QvtfSRcf-s1WyupCfINRuw,The Goods JP,,378 Centre St,Boston,,02130,42.3221,-71.1094,4.0,43,0
qvxDPPYqOe2PS1bV0KA9CA,Flat of the Hill,,60 Charles St,Boston,,02114,42.3576,-71.0702,4.0,32,1
qVzbcusjDRMKCVFG-7zIyA,Florina Pizzeria & Paninoteca,,16 Derne St,Boston,,02114,42.3595,-71.0633,4.5,110,1
Qw0mGzjZMkE1L0cbxePy3g,Higgins Floors,,72 Bennett St,Boston,,02135,42.3518,-71.157,4.5,13,1
QW4OvLgLezF0KQbsjhCbgw,Rittners School of Floral Design,,345 Marlborough St,Boston,,02115,42.3512,-71.0859,5.0,5,1
Qw6DVt-0eMRDt8VGPqK9UQ,Shu Uemura,,130 Newbury St,Boston,,02116,42.351,-71.0766,4.0,29,0
QWDg9ax0SnmyC4vBHYO3TA,Doherty Drywall,,,Boston,,02122,42.2967,-71.0527,5.0,18,1
qwenPFLLo10TtxP_H3pL8Q,Barspirit Premier Bartending Service,,,Boston,,02116,42.3531,-71.0765,5.0,6,1
qwIukbdhcUCzWJJQDyyeOA,Emack & Bolio's,,255 State St,Boston,,02109,42.3592,-71.0512,2.5,48,0
qWkkqVhjytB_N_qwXea_3A,The Fish Shack,,348 Harrison Ave,Boston,,02118,42.3454,-71.0628,3.5,9,1
QWsC4HwzTTczA2GvOvUt8g,Smoothie King,,314 Newbury St,Boston,,02115,42.3486,-71.0854,3.5,37,0
qWWi878QIbfNuRzM5nSpgQ,LF,,353 Newbury St,Boston,,02115,42.3485,-71.0874,3.0,78,0
QwyBLoSR6wI2AxY-Ug4MHA,Martin’s Park,,64 Sleeper St,Boston,,02210,42.353,-71.0489,4.5,7,1
QX5l9qza_d0c7m_eyCHFFA,Bay Village Cleaners,,350 Tremont St,Boston,,02116,42.3486,-71.0667,4.0,19,1
qxBwg_9GOkikrebR0eDJ7Q,Boston Common Coffee Co.,,515 Washington St,Boston,,02111,42.3543,-71.062,3.5,341,0
qXJrALxyaGEpajMGeGmtxQ,Target,,1341 Boylston St,Boston,,02215,42.3442,-71.1,3.5,100,1
QxMLyt32I8Z3wRRx_9c4Og,Britt Ryan,,291 Newbury St,Boston,,02115,42.3491,-71.085,4.5,7,0
QxQPCZ5g9aH9jwudsokqPw,Dunkin' Donuts,,333 Newbury St,Boston,,02115,42.3487,-71.0866,3.0,9,0
qyhyo7U6Hq1QSW1OYXomig,Boston Harbor Distillery,,12R Ericsson St,Boston,,02122,42.2921,-71.041,4.5,36,1
QyjyssqvYWvaWN8y8z7v2g,Acqua Salon & Spa,,51 Gloucester St,Boston,,02115,42.3487,-71.0837,3.5,37,0
qYYBhtn6WXOZsKHZWlZpKQ,Gourmet India,,800 Boylston St,Boston,,02199,42.3485,-71.0825,3.5,37,0
QzAZ1tB0NaJ6VIzcO_SPQQ,YOTEL Boston,,65 Seaport Blvd,Boston,,02210,42.3523,-71.0472,3.0,222,1
Qzngw5ChtTu2aW1g1yOrYQ,Lessons on Liberty,,148 Tremont St,Boston,,02111,42.3548,-71.063,5.0,33,1
qzpfz8TAPFB2RUck1xsUDg,K9 Strolls,,83 Pembroke St,Boston,,02118,42.3404,-71.0767,5.0,19,0
QzxVCuO5ApekTAhJJNZRAg,Crazy Dough's Pizza,,8 Park Plz,Boston,,02116,42.3513,-71.0693,2.5,24,0
R_0wy0f2O1njVlsqvpr5QA,Moxie Star Salon,,473 Shawmut Ave,Boston,,02118,42.3389,-71.0759,3.5,8,1
r_1UChng6Z5lOM_LFxRvKQ,Dimov Associates,,897 Boylston St,Boston,,02199,42.3485,-71.0841,5.0,23,1
R-vcKmm81qP0fWjUZqLz1g,Boston Smoke Shop,,334 Dorchester St,Boston,,02127,42.3309,-71.0541,3.0,7,1
r-VfjI3bTgbKFq5qmKzLEw,CITIDental Boston,,63 Court St,Boston,,02108,42.3593,-71.059,3.0,41,1
R0cvwevKVcySr1MayJvPfw,Supreme House Of Pizza,,313 Old Colony Ave,Boston,,02127,42.3295,-71.0528,3.0,41,1
r0JAzYgT8yUQa97reEnrXA,Tealuxe,,10 Huntington Ave,Boston,,02116,42.3487,-71.0773,4.0,5,0
r0N7ck7_quS_kvh9JEmfWw,Pinckney Nail Salon,,91 Charles St,Boston,,02114,42.3587,-71.0705,3.5,51,1
r0oqearC_QB12zuUqMw24A,711 Bistro & Sushi Bar,,711 Boylston St,Boston,,02116,42.3496,-71.0798,3.0,22,0
R0PAiqOtzQv4fRNmh26ydw,The French Cleaners,,130 Dartmouth St,Boston,,02116,42.3465,-71.0758,4.0,24,1
R0ST6DAXbHkoujNmdDuzjw,Royaltea - Boston,,23B Tyler St,Boston,,02111,42.3508,-71.061,4.0,191,1
r0wWZ_q5pG2Xr3XRc6M-4Q,Dunkin' Donuts,,482 W Broadway,Boston,,02127,42.3356,-71.0456,3.5,9,0
R14ZhEzzZD6Gf0uVUwx7Lw,Veritas Prep,,One Ave De Lafayette,Boston,,02111,42.3536,-71.0608,4.5,11,1
R18zrByW1FH_kZ8USr2LlQ,Umi Japanese Cuisine and Sushi Bar,,90 Peterborough Street,Boston,,02115,42.3431,-71.099,3.0,33,0
R1EC-A2H8PEfXKjagvTong,Verizon Wireless TCC - Beacon Hill,,296 Cambridge St,Boston,,02114,42.361,-71.0686,3.0,8,0
R1hNijCXlSp0853L8hG_5w,Salon Dean,,171 Brighton Ave,Boston,,02134,42.3533,-71.133,3.5,34,0
r1Hu5_uY8cROOXgO7lcA9w,John Jeffries House,,14 David G Mugar Way,Boston,,02114,42.3606,-71.0715,3.5,43,0
R1HWtE2O4VnC6otAWQ-Lyw,Red Fez,,1222 Washington St,Boston,,02118,42.3428,-71.0667,3.0,113,0
r1kx3jGcLx3X-qcxlogEyw,Northeastern University,,360 Huntington Ave,Boston,,02115,42.3391,-71.0883,4.0,77,1
R27e8XQzKnmLWemZECS8yA,DePasquale's Homemade Pasta Shoppe,,66A Cross St,Boston,,02113,42.3628,-71.056,4.5,34,0
r28bxKFNTRKaXYcemS8KNw,Off the Common,,50 Park Plz,Boston,,02116,42.351,-71.0697,3.5,39,1
r2CqNYEZyVT3Ay9DRYeF9w,Blackmoor Bar and Kitchen,,1 Chelsea St,Boston,,02129,42.3712,-71.0615,4.0,226,1
r2ED6HleqyG43BYU-gw8ng,Roosters Men's Grooming Center,,121 Charles St Unit 2,Boston,,02114,42.3597,-71.0705,3.5,9,0
R2GIWCwILEoGMOWFmC5J2Q,The Cafe at Taj Boston,,15 Arlington St,Boston,,02116,42.3528,-71.0716,3.0,77,0
R2kM3m5vdAJpUbQo7Nwj9g,Dr Auto & Tire Service,,257 Columbia Rd,Boston,,02121,42.3082,-71.0746,4.5,7,1
R34kFmiHuFwbEcqUZ16_HQ,Styled By G,,176 Newbury St,Boston,,02116,42.3503,-71.079,5.0,7,1
r36vip-S5VSvZ1VPBH00JQ,Lolita Cocina & Tequila Bar Fort Point,,253 Summer St,Boston,,02210,42.3505,-71.0512,4.0,503,1
R40JzBT7jrPVbXCr6zmLWw,Symphony 8,,8 Westland Ave,Boston,,02115,42.3432,-71.0865,2.5,101,0
R4Hvu_XgI19ZWrijtkHZaA,The Pet's Vet North End,,225 Friend St,Boston,,02114,42.3645,-71.0608,5.0,6,1
r4s5Uv-09mXW3tvyR9ZI5g,Swissbakers,,1 Nashua St,Boston,,02114,42.3659,-71.0635,3.5,6,0
R4Vlwzmad4Pisd_BglXJ0g,Bristol Restaurant & Bar,,200 Boylston St,Boston,,02116,42.3523,-71.0682,3.5,284,1
R58r5xIf0YxadJgZ3vbm3g,Spectacle,,505 Tremont St,Boston,,02116,42.345,-71.0704,5.0,109,1
R5b3b66RoEjx3g1ZWB6KRA,Empire Loan,,1130 Washington St,Boston,,02118,42.344,-71.0658,3.5,9,1
R5e2NDB2lXwfSJSNvf0uKQ,345 Harrison,,345 Harrison Ave,Boston,,02118,42.3451,-71.0641,2.5,13,1
R5kNf8zwogGlG430ZyoF6A,Our Zone,,1583 Commonwealth Ave,Boston,,02135,42.3443,-71.1431,4.5,29,1
R5WHerEVkvND_iov_XCgBg,Back Bay Hardware,,221 Newbury St,Boston,,02116,42.3501,-71.0815,4.5,72,0
r65d-mDdDvI2kr79LiE-QA,Blunch,,59 E Springfield St,Boston,,02118,42.3355,-71.0747,4.5,489,1
R6BF6lMVa4yVa8QGnACY8g,Metro Credit Union,,922 Commonwealth Ave,Boston,,02215,42.3464,-71.1036,2.5,10,1
r6mVnqV-C81fvWDN-ohmiA,FedEx Office Print & Ship Center,,187 Dartmouth St,Boston,,02116,42.3486,-71.0762,2.0,50,1
r7-YSA7Z8p4KISZ-jEww5A,Salty Dog Seafood Grille & Bar,,206 S Market St,Boston,,02109,42.3601,-71.0556,3.0,342,1
R7peDyHzKTGilwo_1fjt3g,Woody's Grill and Tap,,58 Hemenway St,Boston,,02115,42.3449,-71.0896,4.0,286,1
R82cm1R1IATG3rBGqkOkdQ,MinuteMan Coin & Jewelry,,29 Bromfield St,Boston,,02108,42.3568,-71.0598,3.5,7,0
r8ohpyu9JIILIJuaNCudvQ,Fashion Bee Hair Store,,1443A Dorchester Ave,Boston,,02122,42.3014,-71.06,1.0,6,1
r9_85lEfy0hIZ0UG9ugBvg,Max Ultimate Food,,101 Hampden St,Boston,,02119,42.3298,-71.0751,5.0,7,1
R9_RFLhJAzWorNoXCUmxFg,bebe,,100 Huntington Ave,Boston,,02116,42.3473,-71.0789,3.0,5,0
r94WYSR0Qo5G6EJArrBBmA,Duchess of Boston Sailing Charters,,87 Commercial Wharf,Boston,,02110,42.3621,-71.0487,5.0,7,1
r98ef4J_BS1k8RoMcHa5PQ,Anzalone Realty,,383 Hanover St,Boston,,02113,42.365,-71.0529,3.5,20,1
R9ay4M5DsiXVOH440OGPAg,Buckminster Hotel,,645 Beacon St,Boston,,02215,42.3484,-71.0978,3.0,179,0
r9C9UjZBgfH3N8BP4gHo7Q,AAA - Boston,,141 Congress St,Boston,,02110,42.356,-71.0562,3.0,53,1
RA5FI-4bR3P13TGacQ_WKg,Abby Lane,,255 Tremont St,Boston,,02116,42.3505,-71.0653,3.5,470,1
raBxmj4BRiRq1cgmljqZhg,Seoul Chicken,,1102 Washington St,Boston,,02118,42.3442,-71.0656,4.0,6,0
raTmrcLFRoX4XwkVWY2dhQ,Eaves Family Dentistry,,216 Dorchester St,Boston,,02127,42.3331,-71.0504,4.0,11,1
rbauBdba_dL_cd4sYC5URw,Copley MBTA Station - Green Line,,640 Boylston St At 230 Dartmouth St,Boston,,02116,42.3503,-71.0776,3.0,14,1
rbjviYCGjz96-ia2E6U2pw,Furniture Techs,,,Boston,,02315,42.3601,-71.0589,5.0,17,1
RBmP9BOaLn-r6qPfORz0-Q,Home Run Cafe,,1269 Massachusetts Ave,Boston,,02125,42.3214,-71.0626,3.0,13,1
rBQaL3UgrV7--t0BG44NlQ,sweetgreen,,354 Harrison Ave,Boston,,02118,42.3453,-71.0634,3.5,64,1
rBwaIDSLxGQykaIdl7miRQ,Squeeze Juice Company,,225 Franklin St,Boston,,02110,42.356,-71.0541,3.5,28,0
rBwwkTwq6NKmchdoa8Nb9Q,Mattress Firm Downtown Boston,,45 Franklin St,Boston,,02110,42.3556,-71.0589,3.5,15,0
rc23Eq68aeCsEdYaK1OMiA,New Saigon Sandwich,,696 Washington St,Boston,,02111,42.3512,-71.0627,4.0,437,0
RC7s9vg0L3hL4LTZQhlpeg,Seoul Soulongtang,,1245 Commonwealth Ave,Boston,,02134,42.3503,-71.1318,4.0,496,1
rcERANnIyyyanLU0t2qdKg,Scampo,,215 Charles St,Boston,,02114,42.362,-71.0704,4.0,569,1
RcFjOBIwjun8atklN2p5ug,The Midtown Hotel,,220 Huntington Ave,Boston,,02115,42.3433,-71.084,2.5,111,1
RCh8y2locepgeEGoiiWLjQ,Lord + Taylor,,760 Boylston St,Boston,,02199,42.3489,-71.0802,3.0,118,0
rcn3L8ZeQebdG0K1RSRKXQ,Drink,,348 Congress St,Boston,,02228,42.3506,-71.0485,4.0,1572,1
RCNa0g1M46mIqJ5x7A5LPQ,Boston Organics,,50 Terminal St,Boston,,02129,42.3825,-71.0604,4.5,107,1
RCxQXlqw7-DxtgNvPXIbfA,Wine Riot,,130 Columbus Ave,Boston,,02116,42.3507,-71.0701,4.0,126,1
RCyKdn2zU_gA6xwI-Nl7VA,Boston Public,,234 Berkeley St,Boston,,02116,42.3515,-71.0732,3.0,8,0
RCyWNDK_JTRaWd7ps2K85g,Copp's Hill Burying Ground,,21 Hull St,Boston,,02113,42.367,-71.0562,4.5,41,1
rD08vqt3VLXIVC_hPV8npg,Romano Florist,,206 Hanover St,Boston,,02113,42.3629,-71.0557,4.5,12,1
rD0d8iMavQ2mWIVkaYvmCQ,Turnstyle - Back Bay,,43 Fairfield St,Boston,,02116,42.3492,-71.0821,4.0,38,1
rD4bj1hn9g_6C8czNw7ZEg,Boston Sports Clubs,,361 Newbury St,Boston,,02115,42.3484,-71.0877,2.5,66,0
RD4PEyR7ChLJs9NIsToAoQ,Rhythm 'n Wraps Truck,,,Boston,,02215,42.3476,-71.1003,4.5,50,1
RDdHoeFPYelS7W5vzY61Nw,Susan Reardon Wellness,,12 Clarendon St,Boston,,02116,42.3446,-71.0725,5.0,7,1
rDEPEdMgM-HEwoc1aJyT2A,Frozen Hoagies Truck,,,Boston,,02115,42.3399,-71.0899,4.0,42,0
rDeZwtg_bLtbQUzxvU1Qzg,Kelly's Roast Beef,,1227 Commonwealth Ave,Boston,,02134,42.3502,-71.1304,3.5,85,0
rdpY_LeMnDnfeK47eDnDOw,Lincoln Tavern and Restaurant,,425 W Broadway,Boston,,02127,42.3363,-71.0476,4.0,859,1
RdxN5oT8r6DF0P3PNV1Owg,Rowes Wharf Bar - Boston Harbor Hotel,,70 Rowes Wharf,Boston,,02110,42.3562,-71.0503,4.0,35,1
RDZJY7ls8-2hNkkXFIJg4g,Boston Chops South End,,1375 Washington St,Boston,,02118,42.3415,-71.0696,4.0,607,1
rE-LfNcO_KBuDDP9s9qUSA,Blade Barbershop,,603 Tremont St,Boston,,02118,42.3434,-71.0736,4.0,46,0
re6qxSzaQ4HHmYY47jwNNw,Lifted,,149 North St,Boston,,02109,42.3628,-71.054,5.0,7,0
REfqbWgtKu6ob4AYlPT1og,100 Pier 4,,100 Pier 4 Blvd,Boston,,02210,42.3515,-71.0431,3.5,20,1
rEGilWi1KehFDsCqBlP9_Q,Ginger Park,,1375 Washington St,Boston,,02118,42.3415,-71.0695,3.0,99,0
remae6Yn2pIbZBq43YlrVA,Qualite Flooring Services,,,Boston,,02125,42.2619,-70.9978,5.0,14,1
REmBxSRBi_FDgwsTnjl3hA,No Name Restaurant,,15 Fish Pier St E,Boston,,02210,42.3503,-71.038,2.5,1020,0
rEo0N1OvJDJ5t6nD80PRtQ,My Mani Pedi Spa,,546A Tremont St,Boston,,02116,42.344,-71.0712,3.5,70,1
ReQ1RJmzFJzV47VLInzW5Q,T and T Hair Salon,,923 Dorchester Ave,Boston,,02125,42.319,-71.0569,4.5,52,1
rEVqnqrhyMtI71-JKM71Dg,Boston Oral & Facial Surgery,,136 Lincoln St,Boston,,02111,42.3514,-71.0581,4.0,29,1
RF2YhEH__pDNKAhMwZmCUA,Anthem Kitchen & Bar,,101 S Market St,Boston,,02109,42.3597,-71.0556,3.5,499,1
RfAjKACvAVYiYHXuk7ljig,Certified Chimney Inspections,,,Boston,,02128,42.3695,-71.0201,3.0,6,1
rfe2C4MnRATdYfF-GoVVGw,Poutinerie by Air Canada,,267 Washington St,Boston,,02201,42.3578,-71.0582,4.0,17,0
rfFhUF5YEwxSb4_cSyw7bw,East Coast Motors,,130 North Beacon St,Boston,,02135,42.3549,-71.1448,3.5,6,0
rFKT8OP6tCekOwB__wLc0A,Hair Stop Roxbury,,1826-1830 Washington St,Boston,,02118,42.3353,-71.0779,2.5,11,1
RfNNaDa-_VRbSEntZtLDmg,Boston Crawling,,200 Portland St 5th,Boston,,02114,42.3646,-71.0623,4.5,19,1
rFqFRuvsv0GWjf2v599YKA,Tye Donald G,,585 Commercial St,Boston,,02109,42.3679,-71.0578,3.5,8,1
RfrE6jlr7eWypqm9J6Zxvw,Statehouse Cleaners,,122A Bowdoin St,Boston,,02108,42.3589,-71.0627,2.5,14,1
rfVmiT5Xeko4iaPpLEVghQ,BBQsmith,,Surface Rd & Beach St,Boston,,02111,42.3513,-71.0595,4.0,27,1
Rg5g9hI1I1ianDrLbDuFhw,WBCN 104 FM,,Leo Birmingham Pkwy,Boston,,02215,42.3583,-71.1536,4.0,12,1
rGEsouKJywKQLYmvD2H_1Q,House of Siam,,592 Tremont St,Boston,,02118,42.3429,-71.073,3.5,145,0
rGHuWAzZO8Dx2UD0yPvaEQ,Wyndham Boston Beacon Hill,,5 Blossom Street,Boston,,02114,42.3617,-71.0667,2.5,143,1
RGITbQOvmiSuUIAWm9abKA,Pho Le Vietnamese Cuisine,,1356 Dorchester Ave,Boston,,02122,42.3044,-71.059,3.5,248,1
rGOK9jfl1GHUzYK-JH2-rQ,House of Nails,,1020 Bennington St,Boston,,02128,42.3871,-71.0062,3.0,69,1
RgTqzHPw-D6zNMQV08-BLg,7-Eleven,,55 Berkley St,Boston,,02116,42.3464,-71.0704,3.5,11,1
RgWLC2mxfQXszqzPqOOy2g,Gyro City,,181 Chestnut Hill Ave,Boston,,02135,42.3418,-71.1544,4.5,117,1
rHkr_jxQS-KJZ9M00i6JPA,Ethiopian Cafe,,377 Centre St,Boston,,02130,42.3222,-71.1091,4.5,54,1
rHmNbSTaFhLVph7hSUsjaw,Dunkin',,16 Tremont St,Boston,,02116,42.3591,-71.0596,3.0,16,1
rHMZG6q5rs6fjX6Suw3OxA,KM Hudson,,125 Charles St,Boston,,02114,42.3598,-71.0706,3.0,18,1
rHP8PVVk-UVm4CwV73Ufag,Dunkin' Donuts,,80 Boylston St,Boston,,02116,42.3523,-71.0648,3.5,30,0
rhq8DRBtibfAEFUTppnv8A,Loews Boston Hotel,,154 Berkeley St,Boston,,02116,42.3492,-71.0724,4.0,108,1
rhYYdocMym-qwR5XznbGiQ,Cuoio,,150 State St,Boston,,02109,42.3595,-71.0541,4.5,11,0
Ri3tujeSjfxRP-LB2wcotQ,Berkshire Farms Market,,1 Harborside Dr,Boston,,02128,42.3608,-71.018,2.5,116,1
ri4alEQpDk3qyuHCYFxiZw,One Canal Apartment Homes,,1 Canal St,Boston,,02114,42.3638,-71.059,4.0,11,1
RigU2n4W4NCl3bdPgRdd6A,Milano's Delicatessen,,978 Saratoga St,Boston,,02128,42.387,-71.0074,4.5,77,1
riRFtMztKU2X-vzW8jjRcw,Colonial Theatre,,106 Boylston St,Boston,,02116,42.3523,-71.0654,3.0,60,0
riYRtPAc027BKKE5Nqt7cw,Nick Varano's Famous Deli,,66 Cross St,Boston,,02113,42.3627,-71.056,2.5,66,0
RjBwpnO6TlJrzvA3nhbR7g,Calypso St. Barth,,114 Newbury St,Boston,,02116,42.3511,-71.0758,4.5,10,0
RJfovzPhmdt-pYHnFboM8w,The Avenue,,1249 Commonwealth Ave,Boston,,02134,42.3502,-71.1321,4.0,378,1
RjIpiZLefONlg4SfWUjirg,Flour Bakery + Caf?,,131 Clarendon St,Boston,,02116,42.3483,-71.0738,4.0,1033,1
Rjmow52esfT1_eI6tfCHDQ,Dick's Last Resort,,254 Faneuil Hall Market Pl,Boston,,02109,42.3604,-71.0542,2.5,471,0
rjPjpokoEmfxUPtB7-i3lA,Union Club,,8 Park St,Boston,,02108,42.3574,-71.0628,4.5,6,1
rJqEivXKcdKTfYJUzKQVgw,Bloom Couture Floral Studio,,769 Tremont St,Boston,,02118,42.3397,-71.08,5.0,39,1
RjREJ1z4GNanJ_9SGCsr1A,Bank of America,,699 Boylston St,Boston,,02116,42.3498,-71.0794,2.0,10,1
RK-b7_ikm0aeLYawQoPPnA,Blackstone Williams Properties,,302 Newbury St,Boston,,02115,42.3487,-71.085,4.0,5,1
RKde_HffsMdDaMGkJZEskA,CannAssist Consulting,,2131 Washington St,Boston,,02119,42.332,-71.0822,3.5,15,1
rKHO0siGEDE6FoBDbHTsQQ,Old Japan,,24 Union Park St,Boston,,02118,42.3416,-71.0699,4.5,9,0
RKkNb2_3HM8ZVGij-re5CQ,E&S Automotive,,480 Dorchester Ave,Boston,,02127,42.3326,-71.0569,4.0,37,1
RkpyBR0Wy6_uL4He5uxHEg,Lessard's Barber Shop,,545 Washington St,Boston,,02135,42.3495,-71.1636,4.5,92,1
RKty8b9tojkrstITo5viWw,Serafina Back Bay,,237 Newbury St,Boston,,02116,42.3499,-71.0821,3.5,59,1
rLCMkeNtti0sCJdO-1gkKA,Natif Natal Restaurant,,830 Blue Hill Ave,Boston,,02124,42.2962,-71.0872,3.5,30,1
rLsTeknFRLThGIcc8OLoNA,Boston Sports Clubs,,201 Brookline Ave,Boston,,02115,42.3442,-71.102,2.5,128,0
RLuyDir61dQk89tbMxIIeQ,Boston Local Food Festival,,The Rose Kennedy Greenway,Boston,,02210,42.3645,-71.0589,3.5,16,1
Rlz3EpwTiKJS6UhGE6S7VA,Studio Allston,,1234 Soldiers Field Rd,Boston,,02135,42.3637,-71.1364,3.0,49,1
rmCkxp9JyXXibMd1S92nXg,Bova's Bakery,,134 Salem St,Boston,,02113,42.3652,-71.0555,4.5,1188,1
RMlU4f-DaR5fo0qRVWuVMQ,Ministry Of Supply,,303 Newbury St,Boston,,02116,42.349,-71.0855,5.0,52,1
rMZgmWhpQTmyxIm7i9Asrg,Star Music,,28 Kneeland St,Boston,,02111,42.3509,-71.0619,3.5,8,1
rN0pu37YxpkBFI9GowmsBw,Boston Smoke Shop,,334 Newbury St,Boston,,02115,42.3484,-71.0864,3.5,69,0
RnckcdxXhBNcwPDIPL2ZKg,Casa Barber Shop Styling,,1001 Saratoga St,Boston,,02128,42.3865,-71.0067,4.0,12,1
rNnbzyQ4rgpoPFRlTjNcHw,The Little Kitchen,,22 Kneeland St,Boston,,02111,42.3508,-71.0621,4.0,64,0
rNpOaFBWwceHSXM3ZS6IAA,Dmaidspro,,3142 Washington St,Boston,,02130,42.3139,-71.0999,4.0,5,1
RNqUyblZzXvg0a2fBjJQQg,Artisan Bistro,,10 Avery St,Boston,,02111,42.353,-71.0635,3.0,106,1
RNT9iZrI6Pin-YHdYvZvLA,JP Roti Shop,,482 Washington St,Boston,,02124,42.2947,-71.0717,4.0,30,1
RoG1l00HKkbtFfkQM0YSyw,Pho Common,,468 Commonwealth Ave,Boston,,02215,42.3486,-71.0935,4.0,118,0
Rosh2ygaq58WQhu_F9fiag,Donut 'N' Donuts,,1 Sullivan St,Boston,,02129,42.3778,-71.0673,4.0,11,0
RP1OpQlFHvvrvZbLN9kxBw,Mario's Restaurant,,347 Chelsea St,Boston,,02128,42.3781,-71.0288,4.5,159,1
rp6o0LXm8CtO9GY7qu7vpw,Dorchester Dental,,1370 Dorchester Ave,Boston,,02122,42.3041,-71.059,4.0,15,1
RpdCfiEq8yWRWhY9zmLvMQ,City Lights Cruises,,Rowes Wharf,Boston,,02110,42.3572,-71.05,2.0,8,0
rpIRK9g0uM7Mao5jB39m3w,Boston Shawarma,,315 Huntington Ave,Boston,,02115,42.3411,-71.0878,4.0,563,1
RpIYXoDV3ZtrgTfrF45xAw,7-Eleven,,8 Park Plz,Boston,,02116,42.3513,-71.0664,2.5,11,1
rPriOwUpZ14hRo_rAB0qGQ,BerryLine,,303 Newbury St,Boston,,02115,42.3488,-71.0854,4.5,70,0
RpYiAIiIpdAQXgJ-_f1YPw,Harvard Square Smoothie Stand,,Harvard Square T-Stop Downstairs,Boston,,02138,42.3734,-71.1189,4.0,13,0
rpyKWleJARHnLs54B-lZJg,Bay State Coin,,31 Bromfield St,Boston,,02108,42.3568,-71.0603,3.5,5,1
Rq6E5izBOqTmesZ8yomyiQ,M.A.C. Cosmetics,,450 Washington St,Boston,,02111,42.3552,-71.0611,3.5,17,1
rq6L9d7hSsPNWbyh_DPrGA,west elm,,160 Brookline Ave,Boston,,02215,42.3444,-71.101,2.5,135,1
Rq6QSybYpq9j9HUmlyhpEw,Summer Street Barber Shop,,125 Summer St,Boston,,02110,42.353,-71.0575,4.5,79,1
rqsthYib1k_AKKZCalsvzQ,Iron Mountain,,745 Atlantic Ave,Boston,,02111,42.3503,-71.0571,1.5,6,1
RQUZgVKcgenO-FjTg0j80A,Scollay Square,,21 Beacon St,Boston,,02108,42.3584,-71.0624,3.5,518,0
Rr7rhulFCpGvO341g-EWVg,Legal Sea Foods,,100 Huntington Ave,Boston,,02116,42.3471,-71.0774,3.5,570,1
RRCrJ7NKG6HZ3DliUkpyig,Tossed,,1 Post Office Square,Boston,,02109,42.3567,-71.0544,2.5,50,0
rrDU1OwHGVY16GjZnKpvhg,Red Sox Team Store,,19 Yawkey Way,Boston,,02215,42.3459,-71.0987,3.5,40,1
rrFGBpqEkKH_kVbx5wQ-YA,Budget Car Rental,,3 Center Plz,Boston,,02108,42.3589,-71.06,2.0,18,1
RrfQz2LH_d3344qTWzw9Rg,The Gas @ Great Scott,,1222 Commonwealth Ave,Boston,,02134,42.35,-71.1306,4.5,9,0
RriQeBb2NT81n7DX_pew4Q,Papyrus,,800 Boylston St,Boston,,02199,42.3483,-71.0825,3.5,16,0
RRK_vh0rGEMCsTozCJGsLQ,Harvard Club,,374 Commonwealth Ave,Boston,,02215,42.3484,-71.0891,4.0,47,1
RRs00SZ-bFGuaTgaWTi8hA,Zara,,212 Newbury St,Boston,,02116,42.3499,-71.0806,2.0,175,1
RRXo8xARBGwyptHamNsWsw,Pushcart Pizzeria,,117 Salem St,Boston,,02113,42.3645,-71.0554,3.5,271,0
rrXxdPbjw4w8mJrEJwEL9Q,Calderwood Pavilion,,527 Tremont St,Boston,,02115,42.3445,-71.0709,4.0,19,1
rsKAdKuniTp3MUavyCn3Pw,Golden Star Chinese Restaurant,,1495 Dorchester Ave,Boston,,02122,42.2996,-71.0606,3.0,14,0
rskrh6zay7LhEsDh-uiETA,John B. Hynes Veterans Memorial Convention Center,,900 Boylston St,Boston,,02115,42.3476,-71.0852,3.5,35,1
RssuQyiu4wUDPi3Qv5sayA,Tarboosh,,2 Brighton Ave,Boston,,02134,42.3521,-71.1256,4.5,92,1
RSTikS7HTzEOJZrUyuRJQg,Deirfiur Home,,735 E Broadway,Boston,,02127,42.3355,-71.0362,3.5,7,1
rstN5XcWvsWUxrGoLBiK9g,Potluck Cafe,,7 Knapp St,Boston,,02111,42.3512,-71.062,3.5,63,1
rsvaFVI_HxlCXU5ol9XwlA,Mike Betts,,,Boston,,02115,42.3399,-71.0899,5.0,8,1
RsWsccxnJn3rDpaT7LhMlA,Gloss Salon,,1030 Commonwealth Ave,Boston,,02215,42.3515,-71.1221,3.5,10,0
RsyXzXmWPk_jQh8O0HJewQ,La Famiglia Spagnuolo's,,240 Hanover St,Boston,,02113,42.3633,-71.0551,2.0,327,1
rT12oKIiuyq834ScrGOVnQ,District,,180 Lincoln St,Boston,,02111,42.3506,-71.0585,3.0,80,0
rt1UvC0ao4atDGHOUuAT-g,Churchill's Lounge,,40 N St,Boston,,02109,42.3373,-71.0311,4.0,41,0
Rt4AhHPtPMDirY33-NrMaA,Mechanique,,115 Newbury St,Boston,,02116,42.3515,-71.0761,5.0,5,0
Rt5TlVMXJXyyGL-JTgajow,FedEx Office Print & Ship Center,,115 Cummington Mall,Boston,,02215,42.3495,-71.1049,1.5,14,1
rT9jjRPfZC9i7OFXItaiUw,Boston City Florist,,714 Commonwealth Ave,Boston,,02215,42.3496,-71.1057,2.5,82,1
rtFSQxTuHIPS7VDVrbjGsw,Chicken and Rice Guys,,280 Washington St,Boston,,02108,42.3575,-71.0581,4.0,151,1
rtOnDGXWtKf9WO3Jipjg1Q,Caff? Nero,,55 Northern Ave,Boston,,02210,42.353,-71.0462,3.0,13,1
RtY75rfzEP19n9Ou4DSEHQ,Winsor Dim Sum Caf?,,10 Tyler St,Boston,,02111,42.351,-71.0606,3.5,1058,1
ru-K-phiwLyg9tT8x86N1A,Alarm New England Boston - Camera Security System Monitoring,,100 Hano St,Boston,,02134,42.3546,-71.1367,3.0,10,1
rU0hKHmjQHX63ymqF7-9TQ,Brighton Bodega,,328 Washington St,Boston,,02135,42.3489,-71.1523,4.5,177,1
ru2PbckR1YiXNggUVL_kEw,Troquet on South,,107 S St,Boston,,02111,42.3515,-71.0575,4.5,59,1
RuCvHXtZKfkujxIWYpu1Gg,Piperi Mediterranean Grill,,1 Beacon St,Boston,,02108,42.3585,-71.0608,4.5,473,0
RUD3EmAG9cHiwEttfw4B0Q,Beatt Productions,,117 W 3rd St,Boston,,02127,42.341,-71.0524,5.0,6,1
ruhZGIht2EQtjDGN76ZFkg,Betsy Jenney of Boston,,114 Newbury St,Boston,,02116,42.3511,-71.0758,4.0,7,1
Ruq91rmQNweZ78TzKylQMg,Union Oyster House,,41 Union St,Boston,,02108,42.3613,-71.057,3.5,2828,1
ruQmMfMd9YAxj9I47FvxVA,Cuong's Vegan Sandwiches,,5 Beach St,Boston,,02111,42.3514,-71.0626,4.5,117,0
RusK8fJrhxc9GIB7tk5eng,GreCo,,225 Newbury St,Boston,,02116,42.35,-71.0817,4.5,473,1
rUy5T0V_rpz63zQF0P1hTA,Cheers,,1 Faneuil Hall Market,Boston,,02109,42.3601,-71.0552,3.0,63,0
RVBcp7oKHlA14NJ9A8JTdQ,Domino's Pizza,,64 Staniford St,Boston,,02114,42.3628,-71.0642,2.0,79,1
RvifTOjjpXnFPwHHdY5m-w,Barbershop Lounge,,245 Newbury St,Boston,,02116,42.3498,-71.0826,4.0,98,1
RVLTxN0i1qouiISRopgYEg,The Elsewhere Salon,,33 Waltham St,Boston,,02118,42.3418,-71.0687,4.5,48,1
rvOungKh6p6HisUjC-aZ5g,Mecca Motors,,112 Waverly St,Boston,,02135,42.3619,-71.1411,5.0,36,1
Rw5-65XAxnicpV23wFWm-g,Ghosts & Gravestones Tour Boston,,200 Atlantic Avenue,Boston,,02110,42.3601,-71.0517,4.0,202,1
RwB4cg5NeYCl2yMWgCW_ww,Thy Nails & Skin Care Salon,,173 Newbury St,Boston,,02116,42.3506,-71.0792,3.5,24,0
rWP_-KvSH13Nl-W4eYoriQ,Pinkberry,,285 Hanover St,Boston,,02113,42.3637,-71.0545,3.5,12,0
RxBe-U8VVSekb-sjtVI5Gw,Olympia Sports,,800 Boylston St,Boston,,02199,42.3474,-71.082,4.0,5,0
RxBoPu1GMQGXcJ24dhjgqw,Origins,,1 Faneuil Hall Mrkt Pl,Boston,,02109,42.3598,-71.054,4.5,5,0
rXIW35hAinUiju_nbs8zwQ,Salon 26,,26 Parmenter St,Boston,,02228,42.3639,-71.0552,4.0,43,0
rXxC_ZH58EItO3m5PASzEA,Render Coffee,,563 Columbus Ave,Boston,,02118,42.3411,-71.0815,4.5,496,1
rycNjaNVsKB9FHHeYmHpCg,Ripple Cafe,,1906 Dorchester Ave,Boston,,02124,42.2845,-71.0645,4.0,26,1
ryR0jnPBHWXzqtDGim-ikw,Naomi Rotstein Personal Training,,12 Clarendon St,Boston,,02116,42.3446,-71.0725,5.0,7,1
rZ-joSsVeBsTiRFcaBvaEA,Bill - The Handyman,,68 Myrtle St,Boston,,02114,42.3592,-71.0668,3.5,11,1
RZBBVtGzAnmV-9Vr9PVkMQ,Boston Mobile Massage,,,Boston,,02215,42.3476,-71.1003,5.0,6,1
rZGElE_c8ipkqcjNTB5T5w,Walk My Dog,,45 E Newton St,Boston,,02118,42.3376,-71.0725,5.0,10,1
RZMHrXLBOR7m9bqIJRuhTA,Beacon Hill Staffing Group - Boston,,152 Bowdoin St,Boston,,02108,42.3582,-71.0626,3.5,196,1
rzX8nGeW-3uPeXU0a3BrAg,Bluemercury,,105 Seaport Blvd,Boston,,02210,42.3513,-71.045,3.0,11,1
RZYUyg5SKkgN0wUnN12bQA,West End Strollers,,1 Faneuil Hall Market,Boston,,02109,42.3603,-71.0543,1.5,41,1
S_yhiuFeNjNz_IeRET1j5Q,Fenny's Salon,,1256 Washington St,Boston,,02118,42.3423,-71.0675,4.5,43,1
s-DHhRLTKZsrx38txrdwOg,T J Maxx,,360 Newbury St,Boston,,02115,42.3481,-71.088,4.0,27,1
S-pe37YbUo7Sxx4lqgkpBQ,China Gourmet Restaurant,,23 Tyler St,Boston,,02111,42.3508,-71.061,3.5,28,1
S-XqFV1r_xE4UAmmDeXypw,Global Entry Enrollment Center,,1 Harborside Dr,Boston,,02128,42.3703,-71.0192,3.5,20,1
S00CMAS_YtM6EAj6gvZLVQ,Thrifty Car Rental,,Government Center,Boston,,02128,42.3695,-71.0201,1.5,6,0
s0b1TtjF5pifIMlbsN3a7w,Adecco Staffing,,99 Summer St,Boston,,02110,42.3535,-71.0586,2.0,5,1
S1_it-HTAzB0Hk0JStQmDA,Lighthouse Insurance Agency Ltd,,470 W Broadway,Boston,,02127,42.3361,-71.0459,4.0,5,1
s16P-5DbjuSzL0Nw_c67Nw,Harvard School of Dental Medicine,,188 Longwood Ave,Boston,,02115,42.3364,-71.1019,2.0,19,1
S1dCOeoW_YZJlzXt-M_Sjg,Caramelo Clothing Company,,606 Center St,Boston,,02130,42.3145,-71.1141,4.5,7,0
S21H5dKRgl3IDnQwUlPM7Q,Bon Me,,431 Brookline Ave,Boston,,02215,42.3385,-71.108,3.5,33,1
S27Qg-YHLOshg__tJbijuw,Mystery Cafe Dinner Theater,,161 Devonshire St,Boston,,02110,42.3562,-71.0575,2.5,40,1
S2hNB1Gc5oAWBMHYEd5gEw,Stel's,,334 Newbury St,Boston,,02115,42.3483,-71.0864,4.5,22,0
s2RP7FLd_6ti_cKIv7IVqQ,Coco Leaf,,1480 Dorchester Ave,Boston,,02122,42.3001,-71.06,4.5,242,1
s32AfUMvhy27LXCdnH6s4Q,Charles W Benton Company,,233 Friend St,Boston,,02114,42.3647,-71.061,4.5,11,1
s36YeTi5Vuw6GD5g1do8gg,Kane's Donuts - Boston,,90 Oliver St,Boston,,02110,42.3564,-71.0524,4.0,365,1
S3LKhbti6SIn5DltqOPtaw,La Casa De Pedro,,505 Congress St,Boston,,02110,42.348,-71.0412,3.5,155,0
S3nk3mllSk7QI-sRqG92Gg,Rutman's Violins,,,Boston,,02115,42.3438,-71.0863,4.0,14,0
s3rMB6Tg0NfUe-TvrSZM2g,Charlestown Pet Clinic,,330 Main St,Boston,,02129,42.3785,-71.0684,3.5,20,1
s48-giDs_btVl92FOn6-IA,Barami,,800 Boylston St,Boston,,02199,42.3485,-71.0824,2.0,7,1
s4wDEpis7Ypbx-48r2Eb4g,The Wine Emporium,,607 Tremont St,Boston,,02118,42.343,-71.0737,4.0,48,1
S5CJkROVm4hX93s0zbC0Nw,Dog Walkers,,,Boston,,02115,42.3399,-71.0896,2.0,5,1
s5liSev3wPpomfIDkeiPcw,Felcaro Pizzeria,,280 Cambridge St,Boston,,02114,42.361,-71.0681,3.0,173,1
S6S1I3sim01k0L4A675H4w,Jamba Juice,,700 Commonwealth Ave,Boston,,02215,42.3498,-71.1061,3.5,47,0
S6SbTPbCuwfte1Dc3ciytg,Design Within Reach,,519 Tremont St,Boston,,02116,42.3448,-71.0707,3.0,10,0
s6sGzYkt43ZC6JVrQfXv3Q,Boston Drain Company,,651 Gallivan Blvd,Boston,,02124,42.2832,-71.049,3.5,26,1
s6vUzijA_gdwtX3-FhTZVg,Grettaluxe,,10 Huntington Ave,Boston,,02116,42.3487,-71.0773,2.5,7,0
s8ensyITrRuba1ezwDvDRw,Boston & Maine Fish Co,,200 Faneuil Hall Marketplace,Boston,,02109,42.3601,-71.0554,3.5,194,1
S8I283MV9r77Io7M5lo7gQ,Cuppacoffee,,699 Boylston St,Boston,,02116,42.3499,-71.0793,4.0,10,0
S95_VpOtMFH7qPlrf2PEnw,Beacon Hill Lock,,146 Charles St,Boston,,02114,42.3602,-71.0708,5.0,16,1
s9gQp0Z5I3cGDmTmkYn3cQ,Tasti D-Lite,,205 Newbury St,Boston,,02116,42.3501,-71.0808,3.0,41,0
s9jbBsXvoCz9fB1LJ70vXA,Viga Italian Eatery & Caterer,,275 Washington St,Boston,,02201,42.3577,-71.0583,3.5,81,1
sA2gVTJOBH7Qk32p48ENdQ,Saltie Girl,,281 Dartmouth St,Boston,,02116,42.3512,-71.0777,4.5,1118,1
sAdkyll7l2eFgb3EGPm58A,Handy,,,Boston,,02145,42.3858,-71.0775,3.0,534,1
SAEDSSDFKFO8ke1SSnTuzw,Brigham Circle Chinese Food,,728 Huntington Ave,Boston,,02115,42.3339,-71.1054,2.5,107,1
sAmZeeUQXOoxNV1wZxFicQ,Mulberry Road,,251 Newbury St,Boston,,02116,42.3497,-71.0829,4.0,17,1
saPveYwStVV0FeWMrXgR_Q,Boston Olive Oil Company,,253 Newbury St,Boston,,02116,42.3497,-71.0829,4.0,60,1
SaSQI02F9Bg3-gpZWyjCRA,Skinner Auctioneers & Appraisers,,63 Park Plz,Boston,,02116,42.3517,-71.0697,2.5,44,1
sAtFbhfz2EQMmrKpn7uiCw,Thomas P O'neil Building,,10 Causeway St,Boston,,02114,42.3652,-71.0633,3.5,7,1
saXIDQwa1XWroW-qGrMtvQ,Bon Me,,,Boston,,02210,42.3527,-71.0547,3.5,318,1
SAYxn-ZXnlOfLsmPFwx88w,Boston Crime Tour,,,Boston,,02109,42.355,-71.0506,4.5,6,1
sb3ZeN1H4SlWBqXCzgoVsw,Instant Shoe Repair,,7 Chauncy St,Boston,,02111,42.3533,-71.0597,4.0,31,1
sB4T2j357k5YET98wSo5MA,Minigrow By Honeygrow,,125 Summer St,Boston,,02110,42.3531,-71.0575,3.5,35,0
SB6IVbyTvTWRAF3sQgklPQ,RUKA Restobar,,505 Washington St,Boston,,02111,42.3546,-71.0615,4.0,479,1
Sb6KrWTiKol_37gB5umZUg,Boloco Berklee,,1080 Boylston St,Boston,,02115,42.347,-71.0881,3.5,130,1
sB6oCgB4FcFULcRfAAHFDg,Marc Harris,,4 Avery St,Boston,,02111,42.353,-71.0633,3.0,29,1
SBaoXfty15HYjrCSPXqjTw,Zen Hair,,476 Commonwealth Ave,Boston,,02215,42.3485,-71.0939,4.0,168,1
sbmq8m4zRkMkOkkCL6kGmQ,Blue Dragon,,324 A St,Boston,,02210,42.3493,-71.0496,3.5,536,1
SbnSCERKRpQXXCcYDqwnVQ,Barrio Cantina,,1363 Boylston St,Boston,,02215,42.3441,-71.1002,3.0,88,0
sBorFv5HdP8oe1LQPXF8Pg,Rouvalis Flowers & Garden,,40 W Cedar St,Boston,,02108,42.3587,-71.07,4.0,35,1
sbRzubAK38ATVzTRE735vg,Reunion Christian Church,,50 W Brookline St,Boston,,02118,42.3404,-71.0731,4.5,7,1
SBtvltw2KTSsRq6kkaAEmA,Barbour,,134 Newbury St,Boston,,02116,42.3509,-71.0767,3.5,12,0
sbukEgvYYJvfT4VCGGSsQg,Jasmine Sola Warehouse Store,,965 Commonwealth Ave,Boston,,02215,42.3521,-71.1193,3.0,20,0
Sbx3vRIp3UO7g2WbXPhEwA,BiNA Alimentari,,571 Washington St,Boston,,02111,42.3535,-71.0626,3.0,30,0
sC00sAnpSkS4sOA5tNzKhQ,Cookin' Cafe & Grille,,1096 Commonwealth Ave,Boston,,02215,42.3518,-71.1243,2.5,153,0
sCIgszfOQ2FgLf8B2z-FnQ,Camden Food,,1 Harborside Dr,Boston,,02128,42.3674,-71.0169,1.0,26,1
SCLQEUrWLy4bFHM1valwmw,BlueBikes,,1350 Washington St,Boston,,02118,42.3415,-71.0689,2.0,54,1
ScslTjcxi4ubXOBiLfCOmg,Trattoria Il Panino,,11 Parmenter St,Boston,,02113,42.3639,-71.0548,4.0,879,1
SCXfxp-mF-S2YoLqfYMSEA,Map Room Tea Lounge,,700 Boylston St,Boston,,02116,42.3497,-71.0778,3.5,73,1
SD9hsfw10AxyMNrlFi4lAg,Boston Endodontics,,5 Longfellow Pl,Boston,,02114,42.3635,-71.0643,4.5,32,1
SDAwhDDIdLNUY3GsmP6xNw,Hess Gas Station,,151 Old Colony Ave,Boston,,02127,42.3347,-71.0553,3.0,7,0
sDkyisGqDYaSOAwK1gY-ow,Jyuba,,1260 Boylston St,Boston,,02215,42.3448,-71.0959,3.0,16,1
sDmI_bhGBp-xkgal9FMhiw,AAA Exterminating,,1476 River St,Boston,,02136,42.2514,-71.1305,4.5,9,1
SDO80llBUN1JiCj3XNXRtw,MulteX,,263 Huntington Ave,Boston,,02108,42.3425,-71.0854,5.0,9,1
sDxYfgIkD4RQzeBcwwF7Xg,Panificio,,61 Massachusetts Ave,Boston,,02115,42.3493,-71.0887,3.0,16,0
SE18_Ll1sidQKpMjYcoh4A,Franklin Park Zoo,,1 Franklin Park Rd,Boston,,02121,42.3029,-71.0868,3.5,244,1
Se6a5W9HOW1eatNyisKmJA,Dim Sum Chef,,1095 Commonwealth Ave,Boston,,02215,42.3526,-71.1255,4.0,87,0
seKGd1WsPCRa_mHxcb0fWw,Avis Car Rental,,2 Seaport Ln,Boston,,02210,42.3489,-71.0408,2.5,11,1
seMQjFYxtUYbCpVZav39Nw,Craftboston,,900 Boylston St,Boston,,02115,42.348,-71.0835,4.5,5,1
seNZMLi3V_t01KpYT8JiOg,Copley Square Hotel,,47 Huntington Avenue,Boston,,02116,42.3483,-71.0786,3.5,185,1
sEtRYSYY0590-9YxI7NwfA,Cafe Quattro,,4 Somerset St,Boston,,02108,42.3585,-71.0615,4.0,32,0
SeuUoyI6jTWj_EmhyiXkyg,The Paddy Wagon Pub,,,Boston,,02127,42.3365,-71.0349,4.5,6,1
Sevr2MzD_5cQbIXI-HkM8Q,Sheraton Boston Hotel,,39 Dalton St,Boston,,02199,42.3463,-71.0844,3.0,471,1
sf04_4kcxi6UkXMUls0wGA,Via Matta,,79 Park Plz,Boston,,02116,42.3516,-71.0701,3.5,293,0
Sf1TOwAG3JV6Z-hpBP4VVQ,Bowdoin MBTA Station - Blue Line,,1 Bowdoin Square,Boston,,02114,42.3624,-71.0621,3.0,6,1
sF4De4AVMyqvIKqMy2AiLg,Boston Cream Pie Company,,202 Atlantic Ave,Boston,,02109,42.3596,-71.0518,4.0,17,0
Sf72BSGXKrOYAglEw1q1Sg,The Hirshberg Dental Group,,12 Post Office Sq,Boston,,02109,42.3578,-71.0559,4.0,54,1
sfE7kNUP89YX0Uc3tmgttA,Nam Bac Hong,,75 Harrison Ave,Boston,,02111,42.3511,-71.0615,3.5,9,1
SfmTT_BCBduQNfFCBR2gIg,Jack and the Bean Bowl,,587 Boylston St,Boston,,02116,42.3503,-71.0767,4.0,6,0
SFocWgLbiXUjnFU7uFeoCw,Pikalox,,3160 Washington St,Boston,,02130,42.3136,-71.1003,4.5,20,1
SfP2HYWJ_F8LZilWh0t-3g,H W Foote Paint & Decorating Center,,420 Western Ave,Boston,,02135,42.3624,-71.1404,4.0,6,1
sFRsAVRT1Nd9W1gCOOUzOA,Boston Car Keys,,512 Saratoga St,Boston,,02128,42.3805,-71.0262,4.5,65,1
SFZUKz8yM-XwNgmdi6renA,Venu,,100 Warrenton St,Boston,,02116,42.3507,-71.0662,2.5,117,1
sG0zIVkkWRe0p1VOSZgpBQ,Boston Sports Grille,,132 Canal St,Boston,,02114,42.3647,-71.0607,3.0,113,1
sgJzINGN3Njv_Q_h_Xggyw,Roka,,801 Massachusetts Ave,Boston,,02118,42.3331,-71.0734,3.5,124,0
sGkPwkM0lP8JWCNQLpG7WQ,Flirt Sushi,,2 Broad St,Boston,,02109,42.359,-71.0543,3.0,9,0
SgnSEklRgTMnTeKAHmFtFw,Banks & Ashby,,,Boston,,02109,42.368,-71.0548,1.0,8,0
sGrXjoWzfNIvdU8H9J1YXw,Anytime Auto Glass,,1560 River St,Boston,,02136,42.2483,-71.1312,5.0,35,1
SH4c_oijp86ooTJmLvx6SQ,Thaitation,,129 Jersey St,Boston,,02215,42.3423,-71.097,4.0,315,1
sh55YzC-NUA0UMHDJsdK8g,Kam Man Farmers Market,,101 Allstate Rd,Boston,,02125,42.3257,-71.0622,4.0,18,0
sHabl64lgS0Ar8eKNZD5Gw,Haunted Boston Ghost Tours,,,Boston,,02116,42.3531,-71.0765,4.5,171,1
shaykAK5RB9LMblYHRtG2A,Tully Ink,,47 Harvard Ave,Boston,,02134,42.3549,-71.1329,5.0,12,1
SHixvVjsEvJtEgBDDt2yMA,Albert Winestein,,84 Fairmont Ave,Boston,,02136,42.2537,-71.1194,4.5,6,0
Shmf9DdmFV7wr6RNoJDvCA,Nailuxe,,526 Gallivan Blvd,Boston,,02124,42.2829,-71.0546,1.5,19,1
sHmNJWeH6GzBAUVpqXTXAg,Maryelle Artistry,,,Boston,,02108,42.3549,-71.0661,4.5,11,1
shNzGcEJF9YjX8Y9ZCwDfg,Pete's Seafood,,267 Bowdoin St,Boston,,02122,42.3066,-71.0664,2.0,15,1
SHOt6wge9tXP3Y1VlxrKGg,South End Dermatology & Skin Care,,321 Columbus Ave,Boston,,02116,42.3464,-71.0748,2.5,6,0
sHQhoHRBmFiaRGyJzyCRFw,The Boston Barber Exchange,,112 Water St,Boston,,02109,42.3582,-71.0548,5.0,30,1
SHX_qeSYcQ82zOciShaqyw,Pizza di Napoli,,435 Faneuil St,Boston,,02135,42.3511,-71.168,3.0,23,0
ShXAkU5PhjF1ZUCdUo0FVA,Rudi's Resto-Cafe,,30 Rowes Wharf,Boston,,02110,42.3569,-71.0503,4.0,17,0
Si1YjjtwnoFmxXqcaGwmqQ,Benetton For Men,,100 Huntington Ave,Boston,,02116,42.3472,-71.0774,4.0,7,1
SI2gkn2r769uHD-TWLV3gA,Tremont Street Cafe,,418 Tremont St,Boston,,02116,42.3468,-71.0687,3.5,18,0
siaeRFA7rZrySnexHz1ZcA,The Boston Cat Hospital,,665 Beacon St,Boston,,02215,42.3482,-71.0982,3.5,40,0
SIeBfrz-i310tqCA5lVEgg,W Lounge,,100 Stuart St,Boston,,02116,42.3508,-71.0657,3.0,107,1
SiH8s-GKf7QJiQ-I9usmjg,Cluckit!,,782 Tremont St,Boston,,02118,42.339,-71.0805,3.5,17,0
sIt03pj5Jy3iLKz0Pqq92A,Liberty Mutual Insurance Group,,175 Berkeley St,Boston,,02116,42.35,-71.0719,1.0,5,1
Sj8CpQdK5_9kLbiVpCDKHw,Urban Outfitters,,1 Faneuil Hall Sq,Boston,,02109,42.3599,-71.0543,3.5,40,1
SJ9oXLb1w8o4qrDrql7yUw,Crush Boutique,,131 Charles St,Boston,,02114,42.36,-71.0706,4.5,36,1
SjNhF8CH2g4oMHTyU5jYWQ,Southern Proper,,600 Harrison Ave,Boston,,02118,42.34,-71.0676,3.5,195,0
sJoCU8b0WEKeDaP9obYgMw,Oriental House Restaurant,,560 Washington St,Boston,,02124,42.292,-71.0715,1.5,27,1
Sjq696KkgbZKhxyzQMVKUw,Mauralinh Spa,,1085 Commonwealth Ave,Boston,,02215,42.3525,-71.1246,3.0,59,1
SJy51U18u3zJ_TccSKpPdQ,Gaga Seafood Restaurant,,25-27 Tyler St,Boston,,02111,42.3507,-71.061,4.0,220,1
SkakY4AJtyOaqnprXr44Cg,The Urban Art Bar,,163 Old Colony Ave,Boston,,02127,42.334,-71.055,4.0,66,0
SkD5muL32zmyb9EzxaLT6Q,Savin Hill Specialities,,1051 Dorchester Ave,Boston,,02125,42.3147,-71.0568,4.5,17,1
skEUDgvVZvK7HS4RgZwWWA,Dudley Square Station,,Washington St & Dudley St,Boston,,02119,42.3297,-71.0839,3.0,9,1
SKOqHB5ovo19tQlROC2kjw,CORT Furniture Rental,,10 Post Office Square,Boston,,02109,42.3573,-71.0558,3.0,22,1
SkoTp2PfSCQ8AGfvSKqShg,Starbucks,,63-65 Court St,Boston,,02108,42.3593,-71.0592,3.5,39,1
SLcgVG3ZX4RjHHGx74FYUg,Suffolk County Courthouse,,3 Pemberton Sq,Boston,,02108,42.3598,-71.0611,3.0,14,1
SLHF3SpZvB44B1xsWAxZsQ,S&S Plumbing,,46 Westland Ave,Boston,,02115,42.3434,-71.088,4.0,6,0
sLosLtSAtjP3gZVLLj76Rg,Living Root Dragon Boat,,88 Sleeper St,Boston,,02210,42.3538,-71.0486,5.0,5,1
sM0KO2hUTFFOF0rwp4VXMg,Commonwealth Court Guest House,,284 Commonwealth Ave,Boston,,02115,42.3497,-71.0846,3.0,20,0
Sm1lpW0THjATpFope231cA,Closed Circle Photography,,,Boston,,02215,42.3476,-71.1003,3.0,22,0
sM2qzRSMjIGCFWC_6ktfFQ,Slide By Food Truck,,196 Quincy St,Boston,,02125,42.3132,-71.0744,4.0,11,1
SMfwF-3j22Ze8HS1OUH1cg,QDOBA Mexican Eats,,540 Commonwealth Ave,Boston,,02215,42.3484,-71.0968,2.5,33,1
smiGOZuyboXfc8LyC2jXpg,Joe's American Bar & Grill,,181 Newbury St,Boston,,02116,42.3505,-71.0798,3.5,971,1
smkW4HHpwAWzCb5ki0MUlQ,No. 284,,284 Commonwealth Ave,Boston,,02115,42.3497,-71.0846,5.0,19,1
SmYoYCF3RVg5gaHeejQFhA,Superb Bicycle,,842 Beacon St,Boston,,02215,42.3473,-71.1033,4.0,31,0
sNaptnhxa8_HHOl7fj3ClQ,Beacon Capitol Market,,32 Myrtle St,Boston,,02114,42.3592,-71.0657,4.0,12,1
sNdnYwOpJPHUAJzU4aVdcA,Whole Foods Market,,15 Westland Ave,Boston,,02115,42.3439,-71.0873,3.5,176,1
SNJhevBiD7xFvxiEJywMxw,BEERWORKS No. 1 Fenway,,61 Brookline Ave,Boston,,02215,42.3472,-71.0991,3.5,731,1
SnjY35h-VKwAqvuMicMmwQ,Smile Direct Club,,24 School St,Boston,,02108,42.3573,-71.059,3.0,24,1
sNktEDPAdkKdYTunm7iJRQ,Vejigantes,,57 W Dedham St,Boston,,02118,42.3423,-71.0731,3.5,467,1
sNMYjm36--q3Npf6LSHdpw,Boston Union Realty,,79 Westland Ave,Boston,,02115,42.3441,-71.089,2.0,39,1
sNrptLn4n3QWmkF3PXjkkg,Nino’s Pizza & Subs,,79 Charles St,Boston,,02114,42.3584,-71.0704,3.5,81,1
sNVX7k89s8L-X4oSN0NIHA,Sakura-Bana,,57 Broad St,Boston,,02109,42.358,-71.0543,3.5,254,0
So4sUPedGUcyEMRAmDRgDw,Sabatino & Co,,130 Newbury St,Boston,,02116,42.351,-71.0767,4.5,8,0
SOaE-yGSlrialvKEKP0Abw,Num Pang Kitchen,,800 Boylston St,Boston,,02199,42.3476,-71.0817,3.5,132,1
SoHXU6pnzdiJiQHV9ifyLg,Urban Living Studio,,58 Clarendon St,Boston,,02228,42.3465,-71.0733,5.0,5,0
sOnTFINz-IPZLpVp66K0rw,Salon Thread,,54 Province St,Boston,,02108,42.3568,-71.0598,4.0,7,1
soOEKvUFNf6Yr73LQvkELA,The Place,,2 Broad St,Boston,,02109,42.359,-71.0543,2.0,128,0
sossVQWK03mqgeSibj4rAg,Sabella Couture,,151 Tremont St,Boston,,02111,42.3545,-71.0634,4.0,22,0
Sotg7pSKzjO18IFzeQWQwg,Chutney's,,334 Massachusetts Ave,Boston,,02115,42.343,-71.0841,3.5,89,1
soVz-CdeIeTde2IKdCsX2w,REI,,401 Park Dr,Boston,,02215,42.3446,-71.1031,3.5,127,1
SP97o6xotOT4fATH9HDsmQ,Shun's Kitchen,,520 Columbus Ave,Boston,,02118,42.3419,-71.0797,4.0,133,1
SPHfu-Dm60TguIii-Dd4uA,Boston Winery,,26 Ericsson St,Boston,,02122,42.2917,-71.04,4.5,70,1
sPQV8_rWQIkTIMObq_f_Bg,Darque Tan,,277 Huntington Ave,Boston,,02115,42.342,-71.0862,2.5,60,0
spuWJDAnX_qjHfAZfVQDEA,Beantown Nail Spa,,180 Cambridge St,Boston,,02114,42.361,-71.0653,3.5,53,1
sPZgiQqZXqQABo_o09uvcw,Geekz n The Hood,,74 Warren St,Boston,,02119,42.3283,-71.0831,3.5,9,0
SqH-a64ROJOlXEX61MZS-A,JP Licks,,24 District Ave,Boston,,02125,42.3252,-71.0627,2.0,22,1
sQlJfUAzndX0rXqb6M8EBQ,Auntie Anne's,,700 Atlantic Ave,Boston,,02111,42.3519,-71.0552,3.0,5,1
sqmdwJ3oblCDodwTTRX0SA,Whiskey Park,,64 Arlington St,Boston,,02116,42.3508,-71.0699,3.0,89,0
sqr1T-KLQ7ED49SlAEx49w,SOJUba,,1265 Boylston St,Boston,,02215,42.3453,-71.0964,4.0,308,1
sR_mMcfhxgy70NG6zgmZEw,Lifestyle Real Estate,,,Boston,,02116,42.3531,-71.0765,4.0,7,0
Sra4irY9ktXSCwryOkYx_A,CorePower Yoga,,1282 Boylston St,Boston,,02215,42.3446,-71.0969,4.0,12,1
sRNcBkZrs2bOrijfElHVyQ,The Paramount,,44 Charles St,Boston,,02114,42.3573,-71.0701,4.0,1593,1
sROZDzBpqaEdbB_pl_dS9g,All Service Window Cleaning,,,Boston,,02135,42.3464,-71.1627,5.0,7,1
Sru1jt1d4XlYZIbHNX0MTg,Davio’s Northern Italian Steakhouse,,1 Harborside Dr,Boston,,02128,42.3634,-71.0258,3.5,21,1
srXfRVgpqEY6WZMOUqeFMA,Exclusive Barber Shop,,250 Brighton Ave,Boston,,02134,42.3532,-71.1365,2.5,9,1
SRxunyNf6vjW5mFLny9cIQ,Follain,,53 Dartmouth St,Boston,,02116,42.3444,-71.0745,5.0,25,0
SRxyxADqvY3gb8f76nDRTQ,Mei Mei Street Kitchen,,,Boston,,02215,42.3476,-71.1003,4.5,190,1
SsBcBPDTdij-COHsgz_98w,George's Shoe Repair,,120 Union Park St,Boston,,02118,42.34,-71.0655,4.5,145,1
SSbdoN_7Oo_pONBnzub3mQ,Warby Parker,,72 Seaport Blvd,Boston,,02210,42.3526,-71.0466,5.0,8,1
SsESo3rbVu1K6ORJnwH76A,Quinzani's Bakery,,380 Harrison Ave,Boston,,02118,42.3438,-71.0636,4.5,9,0
ssJCQlPcxxljQV2vxr6zbw,Montblanc,,100 Huntington Ave.,Boston,,02116,42.3477,-71.0789,2.0,9,1
sSOHyjDCq3g8FZ46GDU3uQ,Charles River Alleycats,,,Boston,,02129,42.3795,-71.0646,4.0,5,1
ssX1CJXKNwcSGRA9uxCR3Q,Popeyes Louisiana Kitchen,,360 Huntington Ave,Boston,,02115,42.3393,-71.0875,2.5,21,1
sTDAEBOgp6glCPiLHEjdNw,Dumpling King,,40-44 Harrison Ave,Boston,,02111,42.3516,-71.0609,4.0,81,1
STDp3-QJJXqAIyFbwKguDA,Garden Nails and Spa,,526 Gallivan Blvd,Boston,,02124,42.2828,-71.0553,2.0,24,0
StJTzReyEc6MnTQFuflpcg,Champagne Lounge at RumBa,,510 Atlantic Ave,Boston,,02210,42.3537,-71.0519,3.5,8,1
sTpZYdIjbe-JqpPmINo43Q,Royal Rooters Club,,4 Yawkey Way,Boston,,02215,42.3459,-71.0988,3.5,22,1
STu__7fJCZb0rZ1DQiX4Yw,Yum Yum Noodle,,417 Washington St,Boston,,02108,42.3561,-71.0612,3.0,20,0
sTWSFlSjpiMaTM_UuHRpeg,Daily Grill,,105 Huntington Ave,Boston,,02199,42.3463,-71.0811,3.5,38,0
su2OLe8vxvUtTvE0_o6iQg,CVS,,81 Milk St,Boston,,02109,42.3566,-71.0565,3.0,10,1
suLxxgBKKrpVxwk7TqjQCQ,Know Fat Lifestyle Grill,,201 Brookline Ave,Boston,,02215,42.3444,-71.1016,3.5,17,0
suYVxLzJyQhY8QdZJF5cGQ,BCBGMAXAZRIA,,100 Huntington Ave,Boston,,02116,42.3473,-71.0789,2.0,13,0
sV875Thco8IeGYW-43kkaA,Bob Wolusky Chimney & Masonry,,3 Popes Hill St,Boston,,02122,42.293,-71.0499,2.5,5,1
SvkuIlhOeQZCznPbABa7KQ,Quan's Kitchen Chinese Food,,1026 Commonwealth Ave,Boston,,02215,42.3515,-71.1219,3.0,107,0
SvMSQvKPni8TvVWP3nGBGQ,KO Prime,,90 Tremont St,Boston,,02108,42.3575,-71.0609,3.5,200,0
SvMVqEWYJXPOr6vJlRYnrg,Joe's American Bar & Grill,,100 Atlantic Ave,Boston,,02110,42.362,-71.0507,3.0,540,1
SvnPJ5sluvQvqssXPcfXrQ,Brigham's,,109 High St,Boston,,02110,42.3548,-71.0543,4.0,11,0
SVo_C7Khz8V05lFU9y733Q,East Broadway Nail,,653 E Broadway,Boston,,02127,42.3354,-71.0384,4.0,18,0
SvSjcS0jjnFwl27RMnrkQQ,Flour Bakery & Cafe,,1595 Washington St,Boston,,02118,42.3384,-71.0745,4.0,882,1
svU1HZf530mYGeYxbaUiUg,Castle Island Beach,,2010 William J Day Blvd,Boston,,02127,42.3381,-71.0125,4.5,133,1
Svxkliw-2cfHifMK8EvkIQ,City Bar,,65 Exeter St,Boston,,02116,42.349,-71.0795,4.0,267,1
Sw0-ht_DbBni2-wmf4IfvQ,Teranga,,1746 Washington St,Boston,,02118,42.3366,-71.0767,4.0,303,0
SW55xXzBd0EdZ1fWLTI1lQ,Odyssey Cruises Boston,,60 Rowes Wharf,Boston,,02110,42.3564,-71.0502,4.0,173,1
swDz3y6Pzs-XGQkEouvIQA,Exeter Eye Associates,,699 Boylston St,Boston,,02116,42.3499,-71.0794,2.0,5,0
SWL3XnQ2W3nWAa1WBSYhvA,Patagonia Boston,,346 Newbury St,Boston,,02115,42.3482,-71.087,4.0,59,1
SWRpUuasXd9H8UJQXs4onA,MetroMark Apartments,,3611 Washington St,Boston,,02130,42.3027,-71.1114,3.5,15,1
SwsLrN_U-VcVfNDoB710Dg,Watermark Seaport Apartments,,85 Seaport Blvd,Boston,,02210,42.3518,-71.0461,4.0,6,1
sx3ZVcmtVMecUnl8LSLS7A,Five Guys,,58 Summer St,Boston,,02110,42.3544,-71.0587,3.0,115,1
Sx58YGbR99tmNUfIf10vaA,Les Amis,,91 Newbury St,Boston,,02116,42.3519,-71.075,4.0,5,0
sxc2jaCJupdg1LyEMywpWg,Waxing The City,,108 Beverly St,Boston,,02114,42.3654,-71.0597,4.5,110,1
sXfNtxoGQz8Kb7tGgc4Z5A,Colonial Dog Training,,,Boston,,02108,42.3496,-71.0743,4.0,9,1
sxJQzTN6Iy9DQwFBHGhWbw,Urban AdvenTours,,103 Atlantic Ave,Boston,,02110,42.3616,-71.0524,4.5,194,1
Sxk72VGLIaCesotqz2tQEw,Trio Cafe Boston,,33A Boston Fish Pier,Boston,,02210,42.3505,-71.0375,3.5,5,1
sXLcNEfvFvIe1-HPAhRh8w,Fajitas & 'Ritas,,25 West St,Boston,,02111,42.3548,-71.0624,3.0,689,1
sXm3NnPOVqC_EodPieVkiw,Commonwealth Sports Club,,1079 Commonwealth Ave,Boston,,02215,42.3525,-71.1248,4.0,103,1
Sxr9FykZWGK3QL_odHzTaA,Que Padre,,386 Chelsea St,Boston,,02128,42.3794,-71.0278,4.5,19,0
SxVCvPs5Cj5NGFV4_-8FDg,Doggie Styles Pet Grooming Salon,,1720 Dorchester Ave,Boston,,02124,42.2914,-71.0625,4.0,29,1
sXxcbXMFmQqMYAHYmCdsPQ,Stephen M Trumble,,,Boston,,02110,42.3613,-71.0483,5.0,6,1
sXY6AUaN0xzYX3eKA-9t3g,JetBlue,,1 Harborside Dr,Boston,,02128,42.3667,-71.0162,3.0,494,1
Sy8taSShWjVvfIdSS3_orA,Umbria Prime,,295 Franklin St,Boston,,02110,42.357,-71.0527,3.0,230,0
SYeqrMN2NOrJXlP6sS2K2A,Wentworth Institute of Technology,,550 Parker St,Boston,,02120,42.3356,-71.0943,3.5,11,1
syI6njtObql6-E77KTvIqQ,Lori Hosea Studio,,621 East 1st St,Boston,,02127,42.3379,-71.0346,5.0,5,1
Syj-ZwuIqKb6dUSsvM3Cqg,Boston Convention and Exhibition Center,,415 Summer St,Boston,,02210,42.3472,-71.0444,3.5,103,1
SYjEZ4Sea4J7skL981YfLg,Refine Construction,,293 Savin Hill Ave,Boston,,02125,42.3126,-71.0476,4.5,18,1
synrFujCTw2SvM_6ogKtkw,Sole Tanning Salon,,575 Tremont St,Boston,,02118,42.3436,-71.0727,3.0,13,1
sYTds-4udva4tjxjOToiCA,Bar Louie,,121 Brookline Ave,Boston,,02215,42.3458,-71.1002,3.0,282,0
SyVZGta1pFfz89SBGL8c6Q,Jazzman's,,1 Blackfan Cir,Boston,,02115,42.3384,-71.1048,3.0,6,1
sZ5evwTDfe880v2fFGeWTg,Jennifer Convertibles Leather,,376 Boylston St,Boston,,02116,42.3514,-71.0717,2.0,13,0
SZb4RPlyfvccc9V5nsKkug,Renewal Church - Boston,,40 Dalton St,Boston,,02115,42.3466,-71.0856,5.0,6,1
SzfiZv3J7Cu0PzBbRzi1gA,Robek's Fruit Smoothies,,1377 Boylston St,Boston,,02215,42.3438,-71.1009,4.0,6,0
SZFnnThRFP1DxtbYLrRkkA,Gentlemans Choice Barber,,222 Berkeley St,Boston,,02116,42.3507,-71.0733,4.5,14,1
SZkl19wDbOl7szYHm4b37w,Harborside Inn,,185 State St,Boston,,02109,42.3592,-71.0529,3.5,205,1
sZMJGRH2pJ4Tj8AeYX_lcw,Broken Neck Guitar Repair,,1108 Boylston St,Boston,,02215,42.3468,-71.0886,4.5,33,1
SZOHLkP5FYpSXmQEZRkSvw,Woods Hill Pier 4,,300 Pier 4 Blvd,Boston,,02210,42.3531,-71.0419,4.0,66,1
SzRWcR3F5JM--FQzYF-P0Q,Alexander's Hair Salon,,163 Newbury St,Boston,,02116,42.3509,-71.0788,3.0,11,0
Szvf0drfisS7MLqtO7X4ig,Concord Coach Lines,,,Boston,,02228,42.357,-71.0605,3.5,71,1
sZwnLYTmWV40WtZJgHx-zg,Emack & Bolio's,,290 Newbury St,Boston,,02115,42.349,-71.0847,3.5,246,1
szYbo8ILxkqQNjA3JLJgsA,Derne Street Deli,,16 Derne St,Boston,,02114,42.3595,-71.0634,4.0,32,0
t_5yjYJ8dOB90fchIJgNWQ,Gourmet Caterers,,3867 Washington St,Boston,,02131,42.2962,-71.1182,5.0,16,1
T_6J8zVwznI7tyeRL7LZQw,City Central Realty,,842B Beacon St,Boston,,02215,42.3474,-71.1033,2.0,41,1
t_9mdzHAvxGfoCt_mg0WuA,Sami's,,107 Ave Louis Pasteur,Boston,,02115,42.3374,-71.1032,4.0,63,0
t_FFcwUutj9mIYKGw_gHsQ,The Salty Pig,,130 Dartmouth St,Boston,,02116,42.3469,-71.0761,4.0,1685,1
t_QlvW6DimXlaA4LbmzmEg,Arirang House,,162 Mass Ave,Boston,,02115,42.3461,-71.0871,2.5,40,0
T_tQmGwAc8uVaBi4R-qgcA,Louis Boston,,60 Northern Ave,Boston,,02210,42.3545,-71.0445,3.5,62,0
T-hi9Q0TZArbK5EITTClDw,Beard Papa's,,145 Brighton Ave,Boston,,02134,42.3531,-71.1314,3.5,82,0
T-ureXr76XB0ro2OFraqPQ,Emack and Bolio's,,8 Park Plz,Boston,,02116,42.3513,-71.0661,2.5,13,0
t05QfCkpR1Llws-XkMHaAw,Beta Burger,,1437 Tremont St,Boston,,02120,42.3319,-71.0964,4.0,88,0
t0cGMqe7dNAvnpU7H42nzQ,Ace Home Inspection,,,Boston,,02134,42.3547,-71.1249,4.0,11,1
t0p9ZT9x06HX2M4OFPZTeQ,Starbucks,,350 Newbury St,Boston,,02115,42.3482,-71.0872,3.0,78,1
T0wbUlb9pjmBy1Ep6VUd3Q,PAUL USA,,201 Washington St,Boston,,02108,42.3586,-71.0583,3.5,141,0
T16IHgu69RrBf4-XaF7B3w,The Dining Car,,,Boston,,02110,42.3613,-71.0483,3.5,99,1
T1ajogmSER9JQTNcKS0AGQ,Clarendon Barbers,,59 Clarendon St,Boston,,02116,42.3467,-71.073,4.0,21,1
t1FlCnmi7QWspBzzVgzAmQ,City Sports,,480 Boylston Street,Boston,,02115,42.3505,-71.0738,3.5,52,0
t1FvzY-E05NQpFV6P37Y_g,Boston Harbor Islands National Park Area Ferry,,190 Atlantic Ave,Boston,,02110,42.3646,-71.05,4.0,63,1
T20KsKOmmaGZu2U03D4l8A,Hillstone Restaurant,,60 State St,Boston,,02109,42.3591,-71.0555,4.0,490,0
t2OhFTTcMgpjVzd8LYyxCw,Logan Airport Gulf,,100 Service Rd,Boston,,02128,42.3696,-71.0238,3.0,16,0
T2UfWK0wUCpXkxf8pV-22g,Wine Cellar,,497 Washington St,Boston,,02111,42.3545,-71.0615,2.0,24,0
T35F6oGy4a8GhVv-qHoYqA,Pei Wei - Take Out Only,,1 Harborside Dr,Boston,,02128,42.3634,-71.0258,2.5,11,1
t3AFwKOLX7oXWmg1wCxkAQ,Calloway Graphix Printing Marketing,,434 Massachusetts Ave,Boston,,02118,42.3409,-71.0819,4.5,11,1
T3afYS4ZJ5dTf-2YtkPEFw,Jaho Coffee Roaster & Wine Bar,,116 Huntington Ave,Boston,,02116,42.3465,-71.0798,3.5,86,1
t3EHErBE7N9Q_o2kQnr3ZQ,Dunkin',,235 Washington St,Boston,,02108,42.3581,-71.0581,3.5,38,1
t3kLRtyFRkmgkl0dtnYw3w,Wave N Pave Tattoo,,973 Saratoga St,Boston,,02128,42.3867,-71.0078,4.5,19,1
t3lCeGzt4XdLiHKjyOcCYw,Avis,,15 Transportation Way,Boston,,02128,42.3681,-71.0303,1.5,192,1
t3QIK-tYoPoM-aIL02yIRw,Unchained Pizza,,960 William T Morrissey Blvd,Boston,,02122,42.2917,-71.0468,3.0,29,0
t3uAUsRncT_s8mg4ba7csA,Gilmartin Magence LLP,,376 Boylston St,Boston,,02116,42.3514,-71.0718,4.5,10,1
t496dHIg23utl-zr9na86g,Maurizios,,364 Hanover St,Boston,,02113,42.3653,-71.0533,4.0,290,0
t4bCeA429AP4LxxyPLxxBQ,Garage Boston,,20 Linden St,Boston,,02134,42.3555,-71.1308,3.0,18,1
T4nEmSQNeTKnNgcHpnvH0A,Panza,,326 Hanover St,Boston,,02113,42.3646,-71.0538,4.0,1307,1
t4z_fzByLZqYRHrMU02P7Q,American Airlines,,1 Harborside Dr,Boston,,02128,42.3633,-71.0184,2.0,252,1
t5IDOvk7jUUW8KVvP5A6dg,Georgianna's Market,,Tremont St,Boston,,02116,42.3507,-71.065,3.0,10,1
T5rr2nDYw5_Ip9jeomC1Rw,Red Line Pizza & Grill,,580 Dorchester Ave,Boston,,02127,42.33,-71.0568,2.5,36,1
t5ZeBSypNrpqJTTgwkqXWQ,Symphony Cleaners,,295 Huntington Ave,Boston,,02115,42.3415,-71.0869,3.5,44,1
T6-j9hxGwwVD4z47eTBQDg,Mary Baker Eddy Library,,200 Massachusetts Ave,Boston,,02115,42.3451,-71.0863,4.0,124,1
T6cTsRXJ8Yze9DM8L--svA,Liuyishou Hotpot Boston,,702 Washington St,Boston,,02111,42.351,-71.0628,4.0,202,1
t6kZKcoqw1p-dPt3D_XSDg,Rose Fitzgerald Kennedy Greenway Conservancy,,146 Oliver St,Boston,,02110,42.356,-71.0523,4.5,10,1
T6T1zUP-QmjtESipZfpyyg,Bank of America,,161 Cambridge St,Boston,,02114,42.3615,-71.0653,2.5,10,1
t77sOZmbHMB6n3whAQT8MA,Clerys,,113 Dartmouth St,Boston,,02116,42.3462,-71.0752,3.0,443,1
t7XB8_an1_CyQqjI_zL6gQ,Pizza Oggi,,131 Broad St,Boston,,02228,42.3571,-71.052,3.5,11,0
t7yAoUzqtn0NERnjonihRg,MBTA - Chinatown Station,,Corner of Washington St & Essex St,Boston,,02116,42.3524,-71.0626,3.0,7,1
T80BQ1oD7aOggBTA5Bjv8w,Adela's Hair Studio,,92B Pinckney St,Boston,,02114,42.3587,-71.0702,3.5,48,1
T81VEXiMFehN1BAUwE8B0g,Sister City Photography,,,Boston,,02116,42.3531,-71.0765,5.0,36,1
T82fHVSmrjIWB_Gth81_Rw,Kenmore MBTA Station - Green Line,,500 Commonwealth Ave,Boston,,02215,42.3489,-71.0954,2.5,14,1
T85lsS8Qz8yUNOfPj4sMmQ,Quic Pic BBQ,,50 Beach St,Boston,,02111,42.3515,-71.0607,3.5,155,0
t86uQMu1nE2ssaQpgQqB7Q,Stockyard Restaurant,,135 Market St,Boston,,02135,42.3578,-71.1484,3.0,174,0
t8jtMig8iGhGei2-WrvT9w,Adirondack III Sunset Sail,,60 Rowes Wharf,Boston,,02110,42.3564,-71.0502,4.5,5,1
t8N4qMgm5XGdw2LByUsNKA,Jay Bo Pizza,,48 Winter St,Boston,,02108,42.3561,-71.0619,4.0,5,0
t8ulmektVH2HvHYa_SU4mw,Itadaki,,269 Newbury St,Boston,,02116,42.3495,-71.0835,3.0,302,1
T948928ZUluvdt9Hs5H6NQ,Wild Pops,,3213 Washington St,Boston,,02130,42.3123,-71.1019,4.5,11,1
T9GF7ES7g2nI13AZ3P27GQ,O'Malley Construction,,,Boston,,02122,42.2967,-71.0527,3.0,5,1
T9m1sH43mH3i9ZzRFAbTVQ,Herb Chambers Vespa Boston,,22 Brighton Ave,Boston,,02134,42.3521,-71.1262,3.0,41,1
t9qcfKrwOpkifbEkuIEqVg,The Boston Christopher,,476 Columbus Ave,Boston,,02118,42.3429,-71.0785,3.0,10,1
t9t363kUe_-KeHkPGdXEVg,Ikura,,254 Newbury St,Boston,,02116,42.3493,-71.0827,4.0,58,0
t9Xq2CXiJOYHpW98mUNvlw,The Histrionic Academy,,139 Tremont St,Boston,,02109,42.3555,-71.0639,3.0,12,1
Ta0fmDvhG7SjcAjADFTntw,Savvor Restaurant and Lounge,,180 Lincoln St,Boston,,02111,42.3505,-71.0587,3.0,86,1
taf7C8TSO2AzGIHVLYwduQ,Clipper Hair Styling,,1 Post Office Sq Rear 2,Boston,,02109,42.3587,-71.0563,3.5,14,1
TAHkvTtXy-NrGSizaoDPsA,Inn @ St. Botolph,,99 St Botolph St,Boston,,02116,42.345,-71.0808,4.5,39,1
tahYtMjXK0GddIPGYFj0QA,O! Deli,,190 High St,Boston,,02110,42.3567,-71.0522,3.0,16,0
TAIJNOk4A0728Q9oHSZsBQ,Uno de 50,,4 S Market Building,Boston,,02109,42.36,-71.0547,3.5,6,1
TaOpF94rGKZcqs47kCk6jw,Four Seasons - Boston,,200 Boylston St,Boston,,02116,42.3522,-71.0685,4.0,134,1
TB59ttJdlelHyZPzVtOmeA,REGLAZE7,,176 Brandywyne Dr,Boston,,02128,42.3695,-71.0201,5.0,9,1
TB6VahBb9R-c3rJHE0U7Gg,Spotless Cleaners,,24 Porter St,Boston,,02128,42.3747,-71.0379,3.5,15,0
tb9FuJRuh_oSyssRJdLuGg,Au Chocolat,,35 High St,Boston,,02110,42.3536,-71.0558,4.0,34,1
TbcTGOCMft55-VUnMKXRfg,Micro Plant Studio,,365 W Broadway,Boston,,02127,42.3378,-71.0496,4.5,12,1
tbob6OqUdlX-oPex1V-PpA,Smilebar,,303 Columbus Ave,Boston,,02116,42.3467,-71.0747,5.0,18,1
Tbq4hgX7uUzgFUWDlmqnBw,Skipjack's Seafood Emporium,,199 Clarendon St,Boston,,02116,42.3502,-71.0747,3.5,226,0
TC-XTCPBW2LpsLiBGgn5Pg,El Triunfo,,73 Broad St,Boston,,02109,42.3577,-71.0537,3.0,7,0
Tc6b_aXhfEj7w3S3cfEHKg,Whole Foods Market,,348 Harrison Ave,Boston,,02118,42.3455,-71.0628,4.0,175,1
tcKnm-ujCnHfsUSSGvKedg,Amazing Fence Co,,42 Mayhew St,Boston,,02125,42.3213,-71.0586,4.5,30,1
tCPxYdZVbsDooH3DQsNLqQ,The Corner Pub,,162 Lincoln St,Boston,,02111,42.3508,-71.0583,4.5,128,1
TCu2hTSyi5B4Ek8cB5h-eA,American Mover - Top Notch Service.,,49 Bowdoin St,Boston,,02108,42.3596,-71.063,2.0,9,0
Td2sSIk6mk5HSV5FFfBZXQ,Stapleton Floral,,635 E Broadway,Boston,,02127,42.3354,-71.0391,4.0,72,1
tdIyREwlre3SVU41a4eBgA,Ned Devine's Pub,,1 Faneuil Hall Marketplace,Boston,,02109,42.3603,-71.054,3.0,513,1
tdOWT7KISGL0QVblNz06bA,Bush Boston Cleaners,,800 Boylston St,Boston,,02199,42.3473,-71.0819,1.5,15,1
tDPO_D0tjoWUOzqgRUcDkA,Gene's Chinese Flatbread Cafe,,86 Bedford St,Boston,,02111,42.3534,-71.0596,4.0,397,1
TDs6wHE-hbS9OhNWq6D5Sg,Mangia Mangia,,147 Endicott St,Boston,,02113,42.3651,-71.0573,4.5,39,1
TeAb1BsuCJXfcesVShwGcQ,Aicha's African Hair Braiding,,7 Washington St,Boston,,02121,42.3079,-71.0831,4.0,5,1
TEEZcmwPgNSlYtSQ4GTv0Q,Shea Butter Smoothies,,777 Morrissey Blvd,Boston,,02122,42.2949,-71.0485,5.0,29,1
TeSEzsP3WYfiBgDu2ZyKrg,Lemuel Shattuck Hospital,,170 Morton St,Boston,,02130,42.3001,-71.1019,1.5,8,1
teWTKFVzf-_rWaUSrzq8_w,Ambriel Cafe,,286 Columbus Ave,Boston,,02110,42.3468,-71.0738,3.5,5,0
tf_CBeiMuyA4ZihRgBb49w,Caffe Dello Sport,,308 Hanover St,Boston,,02113,42.3643,-71.0541,3.5,131,1
Tf0MsI8C3_8fEB1mnEDSCg,Encore Lounge,,275 Tremont St,Boston,,02216,42.3499,-71.0656,3.5,19,0
TF8IsSZI-7jFy5oGQ0JeRQ,Deja Brew,,704 East Broadway,Boston,,02127,42.3358,-71.0372,3.0,8,1
tFjWlJCDpANBRAPSMc5Cew,Bastille Kitchen,,49 Melcher St,Boston,,02210,42.3495,-71.0502,4.0,284,1
tFMSVejx5zP4AtGcCSZy4w,Back Bay Boxing,,350 Newbury St,Boston,,02115,42.3481,-71.0872,5.0,24,1
tfNCQepiL3pKsj_tUNaU5w,Tenoch M?vil,,,Boston,,02110,42.3563,-71.0544,4.5,18,1
TFqBjlK_2t_jSxvUKubuAQ,Citizens Bank,,1 Financial Ctr,Boston,,02110,42.3525,-71.0564,2.5,5,1
TFxFo47_U87nC9o2I1-kYg,Bobbles & Lace,,225 Newbury St,Boston,,02116,42.35,-71.0817,4.0,43,1
TFy0befGeeDHxGb6s5Ttfg,City Convenience,,702 Commonwealth Ave,Boston,,02215,42.3495,-71.1043,3.0,5,1
Tg-l0GCQUXIfeNI_j19oIQ,Exec Cleaning and Maid Service,,,Boston,,02108,42.3574,-71.0645,3.5,16,1
tG-noZMPf8yr3fJF2YXnKA,Style Cafe,,197 8th St,Boston,,02129,42.3738,-71.0517,4.0,76,1
tG5gR2TV-K7JWYL4_T8J7Q,CVS Pharmacy,,2 Center Plaza,Boston,,02108,42.3601,-71.0606,3.0,20,1
tG7qaoYzjx0YSs7JHlyzrw,Purity Nail Bar,,372 Chestnut Hill Ave,Boston,,02135,42.3365,-71.1512,3.5,47,1
tGdQEKq8WtfBvxLppB1wTw,Lean & Green Gourmet,,18 Logan Airport,Boston,,02128,42.3656,-71.0096,1.0,13,1
TGnVjgtuj0sKlRGuOULHxg,Mattress Firm Back Bay,,811 Boylston St,Boston,,02116,42.3491,-71.0823,3.5,54,1
TGOvDLWUBR1OBzURKkXbaA,Capitol Barber Shop,,124 Bowdoin St,Boston,,02108,42.3589,-71.0629,4.0,8,0
TGTWFm0JmpxPS_isAXlqvw,Sandella's Flatbread Cafe,,8 Park Plz,Boston,,02116,42.3511,-71.0666,3.0,20,0
tgYr_uUdn2JHK6UNhBRSlg,Rustico,,85 Canal St,Boston,,02114,42.3644,-71.0596,4.0,162,0
Th0airv1r7KoB8UOu7WdQg,Blue Cat Cafe,,94 Massachusetts Avenue,Boston,,02115,42.3484,-71.088,3.5,6,0
THC9oqzIuSOh-dMvoe2N9w,The Lower Depths,,476 Commonwealth Ave,Boston,,02115,42.3486,-71.0939,3.5,480,0
THeSIOFvgOMoq7_iXQxFCw,Rail Stop Restaurant & Bar,,96 Guest St,Boston,,02135,42.3572,-71.1434,4.0,132,1
ThiFjxBkrYNAGNRwGAuJPg,Davio's,,75 Arlington St,Boston,,02116,42.3502,-71.0701,4.0,560,1
Thv5en-EXRGPz_ry9VUgSw,Courtyard by Marriott Boston Logan Airport,,225 William F McClellan Hwy,Boston,,02128,42.3874,-71.0164,3.0,116,1
THVumHJkTQ4iYyZzZ39bCA,Devon Wilson-Hill Yoga,,,Boston,,02101,42.3566,-71.0565,5.0,5,1
thXdYo_otcZdBwDtRoyC_w,Men's Wearhouse,,481 Washington St,Boston,,02111,42.355,-71.0613,2.5,60,1
tHxuMy5aZOWF_vo9DjewoA,Yaymaker,,,Boston,,02108,42.3549,-71.0661,3.5,81,1
tIa6Ru-KG27JwOdd1_xw5g,Bites of Boston Food Tours,,,Boston,,02118,42.3378,-71.0706,5.0,62,1
TIdF3xCwr--XdC1QEUxaJA,Last Hurrah,,60 School St,Boston,,02108,42.3577,-71.0601,3.5,157,1
tIGoeGY5wfFZFB2RDjwuIw,BRIX Wine Shop,,1284 Washington St,Boston,,02118,42.342,-71.0675,4.0,54,1
tih-UOYO-2lXvLerfPSB1w,Reiss,,132 Newbury St,Boston,,02116,42.3509,-71.0767,3.5,21,1
TiHCxnHePV7WZxwW6HIZhQ,Steward Health Care System,,500 Boylston St,Boston,,02116,42.3507,-71.0744,1.0,8,0
TimEMcpXZaji7DQrV3n3Kw,Cisco Brew Pub,,1 Harborside Dr,Boston,,02128,42.363,-71.0177,2.5,77,0
TIqIjhVs0NxSPWQZPn52Iw,H&M,,350 Washington St,Boston,,02108,42.3566,-71.0592,3.5,157,0
tittYE20Hu8MPL27KJ8nsw,Brush & Floss Boston Dental,,2489 Washington St,Boston,,02119,42.3283,-71.0868,5.0,10,1
tJ5NMSLGB1BFmID4PH8v9A,Tips Salon,,76 Dartmouth St,Boston,,02116,42.3452,-71.0751,4.5,22,1
TJ68Gz5amfy9hiaqW63IoA,Steve Madden,,118 Newbury Str,Boston,,02116,42.3512,-71.0761,2.5,7,0
tJ6UTmPAjesBL0xz3IXSew,CAVA,,1346 Boylston St,Boston,,02215,42.344,-71.0992,4.5,130,1
tJ7P-PfZjsvhj1tnEDHdXA,Bocao Restaurant &Grill,,3094 Washington St,Boston,,02119,42.3151,-71.0987,4.0,16,1
TjMIC2rYWSKNOQeJclGPDg,Star Market,,1065 Commonwealth Ave,Boston,,02215,42.3525,-71.1235,3.0,135,1
Tjv6jaenFcCzqa-Betp_uw,Persona Jewelry+,,62 Charles St,Boston,,02114,42.3576,-71.0704,5.0,46,1
tjvllVzdP8Tp-Om7K9HouA,Newbury Pizza & Subs,,225 Newbury St Bsmt,Boston,,02116,42.35,-71.0817,4.0,10,0
Tk2PY2qmNMVgBLOui1nUqg,Lapels Dry Cleaning,,152 Brookline Ave,Boston,,02215,42.3446,-71.1011,3.5,24,1
TkDCGt8cM7y-zu1Kncuy1Q,Sophia's Cafe,,141 Dorchester Ave,Boston,,02228,42.3418,-71.0573,3.5,44,0
TKfEvMBJGSFjBtu21P8wTg,Social Wines,,52 W Broadway,Boston,,02127,42.3421,-71.0555,4.5,73,1
TKiVmCtCWi53P2-Gj81TGg,Boloco Copley Square,,569 Boylston St,Boston,,02116,42.3507,-71.0764,4.0,228,0
tkON7oRg7B7c3znzZ7Ia5A,Papi's Stuffed Sopapillas,,,Boston,,02127,42.3569,-71.0514,4.0,52,1
tKPS-zQVIhRRiKRKaT7Dng,Shecky's Girls Night Out - Oct 2012,,130 Columbus Ave,Boston,,02116,42.3508,-71.0694,1.5,5,1
tKRg7pxR2Sw7aSrHTQS5mQ,Buttermilk & Bourbon,,160 Commonwealth Ave,Boston,,02116,42.3513,-71.0787,4.0,577,1
tkw12jgN7KzVSeiJT86Pcw,St Cecilia Parish,,18 Belvidere St,Boston,,02115,42.3466,-71.0863,4.0,5,1
tkWC-xzuv41qNFDBBj67Pg,Next Step Soul Food Cafe,,657 Washington St,Boston,,02124,42.2889,-71.0713,4.5,47,1
TKYAsc1bl4v_3RexRE8EPg,Nick's House of Pizza & Seafood,,467 W Broadway,Boston,,02127,42.3357,-71.0463,4.0,28,0
Tl-6lDACE_ZmgK42hUnu9Q,Dunkin',,153 Massachusetts Ave,Boston,,02115,42.3465,-71.0876,3.5,24,1
tl1QcEr3lJWgIbH9mIyYuw,Emack & Bolios North Station,,100 Legends Wy,Boston,,02114,42.3664,-71.0622,3.0,30,1
Tl90jqrFb1K_HK9Kh3SAAA,Panera Cares,,3 Center Plz,Boston,,02108,42.3591,-71.0601,4.0,52,0
Tlhmiulvx1CX0xnskZ5GNA,Mario's Men's Salon,,800 Boylston St,Boston,,02199,42.3483,-71.0825,4.0,20,1
TLka3vszLhYp2OZtRD6_8g,Herb Chambers BMW of Boston,,1168 Commonwealth Ave,Boston,,02134,42.3502,-71.1281,2.5,313,1
TLtykd3vG5_BG-8MP66RHg,Kings Dining & Entertainment,,50 Dalton St,Boston,,02115,42.347,-71.0857,3.0,514,1
TLU8v2wskc1dw2IGlRpMtA,Extology,,98 Beverly St,Boston,,02114,42.365,-71.0594,4.0,56,1
TlYGhaKsjhT4Cq-gRlnVUg,Gogo ya,,401 Park Dr,Boston,,02215,42.3448,-71.1023,4.5,8,1
tm-7umUsHpCM7IcsdIXU1g,Chinatown Park - Rose Kennedy Greenway,,160 Kingston St,Boston,,02228,42.3516,-71.0596,4.0,10,1
TM877G-J2AileVoPRnuhlA,Boston Marriott Copley Place,,110 Huntington Ave,Boston,,02116,42.347,-71.0789,3.5,327,1
tmhNWExjy4q_Xj5bTPlfQg,Copley Square Chiropractic,,304 Columbus Ave,Boston,,02116,42.3461,-71.0749,4.5,33,1
tMJ0vhW1Env2GTj37jHCmg,Chefstro,,125 Western Ave,Boston,,02163,42.3664,-71.1196,4.5,6,1
tMnK-Pip_N_XiGo4wPjegQ,Montecristo Mexican Grill,,748 Huntington Ave,Boston,,02115,42.3336,-71.1056,2.5,309,1
TmnmWimzz5gbMzyGdBq3Xw,Scoop NYC,,177 Newbury St,Boston,,02116,42.3506,-71.0794,3.0,6,1
TmrSdCqKqzrv0rhCHnJOsA,MassMoving,,,Boston,,02445,42.3328,-71.1389,5.0,6,1
tmukRbz8JRL2KFrf-LDQUA,Bao Bao Bakery & Cafe,,84 Harrison Ave,Boston,,02111,42.3508,-71.0612,4.0,91,1
tN5eEVeorffdWgzo_f6dqw,Starbucks,,45 Broad St,Boston,,02109,42.3582,-71.0543,3.0,12,1
TN7qbXTYNV-fyWe4NfUtyA,Z?calo Mexican Bistro & Tequila Bar,,35 Stanhope St,Boston,,02116,42.3484,-71.0733,3.5,390,0
tn7QMW_XVYFy_x_61Nod7w,Bottles,,372 Commercial St,Boston,,02109,42.3662,-71.0515,4.0,22,0
TNGTWBE6J5KNWz7-6V6s-g,Jessica B Massage,,304 Columbus Ave,Boston,,02116,42.3464,-71.0742,5.0,8,0
Tnix-kg0JKRebsWhX9ZIsg,Church of the Covenant,,67 Newbury St,Boston,,02116,42.3521,-71.074,4.5,10,1
TnlfCviK8eUHakpKNNmOaA,Soodee,,170 Newbury St,Boston,,02116,42.3503,-71.0788,3.0,23,1
TNs_pSg2ZBNxxRNk0r5Gcg,Boston Barber Co,,124 Bowdoin St,Boston,,02108,42.3588,-71.0628,4.5,78,1
tODQE4f-2jOTKdmRBhVKtw,PURR Cat Cafe,,167 Chestnut Hill Ave,Boston,,02135,42.3421,-71.1548,3.5,33,0
toQa6d84t8pidvgFcoX3ww,The Threading Place,,45 Winter St,Boston,,02108,42.3562,-71.0617,3.0,13,1
TOwXo2Fck4rrmx42bEaH-Q,Family Dollar Stores,,459 W Broadway,Boston,,02127,42.3357,-71.0466,2.5,7,1
toy4tLf2J6-ti6JEwNrKZw,wagamama - seaport,,100 Northern Ave,Boston,,02210,42.3528,-71.0441,4.0,177,1
toY6V4hsA-Pt6MlLI7T4Dg,Tiki Room,,1 Lansdowne St,Boston,,02215,42.3473,-71.0945,3.0,13,0
TOZD_oNNvnUBmp1i3cp3WQ,El Jardin,,15 Central Sq,Boston,,02128,42.3746,-71.0388,3.5,7,1
toZDaQ42RdY9Vrw_v-ozLw,Hastone Cabinetry and Countertops,,115 E Cottage St,Boston,,02125,42.321,-71.0652,3.5,7,1
TozNKqJVRVP_akBfQxcHEg,Boston Gem Laboratory,,304 Newbury St,Boston,,02115,42.3486,-71.0851,5.0,6,1
tpByugAK1Y428WGak9D5vg,Vantage Deluxe World Travel,,90 Canal St,Boston,,02114,42.364,-71.0599,2.0,53,1
TpCz9vU6LtRh4V0Vr9N5sA,Cafe Golden Horn,,334 Massachusetts Ave,Boston,,02115,42.3427,-71.0842,3.5,15,0
tPMlIhbPmnXAbjjYQBkW0Q,The Drain Man,,,Boston,,02118,42.3378,-71.0706,4.5,29,0
TpqhlNqf-yh2FQKqIyniSQ,Redbones Food Truck,,Boylston St,Boston,,02116,42.3696,-71.0201,3.0,31,0
TpvC3JcneClxMMu65TPYhg,Mass Dental Associates,,770 Tremont St,Boston,,02118,42.3395,-71.0796,4.5,23,1
Tq7w_CnkVpZkjXSbYcVroA,Xposure By Noe'l,,15 Lamartine St,Boston,,02130,42.3226,-71.1007,4.5,5,0
tqcLqzTfEhttTZHrYPWGlA,Gap,,200 State St,Boston,,02109,42.36,-71.0532,3.5,16,1
TqDtTxBTd7a1mrJWSS2cNA,El Pe?ol,,54 Bennington St,Boston,,02128,42.3758,-71.0371,4.5,124,1
TqkET4H-OoDt_AoqD8aYuQ,Dunkin',,89 Broad St,Boston,,02110,42.3576,-71.0533,3.5,8,1
tQmz0EYJ00iAHjIQAqj36Q,Hava Nightclub,,246 Tremont St,Boston,,02116,42.3508,-71.0648,2.0,97,1
TqOR2YiGZD6zZgnrkTRyxw,Colonial Trading Co.,,102 Tremont St,Boston,,02108,42.3572,-71.0611,3.5,8,0
tQsiH9EUNEC8oykESc2MEA,Blackstone's Of Beacon Hill,,46 Charles St,Boston,,02114,42.3576,-71.0701,4.5,19,1
TqWC4OeutW5L6AaeIyn-MQ,LoGrasso's Barbershop,,167 Salem St,Boston,,02113,42.3657,-71.0551,4.0,21,1
TQyxi0pe7OuleMyUlvGoDA,Kenmore - Harvard Vanguard,,133 Brookline Avenue,Boston,,02215,42.3454,-71.1006,2.5,105,1
tqyYmTaw40cuao6kimdHDA,Le's Salon,,157 Neponset Ave,Boston,,02122,42.2932,-71.0512,4.0,20,1
tR_utZxNVzgbkoVTtZRTUg,CVS Pharmacy,,1249 Boylston Street,Boston,,02215,42.3455,-71.0958,3.5,28,1
TR-pZm3BfleESZUdFZQpcA,Abercrombie & Fitch,,1 Faneuil Sq,Boston,,02109,42.3603,-71.0572,2.5,19,1
TR2_qziQDC0Xv5yZlTejSQ,Five Star Laundry,,565 Columbus Ave,Boston,,02118,42.341,-71.0814,2.5,8,0
trahXGXLtjqG06fUCQP-ww,Brattle Book Shop,,9 West St,Boston,,02111,42.3547,-71.0621,4.5,132,1
Trg3-GqPy14VbrxO89ZlEg,Spa@Ink by Whole Foods Market,,348 Harrison Ave,Boston,,02118,42.3454,-71.0628,4.5,32,0
trHvcsE3xRS8YcbrDrnSmg,Les Zygomates,,129 South St,Boston,,02111,42.3512,-71.0575,3.5,443,0
TrozuhumDbc4yY2kib3VcQ,Subway,,1266 Boylston St,Boston,,02215,42.3452,-71.0953,2.0,15,0
TrVeippIflqmtVMKXNU0_g,Orchard Skate Shop,,156 Harvard Ave,Boston,,02134,42.3517,-71.1315,4.5,39,0
trwRoav_c58XfCUEzZPfPA,iModify,,,Boston,,02199,42.3465,-71.0832,2.0,16,1
TrZP9EtqDm-0eRP1TqmaZg,Cafe Fleuri,,250 Franklin St,Boston,,02110,42.3565,-71.0545,4.0,283,0
tRZRnAIyzCz7OTATkCT1mw,Joe Moakley Park,,446 Old Colony Ave,Boston,,02127,42.3249,-71.0521,4.0,10,1
trZTpMG9OpaeIf7PDUTKtA,Bangkok Blue Thai Restaurant,,651 Boylston St,Boston,,02116,42.3501,-71.0785,3.0,117,0
TS8Izmbm70OtbqDE7AaGTg,Thai's Bistro,,184 High St,Boston,,02110,42.3566,-71.0528,3.5,112,0
tSa3GlsSglAxgK89ixhLug,Salon 120 West,,120 W Broadway,Boston,,02127,42.3414,-71.0545,4.5,7,1
tsCU2d6AFn34V0ovueGxew,The Dimock Center,,55 Dimock St,Boston,,02119,42.3195,-71.0979,2.5,8,1
tsNloQPnUGY61Og9r3UMrQ,Ipswich Roofing & Siding,,,Boston,,02203,42.3606,-71.0591,5.0,25,1
tsSdvWrfX819K5BaqCl2_g,Rainbow Cafe,,60 Beach St,Boston,,02228,42.3514,-71.0602,4.0,28,0
tSVkwdOROZJjGPB3C9jP-Q,Anna's Taqueria,,800 Boylston St,Boston,,02199,42.3465,-71.0838,3.0,60,1
Ttc6KRo6N5cghsq2WQblLQ,Six Burner,,130 Dartmouth St,Boston,,02116,42.3467,-71.076,3.0,81,0
TTcpJSTmnq_-BIpxRWgucg,House of Colour Salon,,125 Broad St,Boston,,02110,42.3571,-71.052,4.5,99,1
ttG_yzo54kk7AmR-hN377A,Daniela's Skincare,,2101 Ctr St,Boston,,02132,42.2785,-71.1601,5.0,14,1
ttR5wkEYWhKCe73YTEYx9A,Jordan & Company,,112 Water St,Boston,,02109,42.3582,-71.0548,4.0,16,1
ttSCnPMI8Jg6qt6LjRVaOQ,Federal Wine & Spirits,,29 State St,Boston,,02109,42.3585,-71.057,4.0,45,1
tTvuYtQ4VWRYbGvWTx1-dg,Harvard Medical School,,25 Shattuck St,Boston,,02115,42.3363,-71.1037,5.0,6,1
TTWgq6vPK-azJ3fNLoFKlg,Wow! Balloons,,33 Blossom St,Boston,,02114,42.3625,-71.0665,4.0,9,1
tUEmxTVKCJiviVEnN9Ym5A,Above and Beyond Catering,,42 Plympton St,Boston,,02118,42.3389,-71.0678,5.0,27,1
TuMM4k5GeziTewEXO8O50w,BarCrawls,,,Boston,,02108,42.3549,-71.0661,1.0,9,1
TuNwCdH51ogjc-4x6dIbgw,Hello Photo Booth Rental,,283 Tremont St,Boston,,02116,42.3498,-71.0655,5.0,7,1
tUUpNxxxndXyXnXs-kRwFw,Fu?kin Fixit,,607 Boylston St,Boston,,02116,42.3693,-71.0655,3.0,9,0
TV2FwNhOTdc-0uLvD-DHQg,Blaze Pizza,,961 Commonwealth Ave,Boston,,02215,42.3518,-71.1192,4.0,66,1
tVEH1aDHYdOSqkgO73aeMg,Au Bon Pain,,209 Cambridge St,Boston,,02114,42.3613,-71.0666,2.0,56,0
tVhXK2l9iMwTqkeWDWDiTQ,Mi Pueblito Orient Heights,,964 Saratoga St,Boston,,02128,42.3871,-71.0086,3.5,27,1
tvJwRgbOZYHK97bMgvMBIA,Raimond's Movers,,,Boston,,02134,42.3593,-71.127,4.5,269,1
TVlgW6b5Gn5X35N8E6pMqw,BiBim Box,,196 Quincy St,Boston,,02125,42.3132,-71.0744,4.5,16,1
TVlVoZ_bA8JRKQT_jl2UHg,Wollaston's Market,,360 Huntington Ave,Boston,,02115,42.3403,-71.0907,3.0,35,0
tvNAYdsvXUym1yWZRm4BXQ,Villa Mexico,,296 Cambridge St,Boston,,02114,42.3609,-71.0685,4.0,126,0
tVqIWHi5YXPW7r8fV81Lew,Gibson Sotheby's International Realty,,556 Tremont St,Boston,,02118,42.3437,-71.0716,3.5,46,1
TvqwMEpXQRYuGyWA7VAkpg,Casablanca Salon,,266 Atlantic Ave,Boston,,02110,42.3588,-71.051,5.0,5,1
tvXxwZz3j_56HBaqo76_og,SquareTrade Go,,,Boston,,02128,42.3695,-71.0201,4.5,41,1
tW09hLpf18PYJxNAvNoCqA,Antico Forno,,93 Salem St,Boston,,02113,42.3638,-71.0557,3.5,1026,1
Tw16_pdLjHCVUO5KMiwhTg,Stuart Street Grill,,140 Clarendon St,Boston,,02116,42.3486,-71.0745,3.0,10,0
TWD4hQelwLvwn04_e6embw,FoMu,,655 Tremont St,Boston,,02118,42.3421,-71.0757,4.5,234,1
TWjMEPa_E5anUSMEnCP_fw,Old Town Trolley Tours of Boston,,3 Park Plaza,Boston,,02116,42.3518,-71.0675,3.5,361,1
tWpqzqAnsOlo9Fz0ZSI1JQ,Suite,,1 Boylston Pl,Boston,,02116,42.3521,-71.0662,2.5,13,0
tWqcy3Q7GP73IoRGN2NP1Q,Oliveira's Steak House,,297 Chelsea St,Boston,,02128,42.377,-71.0303,4.0,97,1
Twt1aH948H7aS8WDAX6_xQ,Bonobos,,283 Dartmouth St,Boston,,02116,42.3513,-71.0776,3.0,24,1
twu6pjjgBCoJ62uXbjJdlQ,Taj Boston,,15 Arlington St,Boston,,02116,42.3529,-71.0716,3.5,251,0
twueq1TLO6XgMjJMeXCFvw,TWA Realty,,673 Centre St,Boston,,02130,42.3123,-71.1144,5.0,8,1
TwxcQS85kFvgH3WBCncZmQ,Just Steaks,,481 Geneva Ave,Boston,,02122,42.2994,-71.0646,4.0,9,0
twXlQB0UMBrAVas53QN9BA,MIDA,,782 Tremont St,Boston,,02118,42.3391,-71.0804,4.0,309,1
Tx-8Gbdqv2ijv1QhgzGOuw,Turkish Airlines,,1 Harborside Dr,Boston,,02128,42.3708,-71.02,3.0,10,1
tXFxmxNHwSKWlupzA7bY2Q,Club Quarters - Boston,,161 Devonshire St,Boston,,02110,42.3562,-71.0575,3.0,198,1
tXiS82voSqoBACDxv1uDTw,The Smoke Shop BBQ - Seaport,,343 Congress St,Boston,,02210,42.3506,-71.0494,4.0,250,1
tXisKQ5_lB1wuLDeURneCw,Quencher Tavern,,170 I St,Boston,,02127,42.3324,-71.0398,4.5,12,0
TXowUF_fqNGcFrikFmbOQw,Escape Salon Aveda,,800 Boylston St,Boston,,02199,42.3487,-71.0819,3.5,155,1
tXQHwjvQPDjg6q-khKFtNQ,Karen Millen,,100 Huntington Ave,Boston,,02116,42.3473,-71.0789,3.5,15,0
tXrgE_AKDFreUvT8s5sV7g,Rooney Real Estate,,700 E Broadway,Boston,,02127,42.3358,-71.0372,3.0,16,1
TXXMfiJI8K2yCl5B1f5S_A,Overseas Adventure Travel,,347 Congress St,Boston,,02210,42.3504,-71.0489,2.0,130,1
Ty49SlmdTD_gutKhKhR73w,WHDH-TV,,7 Bulfinch Pl,Boston,,02114,42.3621,-71.0618,2.0,22,1
tyLCCEbXXLrG8uARKgrlZA,Boston Strolls,,,Boston,,02108,42.3584,-71.0651,4.5,8,1
TYOHe02bzSboR1T5GrZASA,Sol Optics - Boston,,329 Hanover St,Boston,,02113,42.3642,-71.0539,5.0,21,1
tyROi7Qq_w9HmmOxymXShA,Bale Bakery,,1035 Dorchester Ave,Boston,,02125,42.3153,-71.0569,4.0,5,0
Tytp-V3USA64GdcEF4tk1g,St King Tavern,,1 Court St,Boston,,02108,42.3588,-71.0578,4.0,9,0
TYUniEJTcu_wVvSnWSbOqw,Dunkin',,180 Canal St,Boston,,02114,42.3652,-71.0612,3.5,9,1
tyuzgXFQGEkM5A9e6HmSLA,B. Good,,272 Newbury St,Boston,,02116,42.3495,-71.0835,3.0,117,0
tyVAy-kkpui3p7zxxZok7g,49 Social,,49 Temple Pl,Boston,,02111,42.3549,-71.0619,3.0,232,0
TZ0enk7TA8M7UND6D4Kj4A,Luke's Lobster Downtown Crossing,,290 Washington St,Boston,,02108,42.3574,-71.0582,4.0,404,1
tzsC25DUWI2wMktiPBKR0w,D'Tails Pet Boutique,,73 Berkeley St,Boston,,02116,42.3469,-71.0707,4.5,49,1
tztlzlnaUjMnPEUmcc_ewQ,City Landing,,255 State St,Boston,,02109,42.3593,-71.0511,4.0,157,0
TzXSMgZUE4nA0ROvt-KMfw,Au Bon Pain,,Copley Plz,Boston,,02228,42.3497,-71.0702,2.5,53,1
u_fglV86UoMeiKtDP8pBng,Eric Mauro Stained Glass,,11 Tip Top St,Boston,,02135,42.351,-71.1702,5.0,5,1
u_HrrBQLvROGVjSBzI3D9w,Rainbow Apparel,,13 Winter St,Boston,,02111,42.3558,-71.0611,2.5,28,1
U_mwZnU4tr__z6tFdJbU7Q,The Spotted Apron,,326 Cambridge St,Boston,,02114,42.3609,-71.0692,3.0,22,0
U-afuQMD52aVdQiHyf-MFw,The Estate,,1 Boylston Pl,Boston,,02116,42.3521,-71.0659,2.5,200,0
u-b799VicxtBk_Th5UNcLA,Bostons Caregivers,,,Boston,,02118,42.3378,-71.0706,3.5,14,1
U-gFbZp-YRMvm1oMRSj2vQ,Evy Tea,,1 Monument Ave,Boston,,02129,42.3738,-71.0624,5.0,10,0
U-wNf5xZBHoHIH_Nlnif7g,Nicole's Pizza,,639 Tremont St,Boston,,02118,42.3424,-71.0752,3.5,111,1
u-xvsD9UT1aMvsfuW6YFoQ,Plaza Deli,,2 Center Plz,Boston,,02108,42.3596,-71.0602,2.5,12,0
U068QmajRFaPh3DQA4NBHw,Puls,,,Boston,,02467,42.3178,-71.1627,3.5,67,1
u0BsFOarGksBWM4FxBELqg,Cosi,,2 Seaport Ln,Boston,,02210,42.3488,-71.0411,2.0,26,0
u16kl6xPDjk0y9lvpdZAqg,Courtyard by Marriott Boston-South Boston,,63 R Boston St,Boston,,02125,42.3265,-71.0602,3.5,80,1
U1Dci8IM6Z7sBicKEn-E5Q,The Griffin Team,,55 Causeway St,Boston,,02114,42.3643,-71.0629,5.0,5,0
u1ZvXEuaRGNCFYv7wnPU4w,Neena's Lighting,,380 Boylston St,Boston,,02116,42.3515,-71.0718,2.5,11,1
u21_m6mewRV6pTMn9DCosA,City Tap House,,10 Boston Wharf Rd,Boston,,02210,42.3501,-71.0473,4.0,485,1
u2Fo_uqqgo04PszyYwU-jA,Fenway Victory Gardens,,1200 Boylston St,Boston,,02215,42.3449,-71.0932,4.5,21,1
U2NMp63yiFaFPcy6URHLiw,Chatime Boston 2nd Store,,18 Hudson St,Boston,,02111,42.3505,-71.0601,3.0,28,0
u3aBbNvOMwyVSMjIe9Drow,Professional Physical Therapy,,607 Boylston St,Boston,,02116,42.3502,-71.0771,4.5,26,1
u3DEJDk9HKDlSCJnteGs1Q,Women's Health Associates,,55 Fruit St,Boston,,02114,42.3632,-71.0688,2.0,8,1
u3f-W5yNwkSKJ8LjFtYCxg,Anton's Cleaners,,203 Massachusetts Ave,Boston,,02115,42.3451,-71.0869,2.5,23,1
u3kFKGZ3WsLDRlrb1QBXOg,McDonald's,,540 Commonwealth Ave,Boston,,02215,42.3486,-71.0967,2.0,52,1
U3oHDKFn1SG4-moKHATdwA,Temptations On Devonshire,,295 Devonshire St,Boston,,02110,42.354,-71.058,3.0,6,0
U4_e7w33P3J3AariUJxEFQ,Ottavio's Barber Shop,,377 West 1st St,Boston,,02127,42.3381,-71.0449,3.5,21,1
U4_ViKSe5iYLj3cdWZs2DQ,Party City,,356 Boylston St,Boston,,02116,42.3516,-71.0714,3.0,13,0
U4C0Bgoeqev9Ee1_upRccQ,Sip Wine Bar And Kitchen,,581 Washington St,Boston,,02111,42.3534,-71.0627,3.5,335,1
u4eFCI4V6ICWMKYe6yZUmg,Flying Tiger Copenhagen,,7 Winter St,Boston,,02114,42.3559,-71.061,4.0,10,1
U4kZR_tSA7r9oszJkkJPSg,Beard Papa,,1 Faneuil Hall Market,Boston,,02109,42.3597,-71.0559,4.5,29,0
U4M9oKOonDlZiApo8mYzDA,Tony's Barber Shop,,50 Congress St,Boston,,02109,42.3579,-71.0564,4.5,20,0
U4Tuw4NtIRLu2ISy6PUU3g,Massage Envy - Boston North Station,,102 Beverly St,Boston,,02114,42.3651,-71.0595,3.5,63,1
U4W2QJTZeHTy4Ji76cdmZQ,The Frye Company,,284 Newbury St,Boston,,02115,42.349,-71.0843,3.5,23,0
U4xodromJtyj2MLRRIOIYw,Unique Food,,145 Harvard Ave,Boston,,02134,42.3519,-71.1319,3.0,43,0
U4XvK5tpeQXwOV3U5BdAQg,Rodolfo Tailoring,,Copley Pl,Boston,,02116,42.3472,-71.0783,4.5,38,1
u51e3gychuqBYNqe2xG6_w,Lolita Cocina & Tequila Bar Back Bay,,271 Dartmouth St,Boston,,02116,42.3506,-71.0775,4.0,2179,1
u5gb7mhidSqWe8vP-IV4_w,Bacco's Fine Foods,,31 St James Ave,Boston,,02116,42.3507,-71.0716,4.5,38,1
u5HXO80O-Px4yEe6wk3ahQ,Lovely Shop,,72 Kneeland St,Boston,,02111,42.3505,-71.0605,3.0,5,1
u5I66tPRyMoCzM16jNButw,Jeffrey Lyle Salon,,135 Newbury St,Boston,,02116,42.3512,-71.0771,4.0,28,1
u5l-xHRlgFkhCm37sUJ5eQ,Phinista,,96 Peterborough St,Boston,,02215,42.343,-71.0992,5.0,42,1
U5S1a_Ig-UJDc_Ko1sNZtQ,Cosi,,14 Milk St,Boston,,02108,42.3568,-71.058,3.5,84,0
U5ylsCB1uOKnWc6rVI0GGw,Espressamente illy,,1 Harborside Dr,Boston,,02128,42.3607,-71.0186,3.0,18,0
U6G9zYGKqyPkNAL6fUcadQ,Aveda 75 Salon Spa,,75 Newbury St,Boston,,02116,42.3519,-71.0745,3.5,21,0
U6R7ffSSYZoKERJTpNDaUg,SurfZone Engineering Consultants,,,Boston,,02132,42.3601,-71.0589,5.0,10,1
U6TORjU4baF94edW18tZDw,Sam's Glass Inc.,,260 Shawmut Ave,Boston,,02118,42.3432,-71.0685,2.5,50,1
U73kcbZ7Xnxx9ALK5f6NAA,Suitsupply - Boston,,240A Newbury St,Boston,,02116,42.3495,-71.0822,4.0,20,1
u7F5Kiic7BXlw4bcxt2KMA,The Juice Box,,359 W Broadway,Boston,,02127,42.3379,-71.0497,4.0,50,1
U7L16E2Jl8rdXlBr4wcGhw,Fly Guy Fish Guide,,,Boston,,02118,42.3378,-71.0706,5.0,5,1
u82tOn_hdcOH0Zsi0IYJHQ,Consulate General of Italy,,600 Atlantic Ave,Boston,,02210,42.3528,-71.0534,3.0,10,1
U84he5XHfpH3UBtfLdAvKg,Ethel and Andy's Sandwich Shop,,134 K St,Boston,,02127,42.338,-71.0373,4.5,33,1
u99zUf25kUFvtg3fidJD8w,Niki South Street Salon,,123 South Street,Boston,,02111,42.3513,-71.0575,2.5,7,0
U9f6oEtQuQuP5xy4ljKwUw,Fidelity Investments,,801 Boylston St,Boston,,02116,42.3491,-71.0822,1.0,7,1
u9WBp7RCpfo8AmD2S8-zdw,MC Kitchen,,401 Park Dr,Boston,,02215,42.3447,-71.1027,4.5,5,0
Ua6QKOEfJZDSosvYjWYQdw,Lou Lou,,294 Washington St,Boston,,02108,42.3572,-71.0582,3.5,7,1
UaipH68gQNpd3Ddn2yw5WA,Converse,,348 Newbury St,Boston,,02115,42.3483,-71.087,4.0,17,0
UAKdjndwN-iqBV_-DVKi0w,Finale,,224 Clarendon St,Boston,,02116,42.3512,-71.0755,3.5,7,0
UamCAZx9NSgi6nAoEgqaUQ,Enterprise Rent-A-Car,,17 Melnea Cass Blvd,Boston,,02118,42.3318,-71.0742,3.0,20,1
UAtX7xmIfdd1W2Pebf6NWg,Sidebar Boston,,14 Bromfield St,Boston,,02108,42.3564,-71.0601,3.5,240,1
UBAsz6-iAlxXcQiF6ZrOrQ,Boston Heating Supply,,2 Dracut St,Boston,,02124,42.2871,-71.0637,3.0,6,1
ubb9LaZSVa1A2FQ9YIfiaA,Bennett's Sandwich Shop,,84 Peterborough St,Boston,,02215,42.3431,-71.0991,4.5,69,1
uBjQ4gD-SXOA11xYqLiSIA,The Art Institute of Boston,,700 Beacon St,Boston,,02215,42.3484,-71.0993,4.0,5,0
UbphzTwEHcWiCFYDHuqssg,Crate Escape,,200 Terminal St,Boston,,02129,42.3831,-71.05,4.5,30,1
UBRH-5yD5h2YOJV-e8Tlrg,December Thieves,,51 Charles St,Boston,,02114,42.3576,-71.07,4.5,19,1
uBXOc3uxpCSmd22P6LOeew,Mamma Maria,,3 North Sq,Boston,,02113,42.3641,-71.0533,4.0,648,1
uc81ADDy25saiOaGDrR67g,Los Primos Barbershop,,136 Meridian St,Boston,,02128,42.3737,-71.0392,5.0,8,1
ucc79Z_SDvK_lcrhv2c3gg,DiSalvo's Barbershop,,294 Washington St,Boston,,02108,42.3573,-71.0584,4.5,47,1
uCJqYrBSITSrJBHyMPznwg,The Bell In Hand,,45 Union St,Boston,,02108,42.3612,-71.057,3.5,912,1
ucO1AFr0yqb3d2MAqewjGA,Old Navy,,430 Washington St,Boston,,02111,42.3555,-71.0605,2.5,21,1
UD4Vq6lncvlmEDy9FiL25w,Roche Bros. - Downtown Crossing,,8 Summer Street,Boston,,02110,42.3554,-71.0599,3.5,171,1
udA_h7GLbNtoumqiacJBoQ,Crepe & Ice Cream 89C,,77 Harvard Ave,Boston,,02134,42.3536,-71.1324,4.0,44,0
udBle0C46UIDCwreNAUg2g,Saks Fifth Avenue,,800 Boylston St,Boston,,02199,42.3476,-71.0808,3.0,183,1
UdIk9xZ6qvY5S7u3cCCw3g,Ultimate Shuttle,,,Boston,,02228,42.357,-71.0605,2.5,19,1
UdOyO1ruYtAMO_AhqXmeNA,Jade Nails & Spa,,16 Temple Pl,Boston,,02111,42.3555,-71.0623,2.5,52,1
uDXJoWv6oPz_XyzEBHlymA,J.P. Licks,,150 Charles St,Boston,,02114,42.3601,-71.0709,4.0,206,1
ue0fG3vQkKpa9HheKVZFvA,Levend Bagelry,,100 Hanover St,Boston,,02108,42.3621,-71.057,4.0,92,1
Ue9e_uWOVxRM0zUTn7W00Q,Vox Populi,,755 Boylston St,Boston,,02116,42.3494,-71.0811,2.5,143,0
UEEempEIz_RauLBqBBhY3Q,Nashoba Brook Bakery Cafe,,288 Columbus Ave,Boston,,02116,42.3468,-71.0737,4.5,10,0
Uekei5riAvonbG6p20kSXg,Boston Event Lighting,,,Boston,,02116,42.3531,-71.0765,5.0,6,1
uelIHeOn67O8n2IUjOOOkQ,Boston Logan International Airport - Terminal A,,1 Harborside Dr,Boston,,02128,42.3646,-71.0209,3.0,101,1
UElQqClwsOJ_Fg6XjKou1w,Arlington Street Church,,351 Boylston St,Boston,,02116,42.352,-71.0712,4.0,11,1
uExwDA8TEEL9PUjl4yGTvg,Piccolo Panini,,,Boston,,02228,42.357,-71.0605,3.0,10,0
Ueyx6FHEIrYxxzulPDrZ0g,Emma's,,537A Columbus Ave,Boston,,02118,42.3417,-71.0808,3.5,29,0
UfG1y9R_5WMlfoFZFi35zg,D & D Auto School,,360 Tremont St,Boston,,02116,42.3484,-71.067,2.5,18,1
ufMmNtqPbbSFvPxGApI4wA,Mentei,,66 Hereford St,Boston,,02115,42.3485,-71.0853,2.5,235,0
Ufn8kjnHZoaDvN6rHvKp7w,Brown Sugar Cafe,,129 Jersey St,Boston,,02215,42.3423,-71.097,4.5,136,0
uFv43FFVpcu6dy516CGlQg,Fast Lane - MA Turnpike Authority,,185 Massachusetts Ave,Boston,,02228,42.3455,-71.0872,1.5,45,1
uFwCngppzpAp8mHAvAMPIA,7-Eleven,,464 Hanover St,Boston,,02113,42.3671,-71.0528,3.0,12,0
UfyG6e-WcAT3CMef4yOCvA,Haymarket Station,,Sudbury St,Boston,,02203,42.3622,-71.0576,1.5,11,1
ug2egg6LBGnYtFKiu83CGA,Sway Aveda Spa,,485 Commonwealth Ave,Boston,,02215,42.3493,-71.094,4.5,125,1
UG5Gja7xJbXFrdzqdyXK8A,City Nails & Spa,,1260 Washington St,Boston,,02118,42.3423,-71.0675,3.5,155,1
uGepYP2WiLOZrqF4QdSCIw,Tasty Burger,,1 Nashua St,Boston,,02114,42.3659,-71.0635,3.0,52,1
ugjSA19eetXy9STv_eM5lg,South End Athletic Company,,652 Tremont St,Boston,,02118,42.3417,-71.0752,4.5,21,1
ugoYu1bLnbuN4tK-SbT1oA,Little Dipper,,669 Centre St,Boston,,02130,42.3125,-71.1143,4.5,79,1
Uh-vmfKAZAhSeauShT0UEQ,Asta,,47 Massachusetts Ave,Boston,,02115,42.3498,-71.0892,4.0,189,1
uHKA_d0iA4zaFRctM36XkQ,Sheherazad Food Truck,,,Boston,,02116,42.3531,-71.0765,4.0,34,1
UHSgwkHN_4IxeHa3pcb5Pg,Nebo Cucina & Enoteca,,520 Atlantic Ave,Boston,,02210,42.3538,-71.053,3.5,398,1
uHws5GtfJ-njosj51tFYAA,126 Dartmouth,,126 Dartmouth St,Boston,,02116,42.3465,-71.0756,3.0,8,1
ui1yHIMT7f9mFVUp0kG3Qw,Boston Herald,,70 Fargo St,Boston,,02210,42.3455,-71.0424,2.0,18,1
UiCPUXoVgRzDJaGuIB2NJA,B. D Chilipa Restaurant,,1 Brighton Ave,Boston,,02134,42.3529,-71.1253,3.0,59,0
UIELOyfVuKrW8rdTOWQa7g,Jeveli's Restaurant,,387 Chelsea St,Boston,,02128,42.3795,-71.0273,4.0,235,1
UiezqFjr4A7SVYSG1Brf0A,Dot 2 Dot Caf?,,1739 Dorchester Ave,Boston,,02124,42.291,-71.0631,3.5,153,0
UIIt6xKJNCf5Y02-4ssYEA,Phoenicia,,240 Cambridge St,Boston,,02114,42.361,-71.0668,2.5,33,0
Uiq21sRydmPwoI6zPH2ZKg,FillASeat Boston,,,Boston,,,42.3584,-71.0598,1.0,9,0
uiZq2qHtUgYPPOtXW47UTQ,Erbaluce,,69 Church St,Boston,,02116,42.3501,-71.0684,4.0,400,0
Uj36-cmBj5hlEpGl4f7QbQ,Carleton Court Dog Park,,SW Corridor Path,Boston,,02108,42.3453,-71.0786,3.0,5,1
ujd0cTTtfsbC5NQ3-BB0XQ,Smith & Wollensky,,294 Congress St,Boston,,02210,42.3529,-71.0525,3.5,390,1
UJfajqfVVY3XWzsnsP81lA,Nebo,,90 N Washington St,Boston,,02114,42.3654,-71.0586,3.0,173,0
uJMeAo9P6C4845dU_NGCgA,Trinity,,61 Chatham St,Boston,,02109,42.3596,-71.054,2.0,31,1
ujOB5O4Q04Jtdj49k2Z_9w,Beantown Hoagie,,102 Water St,Boston,,02109,42.3582,-71.0549,3.5,28,0
uJQGdkNrzEL6pTcW3MmNRA,Kantin,,1095 Commonwealth Ave,Boston,,02215,42.3528,-71.1253,3.5,149,1
UKCwWu4CZkNnR9dGbfi7CQ,LimeRed Tea House,,1092 Commonwealth Ave,Boston,,02215,42.3519,-71.1241,4.0,194,1
UkSHk_MnBkppDEJMHVlFWw,Wine Gallery,,516 Commonwealth Ave,Boston,,02215,42.3487,-71.0957,3.0,16,0
uKVO6ewPGf_AhQE14Z2f3Q,Heather Parker Photography,,15 Channel Ctr St,Boston,,02210,42.3457,-71.0514,5.0,11,1
uKYhv4iA2k9h-0tP6RBLxQ,Integrity Pro Cleaners,,,Boston,,02108,42.3549,-71.0661,1.0,5,1
uL7PDSmLxPPRMtFjENn9rQ,Chic Chick,,164 Brighton Ave,Boston,,02134,42.3529,-71.1328,4.5,66,0
uL87XpYQTS73VYc9fm6pcg,The Clock Tavern,,342 W Broadway,Boston,,02127,42.3383,-71.0497,3.5,15,1
UlLBvlPUG5yPihmNYc1o9Q,Boston Realty Institute,,100 Oliver St,Boston,,02110,42.3561,-71.0522,4.5,11,1
ULN6I6iQZKTwh24uqogUJw,Osco Pharmacy,,1065 Commonwealth Ave,Boston,,02215,42.3525,-71.1235,4.0,5,1
UlROny4InCoi10bLkpbJAA,Hot Tomatoes,,92 Bedford St,Boston,,02111,42.3534,-71.0595,3.0,47,0
UltM3fgvM5COQRGeLHQdzQ,Morton's The Steakhouse,,699 Boylston at Exeter,Boston,,02116,42.3499,-71.0794,3.5,116,0
um3W8SZBZcn4KlUIgSLKrg,Connexion Lounge,,110 Huntington Ave,Boston,,02116,42.3469,-71.0782,2.5,5,1
um4x6dIkv8w2a4e0VkRNmA,Rocco's Cucina & Bar,,450 Commercial St,Boston,,02109,42.3674,-71.0534,3.5,164,1
umfNu6Mob7B30PKZvNXJLQ,Clover Food Lab,,160 Federal St,Boston,,02110,42.3543,-71.0559,4.0,84,1
UMIjYpKuY7EwbVpjH3R1Uw,Papa’s Pizza Company,,682 Huntington Ave,Boston,,02115,42.3348,-71.1024,3.5,23,1
UmJxaOMA9sEay3_LPIEHEw,Ivy Sushi,,185 Harvard Ave,Boston,,02134,42.3509,-71.1313,3.5,45,0
umLE7cBRwvOlxLJCZyjC8w,Citizens Bank,,53 State St,Boston,,02109,42.3585,-71.0562,1.5,15,1
UMnRSwxcd4-tvbFwnW9I3Q,Dakota Puffin Dog Boutique,,120 Charles St,Boston,,02114,42.3592,-71.071,3.0,13,0
uMoHupvyOkpPxRGOodhjyg,Au Bon Pain,,26 Park Plz,Boston,,02116,42.3514,-71.0689,3.0,80,1
uMQDgdKA1prI6NhjPo3Njg,Battery Park Bar & Patio,,33 Batterymarch St,Boston,,02110,42.3574,-71.0541,3.5,246,0
uMQF8rclPcA6SGOsJJo7tA,Channel Fitness,,303 Congress St,Boston,,02210,42.3516,-71.0505,4.5,6,0
uMRH_0ClIFshQmkPpoYLrg,Jennifer Lee's Gourmet Bakery,,100 Hanover St,Boston,,02108,42.3621,-71.057,3.5,77,1
UMrPet0U17mT4GHaICfR5w,Laugh Boston,,425 Summer St,Boston,,02210,42.3461,-71.0433,3.0,122,1
umtavHpSHpov0dk4HF3ICg,Stardust - Inspired Mediterranean,,1753 Centre St,Boston,,02132,42.2875,-71.1505,4.5,25,1
UMtKPjI5xsR5Db0pCyECFA,Boston Brew Tours by City Brew Tours,,2 Park Plz,Boston,,02116,42.3523,-71.067,4.5,170,1
umudsUvy4wXFLyevbspoNA,Forever 21,,449 Washington St,Boston,,02108,42.3554,-71.061,2.0,9,0
UMYk_NozK1f4Q2ixKiingQ,Jugos Supremo,,502 Massachusetts Ave,Boston,,02118,42.3393,-71.0801,4.0,44,1
uMYn8FAgXachZ6Yo5pP2_g,Nella Pasta,,100 Hanover St,Boston,,02108,42.3621,-71.057,3.5,11,0
uMZoY7AyG08rnN-YiQN7fA,Mj O'connor's - Boston,,27 Columbus Ave,Boston,,02116,42.3512,-71.0689,3.0,269,1
UN1-i6pPyia-OrHKwJXoQw,Payless Car Rental,,Logan Airport,Boston,,02128,42.3656,-71.0096,1.5,82,1
uNAyzxYbzTs5ETV7Umdl1A,Chili's Grill & Bar,,100 Huntington Ave,Boston,,02116,42.347,-71.0779,3.0,16,0
UnDW3a9VVo_TcvUFLSV0EQ,Patrice Vinci Salon,,91 Newbury St,Boston,,02116,42.3519,-71.0751,4.0,101,1
unE4t2dqs-05zXZmGxlawA,Thai Dish,,636 Beacon St,Boston,,02215,42.3496,-71.0953,3.5,109,0
UnnEyeICtoMKvaTWwhKddQ,Beaucage Salon & Spa,,71 Newbury St,Boston,,02116,42.3521,-71.0744,4.0,191,1
uNTc6lrgSuKBJeWivw04UA,Tipsy Chocolate Tours,,303 Newbury St,Boston,,02115,42.349,-71.0855,4.0,10,1
unxmwnIdahA-ngogWEn0Lg,The UPS Store,,71 Commercial St,Boston,,02109,42.3613,-71.0529,4.0,15,1
UoAbVHm6A04avk-QIhiWYQ,Corner Cafe,,87 Prince St,Boston,,02113,42.3656,-71.0562,4.0,66,1
UoAFEYEdXjoXhZcgNU_dEg,St. Germain Electric,,Fenton St,Boston,,02122,42.3032,-71.0573,5.0,6,1
UoAuYl7kRsL1kdEchLNtGg,New England Audio Rental,,434 Massachusetts Ave,Boston,,02118,42.3411,-71.0821,5.0,5,1
UOb1rVrhNIceK_wU0cRC8w,Budget Car Rental,,270 Atlantic Ave,Boston,,02110,42.3585,-71.051,2.0,8,1
UOGOZvTeN6KuvTDSOd1k1A,Panera Bread,,401 Park Dr,Boston,,02215,42.3448,-71.1023,3.5,58,0
Uoj6kJFNhI9NUMd0Y9wj-A,New American Cafe,,465 Huntington Ave,Boston,,02120,42.3397,-71.0939,2.5,62,1
Uok-oMZQUZBluMIO__jjzg,Sprint Store,,422 Boylston St,Boston,,02116,42.3512,-71.0728,2.5,43,0
uOOO3Dz5doI72p8YwoS0aQ,Bank Of America,,460 W Broadway,Boston,,02127,42.3362,-71.0461,2.5,7,1
uOvIyodeR8cBxDfa7qJFKg,Caff? Nero,,205 Newbury St,Boston,,02116,42.3503,-71.0809,3.0,29,0
uoxRp0-plFAp3fbJ6p6CPw,Street Salon & Barbershop,,164 Newbury St,Boston,,02116,42.3504,-71.0786,5.0,6,1
uPHjyjIir9eQCqRsXEL-zA,Morning Salute,,255 State St,Boston,,02116,42.3594,-71.0519,4.5,13,0
upY1H63uocaOJm_cBD81ww,The Victor by Windsor,,110 Beverly St,Boston,,02114,42.3655,-71.0598,3.5,21,1
uQ38MmoRoOgmGtqJ5FBKgA,Brigham Circle Diner,,737 Huntington Ave,Boston,,02115,42.334,-71.1055,3.0,31,0
uQDK99x8feDI5wpNgSbiHw,Adamo Stone Design,,296 Freeport St,Boston,,02122,42.3026,-71.0515,4.5,11,1
UqfMeu_l7-MiSSH_wqrcKQ,Roly Poly,,189 Devonshire St,Boston,,02110,42.3559,-71.0573,3.5,26,0
Uqh7EKYrEJ0aP1Fyn2g3Mw,Boston Veterinary Care,,10 Chandler St,Boston,,02116,42.347,-71.0701,5.0,66,1
uQvHKdNTwfMdK_5lnBAy2w,Jos. A. Bank,,70 Franklin St,Boston,,02110,42.3556,-71.058,2.5,9,0
UR5I5oboRkjVwNjUwFdZPg,Boston Networking Group,,265 Franklin St,Boston,,02110,42.3565,-71.0534,1.0,5,1
urjg1CvSPyK1nuf8RJ65bg,Crabtree & Evelyn,,150 Faneuil Hall Marketplace,Boston,,02109,42.3598,-71.0547,3.0,6,1
urJmiGUbm8ciJdSdECK_Tw,Coach,,100 Huntington Ave,Boston,,02116,42.3471,-71.0779,4.0,23,1
usm1riJI4cZmmCwip06h4A,Alitalia,,1 Harborside Dr,Boston,,02128,42.3611,-71.0218,1.0,20,1
uStJWDupKN5rzHYChs2_9A,La Tour Eiffel,,City Hall Stairs,Boston,,02203,42.3597,-71.0574,3.5,22,0
uSUg_DkR9MA1o-dFeHjJ9g,Community Bicycle Supply,,496 Tremont St,Boston,,02118,42.3456,-71.0694,4.0,102,1
usUGNAgaGFl33S_S7h8XVg,Sabon,,129 Newbury St,Boston,,02116,42.3514,-71.0768,4.0,32,0
USYcdhm4ARKl36JcQd1s-A,DSLR Workshops by Okello Dunkley,,61 Exeter St,Boston,,02116,42.3601,-71.0589,5.0,6,1
uSZR87IsTEeSqYH0Ry5pxQ,Four Burgers,,134 Boylston St,Boston,,02116,42.3524,-71.0661,3.5,113,0
Utk1Ewp-DBLOJJyeJ3wwsw,Be Relax,,18 Airport Rd - Departure Level,Boston,,02128,42.3647,-71.0215,3.0,6,0
uTqCd1X6M9EYBbuGacIu4A,The Gilt Sample Sale: Boston,,539 Tremont St,Boston,,02116,42.3444,-71.0713,4.0,5,0
uTQwhWjWyT1UtxtDss_r8w,Starbucks,,500 Commonwealth Ave,Boston,,02215,42.3485,-71.0959,3.5,37,1
UU_hRekwVKPrqVCJ6XsoHQ,Best Western Plus Boston Hotel,,891 Massachusetts Ave,Boston,,02118,42.3318,-71.0715,2.5,108,0
UU0mOwqCjSsj_45EvElgyQ,American Cleaners,,172 Cambridge St,Boston,,02114,42.361,-71.065,2.5,19,1
UU8f9poqfLxOthconQ-iXg,Susan Deli of Course,,42 Batterymarch  St,Boston,,02110,42.3576,-71.0538,3.5,16,0
UuAAi5hPFWgEcAUsUBjxrQ,Gold's Gym,,71 Landsdowne St,Boston,,02215,42.3473,-71.0979,2.0,20,0
uUh7lijsm0PUdeLtDB6Nzg,Newman & Company,,264 Newbury St,Boston,,02116,42.3492,-71.0831,3.0,23,1
UUHh5YSruy2NZeIPLNee_w,Lisa Nail Salon,,746 E Broadway,Boston,,02127,42.3358,-71.0357,3.5,11,1
uUHXHCKSmXPoXCZ0BC_PmA,Michael's Kairos Salon,,128 Meridian St,Boston,,02128,42.3736,-71.0392,3.5,6,1
uUMnZINNYCvgdX7jla4PLA,Warehouse Bar & Grille,,40 Broad St,Boston,,02109,42.3584,-71.0541,3.5,189,1
UUVbu_tEz8vzIKSIX-BSwg,Chinatown Pain Relief Massage,,18 Hudson St 1F,Boston,,02111,42.3506,-71.06,4.0,84,1
Uv2G7puqcCj4XfFK86ljsw,CAJ House,,677 Tremont St,Boston,,02118,42.3417,-71.0764,3.5,10,1
uV2KFQcRAqbBDX8eEZZ6sQ,DiPaolo & Rossi Meat Market,,56 Salem St,Boston,,02113,42.3632,-71.0561,5.0,11,0
UvBPLBi_866YjK99nPCq3Q,Marathon Sports,,671 Boylston St,Boston,,02116,42.3499,-71.0789,4.5,161,1
uVOk9lRPeTiXhKLClYEtjw,Dunkin' Donuts,,1420 Boylston St,Boston,,02215,42.3431,-71.1019,2.5,8,0
UVt8TWi3vjg9vBUytCkqbA,Kohi Coffee Company,,125 Summer St,Boston,,02110,42.353,-71.0575,5.0,17,1
uVX6TNr8YI6voykZdiq2uw,Christy's Cleaning,,,Boston,,02128,42.3567,-71.0599,4.5,22,1
uvYwmp0UcF4X490vHkxmYg,Sue's Hair Salon,,23 Myrtle St,Boston,,02114,42.3594,-71.0654,4.5,26,1
uwM1H0CwDmQ6IsfLfoxTyQ,Caprice,,275 Tremont St,Boston,,02116,42.3499,-71.0656,2.5,35,1
UWnVbePuv7LySGH67Qil0A,BKBX,,211 Western Ave,Boston,,02134,42.3634,-71.1301,5.0,7,1
uwnyqVCkrVSnA0v3UQ8GxA,ICA Watershed,,256 Marginal St,Boston,,02128,42.3644,-71.0335,3.5,7,1
UWymlaC5_35SvvS1aYgQpw,Mulligans,,83 Canal St,Boston,,02114,42.3643,-71.0596,4.5,92,0
UXBHKwz52F426AxgFpNEIA,Starbucks,,12 Winter St,Boston,,02108,42.3556,-71.0611,3.0,61,1
UXdkfwt75HcTOtf082Oumg,Flour Bakery + Caf?,,209 Cambridge St,Boston,,02114,42.3613,-71.0666,4.5,8,1
uXOVFQraz1va1TrtgiqYTg,The Daily Catch,,323 Hanover St,Boston,,02113,42.3641,-71.054,4.0,1676,1
UXpiwShJSiX1B2ihEnpfyw,Pat's Kitchen,,402 W Broadway,Boston,,02127,42.3372,-71.0481,3.5,10,0
uxsEmmxk7xT8m8IJM0sHSQ,Fresh Food Generation,,196 Quincy St,Boston,,02121,42.3132,-71.0743,4.5,18,1
uxt7i6XrIK1aLm--NeJnkQ,Godiva Chocolatier,,800 Boylston St,Boston,,02116,42.3481,-71.0796,3.5,16,0
Uy0C0TUfccZZ98lF9TBBag,Dunkin',,3 Post Office Square,Boston,,02109,42.3567,-71.0566,3.5,16,1
uY4rzFgygaSFOXtRgR3Zmw,Eye Lush,,627 Commonwealth Ave,Boston,,02215,42.3499,-71.102,4.5,40,1
uY9ztnxdKfarnBwgLW9Jbg,Tricomi Hair Designer Weddings,,91 Newbury St,Boston,,02116,42.3519,-71.0751,5.0,5,1
UYEP_G4fYVxasowdgd5Icg,Legal Test Kitchen,,225 Northern Ave,Boston,,02210,42.3486,-71.0391,3.5,810,0
uYqizPy4eUSpwOha0RkVPg,No. 9 Park,,9 Park St,Boston,,02108,42.3576,-71.0628,4.0,668,1
UySTREj_HX1QxcMW69Gh-Q,Michaud Cosmetics,,297 Newbury St,Boston,,02115,42.3491,-71.0852,4.5,9,0
uyt1g7SOQb8ikHVuvrkoEA,Bellhops,,318 Saint Paul St,Boston,,02446,42.3486,-71.1164,5.0,13,0
UyXlvOelneYKbsmRf-c0Ug,True Value Hardware,,89 Salem St,Boston,,02113,42.3637,-71.0557,3.5,44,0
Uz87KneZAhAsodOG3f7fUQ,SEPHORA,,88 Newbury St,Boston,,02116,42.3514,-71.0748,3.5,25,1
UzqR6giQWwIBJgLGWHKImQ,B&B Cleans,,,Boston,,02114,42.3653,-71.0646,4.5,17,0
UzSEMvN9r3RRNbUTntfZ-A,2 Young Studs Moving,,,Boston,,02109,42.368,-71.0548,4.0,10,1
UzwYx4TBvsUVEszoWzwgUQ,Theatre 1 at The Revere Hotel,,200 Stuart St,Boston,,02116,42.3504,-71.0675,4.5,5,0
v_1d4aNN7bjiQ7aF3S0hgA,Cheeky Monkey Brewing,,3 Lansdowne St,Boston,,02215,42.3473,-71.0948,3.5,215,1
v_2WbbjRHaQgi4gCVIemag,Gennaro's 5 North Square,,5 N Sq,Boston,,02113,42.364,-71.0535,3.5,196,0
V_4cV7zpmJAmGFrjqr8MUQ,Snap Top Market,,303 Columbus Ave,Boston,,02116,42.3466,-71.0747,4.0,26,0
V_6rG2oL56DVDIKPWnZ41A,French Quarter,,545 Washington St,Boston,,02111,42.3539,-71.0625,4.5,42,1
V_79WoMIjev8LFMueFJudw,The Tam,,222 Tremont St,Boston,,02118,42.3515,-71.0646,3.5,348,1
V_iUeM-oLlc-0s4EI3ZUMA,M Flynn,,40 Waltham St,Boston,,02118,42.3419,-71.0693,5.0,10,1
V-dVahKTe8d5ikGUvgXzzA,Stephanie's,,1 Harborside Dr,Boston,,02128,42.3616,-71.0175,3.0,322,1
V-z6M4ygCSntk6IXCweehQ,Aunt Sadie's,,18 Union Park,Boston,,02118,42.3425,-71.0715,4.5,25,0
V1xyVitLowPlajqkVa6QlQ,Tolman Manufacturing & Supply Company,,61 Dorchester Ave,Boston,,02127,42.3448,-71.0575,4.5,14,1
v25fGCMH7zAB8OicgeHwKA,Grub,,738 Huntington Ave,Boston,,02115,42.3337,-71.1054,4.5,51,0
v2hPwVHlQidsCa_lReKzKQ,Evolve Bootcamp,,,Boston,,02108,42.3549,-71.0661,5.0,13,1
v2xNVpFZAdKrH-75xzRzWA,Shecky's Girls Night Out,,539 Tremont St,Boston,,02116,42.3444,-71.0713,2.5,51,1
V3AyZNo2_Ul3lcGckbIp_A,LIBERTY MUTUAL INSURANCE,,175 Berkeley St,Boston,,02116,42.35,-71.0719,1.0,8,1
v3oLnhpikzpl-3cW_G_3rQ,33 Arch Street Garage,,33 Arch St,Boston,,02110,42.3561,-71.0582,2.5,6,1
v3tIszLCXj0DHL5GRTDVQw,Bodega,,6 Clearway St,Boston,,02115,42.3455,-71.0866,4.0,194,1
V3XT7zg5uosN98fJbBaPkQ,Oxigen J,,978 Bennington St,Boston,,02128,42.3866,-71.0078,3.5,15,1
v48RCvXVLh2UWAAFYiXI5Q,Pairings,,50 Park Plz,Boston,,02116,42.3509,-71.0703,3.0,37,0
v4Sgf_4mQz2DOCZAXu30Cw,UndergroundHipHop,,234 Huntington Ave,Boston,,02115,42.3432,-71.0837,4.5,20,0
V4XHEqFfYzDqvBIpgcqodw,Sel de la Terre,,774 Boylston St,Boston,,02116,42.3489,-71.0812,3.5,388,0
V5CCZQFpYIeV3etf9sj0_g,Urban Property Management,,421 Harrison Ave,Boston,,02118,42.343,-71.0652,3.0,9,1
V5FXfifQsgp84XFPsWIa9Q,SA PA,,92 Bedford St,Boston,,02111,42.3534,-71.0595,3.0,154,1
v5M1mNsDCQF0vLsRCMD0kQ,Bow Street Flowers,,,Boston,,02131,42.2832,-71.127,4.5,43,0
v5nzRMswFD2xHgfiSihTuA,Casserole Cafe,,417 Washington St,Boston,,02108,42.3559,-71.0605,3.5,8,0
v5oKQ4OxOUny-vGp9osgog,Subway,,904 Huntington Ave,Boston,,02115,42.3319,-71.1118,3.0,17,1
v66q6UM4xERCR76ZFVlUKA,Filene's Basement,,426 Washington St,Boston,,02108,42.3557,-71.059,3.5,5,0
v69WtszrQtdVeEjWEzW9FA,Tamo Salon,,123 South St,Boston,,02111,42.3514,-71.0576,4.5,19,0
V6ehBf1uJoMgA4XoqNHdbw,Mela,,578 Tremont St,Boston,,02118,42.3433,-71.0725,3.5,621,1
v6J_yJF2rvz_71Gpbskxfg,Enterprise Rent-A-Car,,102 Belvidere St,Boston,,02199,42.3464,-71.0829,3.5,60,1
V6japeCwk-4-0c4urfl4NA,The Boston Eagle,,520 Tremont St,Boston,,02116,42.3447,-71.0701,3.0,74,1
v7C8iPrlSgpj_CA2TI7rVQ,cityHUNT,,,Boston,,02203,42.3605,-71.0591,5.0,7,1
V7eaJpIk4o0J8oSaUToKKw,Kung Fu Tea,,1 Brighton Ave,Boston,,02134,42.3529,-71.1253,3.0,39,1
v7PKQzAhTDNMXrFdAmhxLg,Winston Flowers,,569 Boylston St,Boston,,02116,42.3506,-71.0764,4.5,7,0
V7rFmV0ezlKe1c4FKLG7TA,Harrison Cafe,,177 Harrison Ave,Boston,,02111,42.3491,-71.0624,3.5,14,0
V8_e5MRjfexH4WFBqjDWCg,Beantown Pub,,100 Tremont St,Boston,,02108,42.3575,-71.0609,3.0,629,1
v80GC1_1P16uRfnjYZrexA,Foot Locker,,381 Washington St,Boston,,02108,42.3563,-71.0599,3.0,9,0
V8bd6EElHe6WQDPmlgU7TQ,Ak's South Boston,,309 D St,Boston,,02127,42.34,-71.0492,3.5,179,1
V8v0igkJ61XIfCOt2BBttA,Boston Police Department,,40 New Sudbury St,Boston,,02114,42.3618,-71.0603,3.0,11,1
v92qIZUQ61rrqvK0w7UpJQ,Broadside Tavern,,99 Broad St,Boston,,02110,42.3573,-71.0526,3.5,53,1
v95lM5eqV1feLxQakFN5bA,wagamama - prudential,,800 Boylston St,Boston,,02199,42.3476,-71.0817,3.5,616,1
V980eZx4wfRZcsuREmyrOw,Ouimillie,,133 Charles St,Boston,,02114,42.3597,-71.0707,5.0,5,1
V9HOWiuLBIiT8mFmkuAd7g,Loyal Companion,,1030 Washington St,Boston,,02118,42.3455,-71.0649,5.0,8,1
V9JwfAKDxqzZaH8srJsu3g,Joe's Famous Steak & Cheese,,140 Dudley St,Boston,,02119,42.3289,-71.0838,4.0,37,1
V9vCrA9fy6-MvihnfgSyQQ,Lantera at Boston Landing,,125 Guest St,Boston,,02135,42.3563,-71.1429,3.0,8,1
v9ZixMK0DyvpvxQSYVcFOA,Mega Mobile Boston,,278 Washington St,Boston,,02108,42.3575,-71.058,4.0,91,1
vakoM9KkaAI03N6dBBOCMw,Contagious Events,,745 Atlantic Ave,Boston,,02111,42.3503,-71.0571,5.0,5,1
vaMtIVeDn8HKZiLbIbkHYA,T-Mobile,,118 Newbury St,Boston,,02116,42.3511,-71.0761,3.0,25,1
vavTGOHm9DLIHGW8JBAO8Q,The Dog House,,1 Faneuil Hall Marketplace,Boston,,02109,42.3602,-71.0548,3.0,8,0
VBeDleRF1_GqnhG0WoS3zQ,Dunkin',,630 Washington St,Boston,,02111,42.3523,-71.0624,4.0,6,1
vBHMd0FDelLN8Tjk2IXZdA,Red Moon,,1299 River St,Boston,,02136,42.2558,-71.1249,3.5,10,1
vBMvcg6dUEUyc8K19L7Cbg,Salon De Cheveux,,661A E Broadway,Boston,,02127,42.3354,-71.0382,4.5,40,1
vbN-dk4tyBH44sudS8USTg,Boston Animal Hospital,,274 Southampton St,Boston,,02118,42.3315,-71.0636,5.0,45,1
VbOvUSeBCpsw6T6RFFo6lQ,Pho's Asian,,15 Duncan St,Boston,,02122,42.3028,-71.0586,2.0,5,0
vBTyOvOnPLsghTN-5UlizQ,VA’S House Cleaning Services,,,Boston,,02128,42.3486,-71.0469,3.5,8,1
vCaaXCYqpBsxJy2kBR67IA,The Brahmin,,33 Stanhope St,Boston,,02116,42.3484,-71.0732,3.5,401,1
VCBH_ttDHyb2JKA1cIlNcg,BoutiqueMoves,,,Boston,,02135,42.3464,-71.1627,5.0,18,1
vCWWTdBDCbvxEXPysr2vcg,Cosi Sandwich Bar,,53 State St,Boston,,02109,42.3585,-71.0565,2.5,6,0
Vd8A-sEv_FvlDW0tDXB82w,CVS Pharmacy,,900 Commonwealth Avenue,Boston,,02215,42.3506,-71.1162,2.0,16,1
VdB0Fwjiz6HMUXp-5BxwEg,Family Dollar,,1089 Dorchester Ave,Boston,,02125,42.3133,-71.0574,2.5,7,1
vDF1olZLSFlDILCOi_Lx6A,LIT Boutique,,236 Hanover St,Boston,,02113,42.3633,-71.0552,4.0,51,1
VDmV3tPEQqFxzqQJRJazNw,Legal Sea Foods,,255 State St,Boston,,02109,42.3596,-71.051,3.5,1321,1
vdRfeOTpsVqsPNJc92Q5CQ,Il Pesce,,800 Boylston St,Boston,,02199,42.3474,-71.082,3.0,41,0
VDSQSf6GgRk0Q9eZp1q1Gw,Cafe Landwer,,900 Beacon St,Boston,,02215,42.3467,-71.1058,4.0,245,1
VDVacD2cmeI5MGC7hlibrg,111 East,,11 Fan Pier Blvd,Boston,,02210,42.3536,-71.0459,3.5,19,0
VE6YozBOPN_FmJmF2BjXMg,Pier Fish Co,,10 Newmarket Sq,Boston,,02118,42.3301,-71.0649,4.5,8,0
VEavN6PhNhpgL2EuGfuCBw,Bee's Knees Supply Company,,12 Farnsworth St,Boston,,02210,42.3513,-71.0488,3.5,130,0
veedm4LbnD0MxHZLlnO9gQ,G-Star Raw,,348 Newbury St,Boston,,02115,42.3481,-71.0871,4.0,13,0
VeIzXDOH_lajJ77Jx-nyvA,Big Guy's Cafe & Grill,,100 City Hall Plz,Boston,,02108,42.3594,-71.0589,3.5,39,0
VEmNgxY90VOc5HNprOiXlw,Eddie V's Prime Seafood,,122 Belvidere St,Boston,,02199,42.3461,-71.0827,4.0,107,1
ven1OZHKqcVLJ-iiWx5-yw,Aveda Environmental Lifestyle Store,,100 Huntington Ave,Boston,,02116,42.3473,-71.0789,4.5,15,0
ven9FiMFmgeN7Evrvrg4_Q,HelloTech,,,Boston,,02108,42.3584,-71.0598,4.0,61,1
Veq-RpWGNOpTVHWMNUWqRw,Essence,,251 Newbury St,Boston,,02116,42.3497,-71.0828,4.5,6,0
VeVJdpAdCS_H8ENrzDfIjg,Alamo Rent A Car,,1 Congress St,Boston,,02114,42.3626,-71.0592,3.5,39,1
VeWk3Gibm-ng3d86qbtYyA,Starbucks,,443 Boylston St,Boston,,02116,42.3515,-71.073,3.0,73,1
vfgZLKTWsHvc6vk7ERKRWA,Rome Pizza & Grill,,416 Tremont St,Boston,,02116,42.3469,-71.0686,3.0,93,1
VFRPpw6sH4Jq4yIsNpPJjQ,The Lawn On D,,420 D St,Boston,,02210,42.3441,-71.0453,4.0,153,1
VFvCFOYtyK9ae4Skxvf3vA,Saus,,33 Union St,Boston,,02108,42.3611,-71.0571,4.0,1253,1
VfyVZiwuvgDtzC2ynv4IZQ,Simply Aesthetic Specialties,,535 Boylston St,Boston,,02116,42.3506,-71.0755,4.0,9,1
VGGX97WxiQdxxGhh8Y2Y8Q,Central Livery,,11 Porter St,Boston,,02128,42.3747,-71.0387,4.0,5,1
VGRh04Ktj9DTS9MAt7jaxQ,Boston Ghosts,,,Boston,,02108,42.3549,-71.0661,4.5,5,1
VGU8Cy97So-jQCtWLKO6bA,Loretta's Last Call,,1 Lansdowne St,Boston,,02115,42.3473,-71.0945,3.5,245,1
VguTRjVNezFqqBJfHnGdaQ,Kahalas Howard M Atty,,6 Beacon St,Boston,,02108,42.3582,-71.0615,2.5,5,1
VH0Ib9S3E-dxbQdQC4rffg,Mistral,,223 Columbus Ave,Boston,,02116,42.3482,-71.0728,4.0,964,1
vh2mDWbF8fq54A4mokCXMg,Boston University Henry M. Goldman School of Dental Medicine,,635 Albany St,Boston,,02118,42.3363,-71.0704,2.0,55,1
vh6vi4aKQ3OuQEjeahrTOg,Tufts University School of Dental Medicine,,1 Kneeland St,Boston,,02111,42.3509,-71.063,2.5,69,1
vhEW_exzeftpJ9DE8eUBQQ,One Beacon,,1 Beacon St,Boston,,02108,42.3586,-71.0608,2.0,6,1
vHFxPYNzzw-1m3qL4SiZPg,Ten X Club,,1208 B VFW Pkwy,Boston,,02132,42.2793,-71.1712,2.0,31,0
VhJjFqaUXWuW97E8ZrIuMA,Pierrot Bistrot Francais,,272 Cambridge St,Boston,,02114,42.361,-71.068,3.5,92,0
vhmjfWCfcpGvVGZq7hvTcA,Boston Felines and Fidos,,398 Columbus Ave,Boston,,02116,42.3447,-71.0767,4.0,17,0
VhvXjb7g1W6OageiEdrPiw,Van's Fabrics,,14 Beach St,Boston,,02111,42.3516,-71.0621,3.5,8,1
viEMzvs3Nb45P3daxFf7EA,Columbus Dry Cleaners,,465 Columbus Ave,Boston,,02116,42.3437,-71.0782,4.5,61,1
vIggAC497Y8L9apYGRVZOw,Brigham & Women's Hospital - Cafeteria,,75 Francis St,Boston,,02115,42.3361,-71.1068,2.0,14,1
VIHsQBf_T7oR61mi5opW4g,The Original Tremont Tearoom,,333 Washington St,Boston,,02108,42.3573,-71.0612,3.0,210,1
VImbIWfxODVsiRHebSQePw,Samuel Adams Brewery,,30 Germania St,Boston,,02130,42.3145,-71.1031,4.5,1439,1
VimU5cAqfVV-ECLZBicPDw,Big & Little Dog,,,Boston,,02135,42.3464,-71.1627,5.0,7,1
VIRrYNakyif9j5NZWv06SA,Wildflower Pantry,,575 Washington St,Boston,,02135,42.3503,-71.165,4.5,8,0
vITc1UkWLvG9pVdaOxyCnA,Boston Logan International Airport - BOS,,1 Harborside Dr,Boston,,02128,42.3622,-71.0211,3.0,1576,1
vITZRIa7UipkMigkKNvOxQ,Stitch By Stitch,,1 Faneuil Hall Market Pl,Boston,,02109,42.3598,-71.056,2.0,5,1
VIxKkDU3p0GsKIKwpWdMzw,High Tea Event Caterers,,Garden St,Boston,,02134,42.3584,-71.1318,5.0,5,1
vIYJQqQUQK2l9cVd9TCO1A,Victoria's Diner,,1024 Massachusetts Ave,Boston,,02118,42.3271,-71.0668,3.5,450,1
vj2qIKInTAcfsgKTLiMzoA,Elements Caf?,,77 Avenue Louis Pasteur,Boston,,02115,42.3383,-71.1027,3.0,7,1
VJcT_pNKBOJrbDYjlFOjHg,Gentle Dental Boston,,131 Tremont St,Boston,,02111,42.3559,-71.0622,3.0,67,1
vjDVDsHkA1LNNmTg6OO9pw,The Urban Art Bar,,709 E Broadway,Boston,,02127,42.3356,-71.037,4.5,10,0
vJHl0yUUmc9kxez8g9SUew,B.GOOD,,137 Massachusetts Ave,Boston,,02115,42.3469,-71.0877,3.5,147,1
vjkHynkZW83MuMBZsp6qMg,Arbri Cafe,,146 Belgrade Ave,Boston,,02131,42.2862,-71.1368,3.0,12,0
vjNSu1urEvZOmxUOmkMKsA,Beantown Juice and Tea,,32 Kneeland St,Boston,,02111,42.3508,-71.0618,4.0,14,0
VjU5s6LPOksItZRUDT-g0Q,The Bebop,,1116 Boylston St,Boston,,02215,42.3467,-71.0887,4.0,117,1
VJvbz8NCgUkKbRUQstQDug,Bertucci's Italian Restaurant,,1 Blackfan Cir,Boston,,02115,42.3384,-71.1048,3.0,91,1
VK2YCbl_u0smsX2anV767A,Espresso Royale Caffe,,736 Commonwealth Ave,Boston,,02215,42.3498,-71.1071,3.5,160,0
vk9WSfHaXUkkLYe6GezDTw,Goody Glover's,,50 Salem St,Boston,,02113,42.3632,-71.0561,3.5,108,0
vKay2_bInbdS2F4CNipHtQ,Technical,,230 Newbury St,Boston,,02116,42.3498,-71.0814,3.0,6,0
vKc9Kc0TMvEnJodlU_318w,The North Star,,222 Friend St,Boston,,02114,42.3642,-71.061,3.0,80,0
VL8mnAFyXsLP4pIrlO1eCQ,Pan Thai Restaurant,,14A Westland Ave,Boston,,02115,42.3433,-71.0867,3.5,53,0
VllgHIzZR8-hjwHVPsYiBg,Kneeland Cafe,,75 Kneeland St,Boston,,02111,42.3501,-71.0607,4.0,19,1
vlMfzdWYKZux3DT3qL0qZg,European Watch Company,,232 Newbury St,Boston,,02116,42.3497,-71.0815,4.5,131,1
VlmrDpteUn9AFC1ao4KLqA,Hyatt Centric Faneuil Hall,,68 Devonshire St,Boston,,02109,42.3579,-71.0572,4.0,17,1
vlY2EbErFb1ytT7bdppqlg,Unique 8 Hair Place,,17A Hudson St,Boston,,02111,42.3507,-71.0603,3.5,79,1
VmESDmA5ZRL1jlUSCR0vCA,Spa Day,,330 Washington St,Boston,,02108,42.357,-71.0589,3.0,12,0
vMGh-wPVXPAsfFbN23tkew,Freeport Auto Sales,,140 Freeport St,Boston,,02122,42.3047,-71.0561,1.0,7,1
VMgHSvj0abac3sG5T9gwMw,Finagle A Bagel,,277 Cambridge St,Boston,,02114,42.3614,-71.0683,3.0,70,1
vmKoJXSimRhwPnpePBJGXA,Serafina Downtown,,10 High St,Boston,,02110,42.3538,-71.0564,3.5,162,1
vML0vAWVHQEbFrI3_jS2oA,Las Ventas,,700 Harrison Ave,Boston,,02118,42.3384,-71.0707,4.0,73,0
vmNGj5EZkLS0O5-S6FlhRw,Jorgo Salon,,168 Newbury St,Boston,,02116,42.3504,-71.0788,3.0,47,1
VMt6IDJvPFjr4cb3j5rUrA,Pho & I,,267 Huntington Ave,Boston,,02115,42.3421,-71.0861,3.0,322,0
VmTM6BGkDSCxDJvSYdRVAA,Blazing Paddles,,82 Lansdowne St,Boston,,02115,42.347,-71.0985,2.5,30,1
vmToLIb260OTzOqFn30DgA,Chacarero,,426 Washington St,Boston,,02108,42.3556,-71.0598,4.5,63,0
vMwVACaIdu2DxvyeoiQeMQ,Bostonian Market and Cafe,,40 Fay St,Boston,,02118,42.3432,-71.0648,3.5,16,1
vN_tyHV0wPax-4-0Jexk9w,Posto Mobile,,,Boston,,02144,42.3587,-71.0524,4.0,14,1
vn69K7I0fr268ocgH0MXjQ,Hands In Motion,,,Boston,,02116,42.3531,-71.0765,2.5,13,0
VN8qbrVvMCmTLNxEOhV5sg,B.GOOD,,359 Huntington Ave,Boston,,02115,42.3402,-71.0903,3.0,56,1
Vnd_3PqzSMkQZZZhn8tzwA,Elite Photobooth NE,,17 Vinton St,Boston,,02127,42.3797,-71.0317,3.5,6,1
vNkuHpPFsjLfJsLVzU0Iog,C.O. Bigelow,,100 Huntington Ave,Boston,,02116,42.347,-71.0785,4.5,20,0
vNlwe5I5XRhdF4S8NZkz0w,Bonchon Allston,,123 Brighton Ave,Boston,,02134,42.353,-71.1309,3.5,1099,1
VnuD2cojPTWd3nIHQjnL8w,Island Creek Oyster Bar,,500 Commonwealth Ave,Boston,,02215,42.3486,-71.0952,4.5,2734,0
voKUYZNCoT_2Gd1rFUqVhg,Cold Stone Creamery,,957 Commonwealth Ave,Boston,,02215,42.3516,-71.119,2.5,7,0
Vora6Lx_0U2Y9wokG6gE4w,THE T  bus and subway of boston,,,Boston,,02121,42.3065,-71.0825,3.5,19,1
VORWx6jgDlWDMv1eXks7PQ,haley.henry wine bar,,45 Province St,Boston,,02108,42.3573,-71.06,4.5,138,1
vOU6JZoat7fvleg0JooaBQ,Lanzhou Fresh Noodles,,182 Brighton Ave,Boston,,02134,42.3532,-71.1336,4.5,25,1
VOUaJDGZfLgafN-sumYfDA,The Thread & Eyebrows,,476 Commonwealth Ave,Boston,,02215,42.3485,-71.0938,3.5,81,1
vOXE7zlJ3J_d-xN24w1dYg,Roost Bistro,,259 Newbury St,Boston,,02116,42.3495,-71.0832,3.5,134,0
vP9o2tFOiZ_1rIajDgDkfg,Vineyard Vines,,800 Boylston St,Boston,,02199,42.3475,-71.0821,3.0,18,1
vpH2j-zoY0Yh6NJMXOHpHg,Alan Bilzerian,,34 Newbury St,Boston,,02116,42.352,-71.0727,4.5,7,1
VPqKHL1mnT8HkwPhbiFevQ,Starbucks,,125 Summer St,Boston,,02110,42.3533,-71.0577,3.0,44,1
VPsnCsrCbZ8BcbTeJgC5XA,Kit and Ace,,208 Newbury St,Boston,,02116,42.3498,-71.0806,4.0,7,0
Vq6VFZg0b9HKAfrEG2-vEg,Max & Dylans,,15 West St,Boston,,02111,42.3547,-71.0621,3.5,249,0
vQ8ILvp5FKSEoagIo96jDw,Shredded,,246 W Broadway,Boston,,02127,42.3396,-71.0517,2.5,22,0
vq9wUaTg0SZvzKR8Ug2bRQ,Saigon Chicken House,,223 Adams St,Boston,,02122,42.3015,-71.06,3.5,42,1
vqBhuE9xrNaKP9bmbmC-_A,Market,,21 Broad St,Boston,,02109,42.3585,-71.0547,2.0,135,0
vQNe7TD_QDpGtGbkaAqi8Q,Bacco,,107 Salem St,Boston,,02113,42.3642,-71.0555,3.5,346,1
vqP4b6ntaE9mlQo1TG2bdQ,C Fruit Life,,171 Brighton Ave,Boston,,02134,42.3534,-71.133,4.0,172,1
VQPcyWCvAa5v_sS9aJ7oCA,Clover Food Lab,,360 Longwood Ave,Boston,,02215,42.339,-71.108,4.5,112,1
VQWNrPrEp8pKtz9-o0q65Q,Boloco - Boston,,50 Congress St,Boston,,02109,42.358,-71.0564,3.5,90,1
VrBPHme0Du2yicbE5aRc9Q,Soundproof Windows & Treatments,,89 Salem St,Boston,,02113,42.3637,-71.0556,4.0,11,1
vrcQdnewj3flNkggA8UR_g,Aris BBQ,,1 Faneuil Hall Market Pl,Boston,,02109,42.3603,-71.0543,2.0,31,1
vRktepXYHOtcYPxxS1tVYg,UNIQLO,,245 Quincy Market Building,Boston,,02109,42.3601,-71.0552,3.0,49,1
vRKWRg3H_k2iUpei7BE7NA,Bell's Market,,246 Dorchester St,Boston,,02127,42.3324,-71.0514,4.5,26,1
vRlGCME1KCFPQc_hW2AVlA,Fromage Wine Bar and Restaurant,,401 W Broadway,Boston,,02127,42.3371,-71.0484,4.0,99,1
VrlJifUE36-U_OaiipGexA,Seoul Topokki,,166 Harvard Ave,Boston,,02134,42.3515,-71.1314,4.0,106,1
VrNoiwOC8JhX8f3vy4zdng,Government Center Garage,,50 New Sudbury St,Boston,,02114,42.3623,-71.0597,2.0,51,1
vrprxcDskM4scqCQbLC8lw,Luxury Resale Network,,359 Newbury St,Boston,,02115,42.3484,-71.0878,4.5,14,1
VrpVmg_MC4mXLZ_P4-SSVg,Laccrocher,,36 Fairfield St,Boston,,02116,42.35,-71.0821,5.0,12,0
vrsi4DnsDNI6yLHxK37LQQ,Tunnel,,100 Stuart St,Boston,,02116,42.351,-71.0659,3.0,106,1
vS9NpwmIezLHB27uPhIahw,Dunkin',,283 Huntington Ave,Boston,,02115,42.3419,-71.0865,2.0,15,1
VsaDq4QTpwTE_fOoE-l0rw,TennisNortheast,,,Boston,,02458,42.3504,-71.1864,3.5,6,1
vSBfyd4ghB0dEC69rwbc0g,Cafe 1010,,1010 Massachusetts Ave,Boston,,02118,42.3274,-71.0672,3.0,6,1
vSBJGJG59FsdsiKZYttAGQ,Dunkin',,230 Congress St,Boston,,02110,42.3545,-71.0542,3.0,6,1
vSDaI7j5peZnSrefkpCWvg,Brew,,75 Northern Ave,Boston,,02210,42.3524,-71.0453,3.0,14,1
vsEZ7pn2k9ITuAKPCjMlCA,Jose McIntyre's,,160 Milk St,Boston,,02109,42.3586,-71.0527,3.0,115,0
vsOINTerNGrFD8klQgZYIA,Boating in Boston,,100 William T Morrissey Blvd,Boston,,02125,42.3141,-71.0398,4.0,9,1
Vspy5HW0d84BKRTFocP_kw,Dolce,,272 Hanover St,Boston,,02113,42.3638,-71.0547,2.5,265,1
VsQ_45rirusaupKlChfIhQ,The Bittersweet Shoppe on Newbury,,257 Newbury St,Boston,,02116,42.3496,-71.0831,4.5,13,1
vsS0M6qbVFaCFKYZA2Iu2g,Saigon Hut,,305 Meridian St,Boston,,02128,42.3773,-71.039,4.0,170,1
VtBdzCiU00KARva2rqJcbg,Grand Tour,,314 Newbury St,Boston,,02115,42.3486,-71.0853,4.0,25,1
VTGCGDJZ_p2jJvH5xIvB6A,Blackbird Doughnuts,,492 Tremont St,Boston,,02116,42.3455,-71.0694,3.5,515,1
vTJCEmAtBFUwEgXtNoewzw,O & Co,,161 Newbury St,Boston,,02116,42.3509,-71.0787,4.5,25,0
VTKk5-HmVlQFkRIHfZY3lg,Nike Boston,,200 Newbury St,Boston,,02116,42.3501,-71.08,3.0,79,1
VTvZpoW24og2k2t5RRp0Vw,Lir Irish Pub & Restaurant,,903 Boylston St,Boston,,02115,42.3484,-71.0842,3.0,281,0
vULrx--yUPJuLao9-i8bAg,Select Car Rental,,1 Lincoln St,Boston,,02111,42.3527,-71.0584,2.0,5,1
vUpwN_1vmqtKmXlG_UUV7g,Soothe,,,Boston,,02139,42.3648,-71.1033,3.0,8,1
vuyhe76ctBc5XcaDNQL_Vg,Fruitata Organic Juice & Smoothies,,800 Boylston St,Boston,,02199,42.347,-71.0831,4.0,30,0
VVAbbD6r7caiTFtebPgCdw,Cafe Med,,31 St James Ave,Boston,,02116,42.3509,-71.0716,3.5,64,1
vvD0mNYmEreeOVu064FYOg,Rebecca's Cafe,,500 Boylston St,Boston,,02116,42.3504,-71.0743,3.5,46,0
vVF-M6yj3uUljHFZ_WXeiw,Oppa Sushi,,185 Harvard Ave,Boston,,02134,42.3509,-71.1313,4.5,294,1
VvlHtG5OYzsEP6CTHXoLXw,Claire's Boutiques,,1 Milk St Lbby,Boston,,02109,42.3661,-71.0483,3.0,12,0
VVpg_kQ44PFqkvToVf4_XA,Sal's Pizza,,132 Brookline Ave,Boston,,02215,42.3449,-71.1008,3.5,31,0
VvU9BTv-a57FbCPAaA9qzg,Lollicup Spice King,,714 Commonwealth Ave,Boston,,02215,42.3498,-71.1056,3.0,19,0
VvZH0J4WKCGoGNLx___IGQ,Amtrak,,2 S Station,Boston,,02111,42.3329,-71.0608,3.0,137,1
VwcuTadW8apQeNvt0IRfKQ,The Junction,,110 Dorchester St,Boston,,02127,42.3351,-71.046,4.0,83,1
vWIsygygpWBvhqTXQ8Yukg,Ueno Sushi,,1 Faneuil Hall Marketplace,Boston,,02109,42.3602,-71.0548,2.5,33,1
vwmwmi79rcownYSv7DVLWQ,AVA Theater District,,45 Stuart St,Boston,,02116,42.3512,-71.064,3.5,32,1
vwOdaOZ8-vSXaS39tmK4TQ,Fair Auto Body,,45 L St,Boston,,02127,42.337,-71.0357,5.0,6,1
vWotqz1c3ZXfrO5HnBFvZA,Boston Irish Famine Memorial,,Washington Street,Boston,,01841,42.3574,-71.0583,3.0,19,1
vX_ft8yU53XWBN-_MnIVjg,M. Foley Electric,,69 Arborway,Boston,,02130,42.3109,-71.1223,3.5,6,1
Vx-lDvZG3sE70IujzNvFRQ,Stephanie Vegliante Photography,,,Boston,,02116,42.3531,-71.0765,5.0,5,1
vx27H66nIb-F8lvXy_SZdw,AIDS Walk Boston,,75 Amory St,Boston,,02119,42.3207,-71.0998,4.5,8,1
vxb7UICtMblqQGXar7gZIw,Spa Newbury,,249 Newbury St,Boston,,02116,42.3498,-71.0828,2.5,67,0
vxgQwg1viyBpyDDxZ8PauA,Au Bon Pain,,101 Merrimac St,Boston,,02114,42.3638,-71.0616,2.5,16,1
vxihRQq1lzr11W7ReS7bMA,New England Aquarium,,1 Central Wharf,Boston,,02110,42.3591,-71.0496,3.5,914,1
vxkOVmhReRa4XYfAT1hMxA,Villa Francesca,,150 Richmond St,Boston,,02109,42.3634,-71.0545,3.0,372,1
vXMj1Lpenw03qRsEIXG3aA,At Your Door Cleaners,,256 North St,Boston,,02113,42.3637,-71.0524,5.0,70,1
VxoRKAebGksNn5ewTGGxQQ,Elephant & Castle,,161 Devonshire St,Boston,,02110,42.3562,-71.0575,3.0,395,1
vXR1cYMDYxsRk8VLoPrx7g,Mass Ave Tavern,,94 Mass Ave,Boston,,02115,42.3484,-71.0882,3.5,183,0
vxzH_eQyfmjqoRfcfSGWcg,The Massage School,,63 Wareham St,Boston,,02118,42.3391,-71.0675,4.0,46,1
vy-jx5LVTbQDEXb07wC13g,Taste Wine Bar & Kitchen,,101 Summer St,Boston,,02110,42.3536,-71.058,4.5,67,1
vYhVfEIyRyjN4jj-N_7iYg,Grainmaker,,91 Summer St,Boston,,02110,42.3539,-71.0585,4.0,119,1
VyiKFeNVmZoDIA4xGpAbng,ResCo Companies,,556 Tremont St,Boston,,02118,42.3438,-71.0716,5.0,21,1
vylJhdFB1dwa7oUrNWeYsw,Christian Dior,,100 Huntington Ave,Boston,,02116,42.3471,-71.0779,3.0,14,1
VYM2c321AdMmpMI1DCRZIA,Solid Ground Cafe,,742 Huntington Ave,Boston,,02115,42.3337,-71.1055,5.0,56,1
VymfFYKB_d9QoEiLFUTNCA,A Plus Cleaners,,12 Derne St,Boston,,02114,42.3596,-71.0633,3.5,20,1
vyO6nHL9L_ol-OKxOHmllQ,The Secret Garden,,338 Newbury St,Boston,,02115,42.3482,-71.0866,4.5,5,0
vyOd6-TCT5xkJzRh9HnoWg,Bouchee,,159 Newbury St,Boston,,02115,42.3508,-71.0785,3.5,162,0
vYpFMjaosAnaIzyCcJ504Q,Umai,,412 Market St,Boston,,02135,42.3495,-71.1531,4.0,30,0
vYVQTZ0fjlPrpHIRS3aDYA,Starbucks,,185 Dartmouth St,Boston,,02116,42.3485,-71.0763,3.0,57,1
VYwZtU9a90JcVRvwx9QuBg,East Boston Greenway,,Bremen St And Gove St,Boston,,02128,42.3709,-71.0366,4.5,5,1
VyX1wmsCuLhCo7FD8iItqQ,Lucky Rice,,71 Broad St,Boston,,02109,42.3577,-71.0537,3.5,51,1
VYYgfp6ZEs1WXj39-aLEhw,Brighton Landing Cafe,,20 Guest St,Boston,,02135,42.3568,-71.1465,4.0,6,1
VyzssUzCpZTGYPISM0aY6g,True Religion,,119 Newbury St,Boston,,02116,42.3515,-71.0764,4.0,5,0
VZ6kHn6GxI2nhK_jVjMDkQ,Boston Wine Exchange,,181 Devonshire St,Boston,,02110,42.356,-71.0575,4.0,73,1
vz83awC-tqmd-3xfzD8u2g,Beauge's Tailoring Alterations For Men & Women,,15 Court Sq,Boston,,02201,42.3583,-71.0587,4.5,85,1
vZBKIBgHwSv1g2F6xpausg,Maverick Suites,,245 Newbury St,Boston,,02116,42.3497,-71.0826,3.5,12,1
vze1Jri30Al-PLABd3anpg,BloDry Boutique,,94 Van Ness St,Boston,,02215,42.3447,-71.0996,5.0,21,0
VzIm2zByTVNPmKkzYwCgkQ,Flour Bakery + Caf?,,30 Dalton St,Boston,,02115,42.346,-71.0848,4.5,150,1
vZM2oEpaCMb-KqDEDEusHA,My Big Fat Greek Pizza,,10 Walk Hill St,Boston,,02130,42.2959,-71.1158,2.5,23,0
Vzno3BogusjPv6ncDIN4pQ,La Brace,,76 Salem St,Boston,,02228,42.3583,-71.0603,3.5,5,0
VZpHnksES5ghv-uto0YFUQ,Leader Bank - Boston Seaport Innovation,,48 Northern Ave,Boston,,02210,42.3536,-71.0464,5.0,8,1
VZS4pWq_o-GdGsWZ38O8CA,Robert's Hair Styling,,176 Sumner St,Boston,,02128,42.3693,-71.0406,5.0,9,1
VZTL9UKHCkcg-pFRY-twJQ,Steph Stevens Photo,,52 Everett St,Boston,,02134,42.3556,-71.139,5.0,12,1
VZVkZx2Zsq0ES8SfoZO8mw,Papa Wheelies Back Bay,,362 Commonwealth Ave,Boston,,02115,42.3487,-71.0881,3.5,164,1
W_6yByD0b6XgdAW3uSUCew,Lapels Dry Cleaning,,415 D St,Boston,,02210,42.345,-71.0433,3.0,17,1
W_9jOGZVZdi4BLA26CPwCQ,Linh Dry Cleaners & Tailoring,,171 Allston St,Boston,,02134,42.3478,-71.1382,4.5,23,1
w_EBDU-kce_YvGearOLkOA,Betty Ann Food Shop,,565 Bennington St,Boston,,02128,42.3824,-71.0184,4.5,55,0
W_owor215G7qI2x0eIvcHw,in-jean-ius,,85 Northern Ave,Boston,,02210,42.3521,-71.0448,4.5,33,1
w_oWTbuQ4ZM9axUrRvOI5Q,JVS Boston,,75 Federal St,Boston,,02110,42.355,-71.0568,3.0,14,1
W_YBG1lPLB-cehQbwtXKow,Chatime,,333 Huntington Ave,Boston,,02115,42.3408,-71.0884,2.5,74,1
W-5AumcefFM1vHexZjjjMA,Hillside Market,,82 Hillside St,Boston,,02120,42.3304,-71.1029,2.5,9,1
W-bF8Nxz_4TpHcOy9Mfnxg,Brunhilde,,72 Peterbourough St,Boston,,02215,42.3433,-71.098,4.0,27,1
W-QxoNZBAcR9bau90RQUig,Mandarin Oriental Hotel,,776 Boylston St,Boston,,02199,42.3488,-71.0814,4.0,95,1
w-UsMmDbOExH1xyYd-vTxw,Free People,,800 Boylston St,Boston,,02199,42.3485,-71.0825,3.0,24,0
w03iyese2deCmzXSgEfvhQ,Hilton Boston Logan Airport,,1 Hotel Dr,Boston,,02128,42.3675,-71.0229,3.0,263,1
w04IbDp4wypC-RVuQDgUaw,Foodie's Southie,,230 W Broadway,Boston,,02127,42.3398,-71.0519,3.0,42,1
W0KgAgQtek0lHpYYvaGSAw,Hunt's Photo and Video,,514 Commonwealth Ave,Boston,,02215,42.3485,-71.0957,4.5,51,1
W0Lmpe7yIVercq9ouNzrxA,Lower Mills Tavern,,2269 Dorchester Ave,Boston,,02124,42.273,-71.0681,4.0,141,1
w1fSBLz1DCwnkvfKI04OHg,Salon 428 Hair By Kent,,428 Massachusetts Ave,Boston,,02118,42.341,-71.082,5.0,31,1
W1LBnY3-DNNS9w3Vrvdw8w,T's Pub,,973 Commonwealth Ave,Boston,,02215,42.3521,-71.1198,3.0,119,0
w1leaNE4P1CGv6IMKhv3dg,Boston Bricks,,,Boston,,02228,42.357,-71.0605,4.0,6,1
W1tlx4P1v8psmRbDggBhqA,Hertz Rent A Car,,30 Park Plz,Boston,,02116,42.3513,-71.0682,2.5,68,1
W1vGw8KQ4eur_RkRHgmK9Q,SKA Beauty Cafe,,36 Essex St,Boston,,02111,42.3525,-71.0618,4.5,74,1
w2E1R6tzjkYsowhAAROpuQ,T and T Hair Salon,,1199 Dorchester Ave,Boston,,02125,42.3099,-71.058,4.5,26,0
w2F5N4h26hOrz2KoxThomw,Sam LaGrassa's,,44 Province St,Boston,,02108,42.3569,-71.0599,4.5,1023,1
W2mMvtmpTNpkuinaDqpaQQ,Brian Samuels Photography,,,Boston,,02108,42.3584,-71.0598,5.0,13,1
w2uRbCHkWjjHzHnYRsG-EQ,The Lansdowne Pub,,9 Lansdowne St,Boston,,02215,42.3473,-71.0951,3.5,367,1
W2vFw6Qfo8jaszJNRU47gg,Copley Square Farmers Market,,Copley Square,Boston,,02116,42.35,-71.0766,4.5,96,1
W2YNtO5W_ZK6o-1t8uLcYw,Montien Thai Restaurant,,63 Stuart St,Boston,,02116,42.3512,-71.0644,3.5,451,1
W4FMYwfRO5e4UzT8L2BzTA,State Street Pavilion Club,,20 Yawkey Way,Boston,,02215,42.3463,-71.0987,4.0,20,0
w4YpH8crP0nAnyxRTioJCw,Samurai Kuang Eatery,,58 Franklin St,Boston,,02110,42.3557,-71.0583,3.0,95,0
W5YwuMaTXOKX7Tligwkftg,Ankara Cafe,,472 Commonwealth Ave,Boston,,02215,42.3485,-71.0937,3.0,68,0
W62OJx5O8xwno-Dn3EuqJw,JJ Foleys Cafe,,117 E Berkeley St,Boston,,02118,42.3437,-71.0653,4.0,210,1
W6eITpA8ojQC0hcER2CHmA,Upper Crust Pizzeria,,1330 Boylston St,Boston,,02215,42.3439,-71.0991,3.0,46,0
w6iiUvnm03vhLBNBXYlG4A,The UPS Store,,82 Broad St,Boston,,02110,42.3576,-71.0528,2.5,18,0
w6ikRnLVAyNjv_2WJZoY8w,Hong Kong Eatery,,79 Harrison Ave,Boston,,02111,42.351,-71.0616,3.5,581,1
W6nrjSNsDV2BKGGR3j_Dgg,Lanta Asian Cuisine,,38 Batterymarch St,Boston,,02110,42.3576,-71.0539,3.5,67,1
w6x_sIkR8bAMc5yLS2mGPQ,Residence Inn by Marriott Boston Downtown/Seaport,,370 Congress St,Boston,,02210,42.3504,-71.0478,4.5,70,1
w7-bBut74RAyweszjgUJmw,Belle Isle Wine & Spirits,,1144 Saratoga St,Boston,,02128,42.3846,-71.0003,4.0,13,1
w78peTbSOcMR-kAO287PJg,Kelly & Associates Injury Lawyers,,83 Atlantic Ave,Boston,,02110,42.3625,-71.0512,4.5,11,1
W79tCHlFGL9iqDUdPX7EpA,Boston Harbor Islands,,191W Atlantic Ave,Boston,,02110,42.3601,-71.0524,4.5,21,1
W7eKP-2EV_RI-9C8rupCaQ,Ideal Cleaners,,484 Ctr St,Boston,,02130,42.3186,-71.1122,3.5,5,1
W7hYlvITxbwyBCshqPi9Yw,Three Clover Pizza Restaurant,,401 W Broadway,Boston,,02127,42.3371,-71.0483,3.0,12,0
W7j2X-I79nepZB36QB94xw,Libertine,,125 Salem St,Boston,,02113,42.3647,-71.0554,4.0,19,1
w7JR1y-TCXmWdFKDLW83eQ,Harry's Cheese and Cold Cuts,,98 Blackstone St,Boston,,02109,42.3615,-71.0564,5.0,57,1
w7pRtiU7DkOKMpHrgFZ8Xg,Whaling in Oklahoma,,647 Tremont St,Boston,,02118,42.3422,-71.0754,4.0,106,0
W81xwLuFmKBy0qUDsAGhXQ,Jump On In Boston,,100 Holton St,Boston,,02135,42.3598,-71.1382,3.5,31,1
W8ILNm0q3qizxY0TudIlMQ,Waterside Place by Bozzuto,,505 Congress St,Boston,,02210,42.348,-71.0409,3.5,12,0
w8kq4-LL9hTmxWDj8P5RrQ,Ralph Lauren,,93-95 Newbury St,Boston,,02116,42.3518,-71.0751,3.5,14,1
w9XPUGYLA0-Sa2kk3XWlJQ,Boston Sports Clubs,,1 Bulfinch Pl,Boston,,02114,42.3616,-71.0609,3.0,75,1
WABazCV9z7Wx_hmwdeHTlw,Bostonian Barber Shop,,92 Van Ness St,Boston,,02215,42.3448,-71.0997,4.0,42,1
Wak3Lcbby6DfVfPThU8urQ,Tri-Js House of Barbering and Hair Styling,,261 Adams St,Boston,,02122,42.3002,-71.0592,5.0,6,1
waOC8XHN3fripEZyFvLbhw,The Wild Rover,,61-63 Chatham St,Boston,,02109,42.3596,-71.054,3.0,102,1
WARxNvIfC_9UdyCCPm4ILA,Another Cup,,1 Nassau St,Boston,,02111,42.3486,-71.0629,4.0,25,0
WB0lbSTum4OQe5m-zs38jA,Aesop,,172 Newbury St,Boston,,02116,42.3503,-71.0789,5.0,23,1
wbAZdU6EJficiFwJDXG8Eg,Monro Muffler Brake & Service,,966 Commonwealth Avenue,Boston,,02215,42.3514,-71.1193,3.0,17,0
WBFi8tbbDBMlKoeJxWYbZg,McDonald's,,2 S Station,Boston,,02110,42.3517,-71.0556,2.0,21,1
WbO3oiQeNp88cEmJN8pR2g,Boston Off-Campus Apartments,,70 Westland Ave,Boston,,02115,42.3437,-71.0891,3.5,6,1
WcAbBj2npAZ1UXQ3XtxoGg,200 Stuart Street Garage,,200 Stuart St,Boston,,02116,42.3504,-71.0675,2.0,8,1
WcEzpy7HjLogxCqnWvoQsg,Virgilio Laundromat,,172 Salem St,Boston,,02113,42.3663,-71.055,2.5,15,0
wCrGO2GJy4MBJDsjg3I5Uw,Simmons Liquor,,210 Cambridge St,Boston,,02114,42.3609,-71.0661,4.0,10,1
WCRR0juxR_bqDmwzrLy3ZA,Rescue,,297 Newbury St,Boston,,02115,42.3491,-71.0852,3.5,48,0
WCtYlaTgPqmOnwtlQIBw1Q,Newbury Street,,10 Newbury St,Boston,,02228,42.3492,-71.0842,4.0,92,1
wCwvxP3N1rFjcmcVLgF6NA,Aroa Fine Chocolate,,1651 Washington St,Boston,,02118,42.3379,-71.0754,3.5,46,0
wD5F7rBIk86-yqNGuOl0OQ,Long Wave Hair Salon,,77A Tyler St,Boston,,02111,42.3492,-71.0616,3.5,5,1
WD7pG7IRy_BNfByvN414HA,Boston Beer Garden,,734 E Broadway,Boston,,02127,42.3356,-71.0359,2.5,115,0
wdBrDCbZopowEkIEXwR62A,Beacon Hill Shoe Instant Repair,,126 Bowdoin St,Boston,,02108,42.3588,-71.0628,4.5,51,1
WdF25OrOJSDfsYhckOvBug,Super Shine Auto Wash,,39 Old Colony Ave,Boston,,02127,42.3365,-71.0566,2.5,10,0
WDGeeyeK7bG0cvq_ZglAdA,Pearl Villa Seafood Restaurant,,25-27 Tyler St,Boston,,02111,42.3507,-71.061,3.5,37,0
wdKi_CGVXIgdah5kaUsZKA,Mother Anna's Restaurant,,211 Hanover St,Boston,,02113,42.3627,-71.0553,3.0,356,1
WdKXKOjv9sSM7sU_qT7KKQ,Wollastons,,369 Huntington Ave,Boston,,02115,42.3404,-71.0906,3.0,13,1
WdNEuRv-zjqr15C2vHeVwQ,Godiva Chocolatier,,23 Copley Pl,Boston,,02116,42.3172,-71.0999,3.5,13,0
WDP7TtvorF9rQTuENgiVnA,SuperShuttle Boston,,,Boston,,02201,42.3582,-71.0585,3.5,20,0
WDpPZYEZhf7LLv3PyTeb4Q,Gather,,75 Northern Ave,Boston,,02210,42.3524,-71.0452,3.5,390,1
we_5XICxAxrkx4RPdJQsIg,The Atrium Cafe,,1 Financial Ctr,Boston,,02111,42.3523,-71.0563,3.5,7,1
wE3tq0E9it1BNk0pb_SHlQ,Embassy Suites by Hilton Boston at Logan Airport,,207 Porter St,Boston,,02128,42.3704,-71.0316,3.0,150,1
we3wNCIC45Bsp3Y6AY2gcQ,The Crossing,,1592 Tremont St,Boston,,02120,42.3335,-71.1028,3.5,38,0
wecemR8v-VTGFF9m5ddrdQ,T Sushi Wraps & Noodles,,350 Longwood Ave,Boston,,02115,42.3388,-71.1072,3.5,21,1
weepe_8tM9snF3D94639_A,BBE & TCC - Boston Balloon Events & The Confetti Company,,,Boston,,02210,42.3517,-71.0409,5.0,11,1
WEFfvTi1t2POQ9vwq4BgeA,The Gap,,201 Newbury St,Boston,,02116,42.3504,-71.0805,2.5,5,0
WESPiF4WcuAYb_r6N4SqgQ,Citizen Public House & Oyster Bar,,1310 Boylston St,Boston,,02215,42.3442,-71.098,3.5,644,1
wetC20lL21yQeBKicut2Tg,Cabana Grill,,254 Bennington St,Boston,,02128,42.3784,-71.0292,4.0,20,1
WeyYy5JQ6osPPQqHsjzPJA,Bennigan's,,191 Stuart St,Boston,,02116,42.3512,-71.0667,2.5,16,0
WF4uLf1GR9rDiubrdRnzFw,Fenway Park,,4 Jersey St,Boston,,02115,42.3466,-71.0988,4.5,1308,1
wFPgG9uXuEMNaMGXM6lEIA,La Motta's,,1357 Washington St,Boston,,02118,42.3416,-71.0693,4.0,140,0
wFSkfP9aE_F99p-K00JA4w,Time Out Market - Boston,,401 Park Dr,Boston,,02215,42.3448,-71.1023,3.0,282,1
wFSMyEIIwWOvW7TgC1fVBg,Au Bon Pain,,100 Huntington Ave,Boston,,02115,42.3478,-71.0769,3.0,24,1
WfUmHYpCb60qrc-U2xQ-vA,Nhu Lan Fast Foods,,1155 Dorchester Ave,Boston,,02125,42.3113,-71.0581,2.0,19,1
Wg_N4Qh0x8YMj27avQYr1Q,James P Kelleher Rose Garden,,73 Park Dr,Boston,,02215,42.3419,-71.0949,5.0,12,1
WGqocG3zwHIsNb_dFNTF8A,Charles River Bike Paths,,Storrow And Memorial Dr,Boston,,02228,42.3603,-71.0726,4.5,78,1
WGquZdbhLV4MSycJmbPQrQ,Post Office Square - Harvard Vanguard,,147 Milk St,Boston,,02109,42.3572,-71.0542,3.0,47,1
wGrWVmugMwm-H_kfCj_iHA,I Do Wedding Dresses and Photography,,283A Tremont St,Boston,,02116,42.3498,-71.0655,4.5,48,1
wgUuDHPC6teRRXWR42ZXPQ,Starbucks,,Boston Logan Term E Food Ct,Boston,,02128,42.3701,-71.0197,1.5,18,1
WGvCSKWARb8UBW1Y2BlaFA,Pandora Jewelery,,800 Boylston St,Boston,,02199,42.3471,-71.0825,3.5,23,1
WH1dcXsqjGnq8Xdo5Ld58w,You Move Me Boston,,4 Bunker Hill Industrial Park,Boston,,02129,42.3362,-71.1037,4.0,11,0
WHaF5bpgI43l9kkSybUKvw,Pinkberry,,700 Atlantic Ave,Boston,,02110,42.3519,-71.0551,3.5,30,0
whoEbHFXmA3gi3kTbzv1RA,The Art of Shaving,,139B Newbury St,Boston,,02116,42.3512,-71.0772,4.0,36,0
WHVikHfIjXpnMcWKdCEn7A,Marian Manor Nursing Home,,130 Dorchester St,Boston,,02127,42.334,-71.0472,3.5,5,1
WHxASy4z9_nsZ_NRjDakqA,Hemenway Variety,,95 Westland Ave,Boston,,02115,42.3441,-71.0898,2.5,7,1
WI-04gXZls3TM8rTAhMW_g,The Playwright,,658 E Broadway,Boston,,02127,42.3358,-71.038,2.5,26,1
WId4Si4mAOxgx04fIKOQBg,Betsey Johnson Clothing,,201 Newbury St,Boston,,02116,42.3504,-71.0805,4.5,19,0
wIgajv_TM01N9bcKvVK7lg,Stitch Boutique,,231 Berkeley St,Boston,,02116,42.3516,-71.0731,4.5,12,1
wiIFGr5gYRG1hPHNVduUeQ,Hibernian Hall,,184 Dudley St,Boston,,02119,42.3286,-71.0821,4.0,5,1
wilEKIAo_kXRSgPSm69znQ,Roffi Salon & Day Spa,,134 Newbury St,Boston,,02116,42.3509,-71.0768,4.5,92,1
WiLN-i3dPB3-edZNw0a3xw,Peet's Coffee & Tea,,176 Federal St,Boston,,02110,42.3536,-71.0558,4.0,17,0
WjB7eXS2aPPIWq8uUh8l0A,Italian 7,,347 Hanover St,Boston,,02113,42.3645,-71.0535,4.0,5,0
wjFWMUEo-Azw3TYsDIUpbQ,Tavitas,,1 S Station,Boston,,02110,42.3522,-71.055,3.0,83,1
WjIfeeo9pWkvLPf4Lco_PA,Rock'N Fitness,,1 Washington Mall,Boston,,02108,42.3549,-71.0661,2.5,25,0
wJkXbp0ybMfPVYoWNPvT3g,Flat Iron Tapas Bar,,107 Merrimac St,Boston,,02114,42.3639,-71.0626,2.5,44,0
WjnPQa6DYwnOLWA1X3EISg,Mehak,,329 Sumner St,Boston,,02128,42.3671,-71.0361,3.5,220,1
wjRX5c9Dbi2xPO4AAq3EGA,Fruity,,77 Harvard Ave,Boston,,02134,42.3536,-71.1324,4.5,31,1
Wk-834X4sh8MCzrGh3hzMw,Alpha Locksmith & Doors,,,Boston,,02135,42.3464,-71.1627,4.5,42,1
WkeFd4vxULcytZouED58Bw,Citra Fresh Cafe,,221 Longwood Ave,Boston,,02115,42.337,-71.1028,4.0,5,1
WkRqBvLRcuvDlRlSufF4kQ,Cosi,,1 Harborside Dr,Boston,,02128,42.368,-71.0221,2.5,32,0
WkSjHqmkSIM5yni-OIMZqA,Taste Cafe and Wine Bar,,465 Huntington Ave,Boston,,02115,42.3394,-71.094,2.0,12,1
wKXITlygKj6_z43VikVIHg,Domino's Pizza,,1144 Saratoga St,Boston,,02128,42.3846,-71.0003,2.0,35,1
wKYuc3b1EoyuzEUmbIFgGA,Debu Salon and Spa,,184 South St,Boston,,02111,42.3502,-71.0574,4.5,31,0
wL2bLGtwhEFaBk1nw4hfRg,Burger King,,1 HARBORSIDE DR,Boston,,02128,42.366,-71.0165,4.0,12,1
wLBQ4FvKpPbR9X7g-UOEgA,YogaHub,,,Boston,,02115,42.3399,-71.0899,5.0,5,1
wLkjX3o7ugbS5auK6Tthtw,Subway,,981 Tremont St,Boston,,02116,42.3373,-71.0844,2.5,5,1
wlm_qPAigcOH08HdqE9d8w,Residence Inn by Marriott Boston Harbor on Tudor Wharf,,34-44 Charles River Ave,Boston,,02129,42.3705,-71.0604,3.5,74,1
wlMenkOLBMae7bGaRp_tAg,Algonquin Club of Boston,,217 Commonwealth Ave,Boston,,02116,42.3513,-71.0819,3.5,6,0
wlnwI4pmouxwGYLlXao5pg,The Fish & Bone,,217 Newbury St,Boston,,02116,42.3501,-71.0814,4.0,90,1
wLpF_Qxw4d48-KR2ltTD_A,Staff Meal,,,Boston,,02118,42.3378,-71.0706,4.0,46,0
Wlpf-UMCZSmxm5mzPTOf2w,Star Market,,53 Huntington Ave,Boston,,02199,42.3481,-71.079,3.0,79,1
Wlx3AY_17IE-NeFcMF29lg,Mantra Dhevi Spa - Thai Massage in Boston,,8 Academy Hill Rd,Boston,,02135,42.3487,-71.1525,4.5,13,1
wM01rEJZgAeOJKNNuTZ-LA,Farragut House,,149 P St,Boston,,02127,42.3331,-71.0273,4.0,36,0
Wm1_pqHQ1QEatvvnMVeq9w,Aritzia,,800 Boylston St,Boston,,02199,42.3483,-71.0825,3.5,22,1
wmAbTvFFoo5X5XHQaG7DXw,Aceituna Grill,,57 Boston Wharf Rd,Boston,,02210,42.3513,-71.0456,4.0,128,1
WMCNEchYHsGmPLUtyRiUOA,McDonald's,,340 Longwood Ave,Boston,,02115,42.3387,-71.1071,3.0,12,1
wMRrk6HNeZAUN596aeXtjw,Kayuga,,1030 Commonwealth Ave,Boston,,02215,42.3515,-71.1221,3.5,201,1
WmzlwxKab9TsscDcuxZ8EA,North End Dental Associates,,215 Hanover St,Boston,,02113,42.3627,-71.0552,3.5,17,1
WN-NUazJwEfsFFhhJnDimA,The Berry Twist,,200 Faneuil Hall Market Pl,Boston,,02109,42.3602,-71.0551,2.5,17,1
WNfrGxDZKCrISeiS0N5ovg,Roche Bobois,,2 Avery St,Boston,,02111,42.3528,-71.0631,3.5,10,1
WNoim6OSJUoazzuRqUi83g,Boston Notary Service,,,Boston,,02118,42.3378,-71.0706,5.0,9,1
WnsbZd2kqCzjEG6KSAfhfw,Subway,,1438 Commonwealth Ave,Boston,,02135,42.3482,-71.1403,4.5,7,0
wNvL4GDRfKRv9RzBCvIOXw,Carly Michelle Photography,,400 Stuart St,Boston,,02116,42.349,-71.0738,4.5,6,1
wO-BvmcuuHvk55JwbhEgRg,Espresso Yourself,,767 Centre St,Boston,,02130,42.3102,-71.1154,4.0,76,1
wo0dUYnnb12GHpBW7GLorw,Marino Center,,360 Huntington Ave,Boston,,02115,42.3403,-71.0903,3.5,23,1
WO10z5s4b6bg8G97emPn7A,CVS Pharmacy,,231 Massachusetts Avenue,Boston,,02115,42.3442,-71.0869,2.5,35,1
WO46zAuH2WBsWuavehqZnA,Entry Only New England,,225 Franklin St,Boston,,02110,42.356,-71.054,4.5,17,1
wO4vp9arPNjPvP7WTyQIRQ,Wolfgang Puck Express,,300 Terminal C,Boston,,02128,42.366,-71.0151,2.5,127,1
woa4nUu_PkW0NHveIRNijg,Mills Fingerprint Service,,50 Congress St,Boston,,02109,42.358,-71.0561,4.0,16,1
Wof1Bxqfb6VxS0a5wmMpdg,The Salon at 10 Newbury,,10 Newbury St,Boston,,02116,42.3522,-71.072,4.5,140,1
WoI1IisL_AgmWdiJLRb-Zw,Democracy Brewing,,35 Temple Pl,Boston,,02111,42.3551,-71.0621,4.0,216,1
woO-2zGnyCEGOFjA-fuNdQ,La Fogata,,226 Sumner St,Boston,,02128,42.3687,-71.039,4.0,7,0
wOsTAvCIVjB-fPQBJepMQg,Clay Pot Cafe,,74 Kneeland St,Boston,,02111,42.3505,-71.0605,4.0,337,1
wotrKQQWGLPEScBW9Sp1JA,Pizza Stop,,851 Harrison Ave,Boston,,02118,42.3348,-71.0757,3.5,61,1
wOuGvrwmimqqsGsDISwBuw,Mod Espresso,,485 Harrison Ave,Boston,,02118,42.342,-71.0665,4.5,7,1
wp34lnXWUCk-FlezKNfvzQ,Tora Ramen,,99 Harrison Ave,Boston,,02111,42.3508,-71.0618,4.5,35,1
WpcixPQu14xb9LJMT3OaUA,Berkeley Cafe,,200 Berkeley St,Boston,,02116,42.3499,-71.0728,3.0,5,1
WPM14_3RFwmjy6EB6r4l-Q,Equinox Seaport,,27 Northern Ave,Boston,,02210,42.3533,-71.0474,3.5,12,1
wPpUtZ4raxXBFVNBNLddmA,Aria,,246 Tremont St,Boston,,02116,42.3508,-71.0648,2.5,9,0
wQ6ymrYyzZHve2FGOcoVGw,Eagle Hill Cafe,,65 Meridian St,Boston,,02128,42.3719,-71.0389,5.0,12,1
WqDoE-7NgveZxOeqo7kH0Q,Adams Street Motors,,326 Adams St,Boston,,02122,42.2985,-71.0567,2.0,13,1
wqmH2vT05Bzd5Me3yQPNwg,Rowes Wharf,,30 Rowes Wharf,Boston,,02110,42.3569,-71.0503,2.0,18,1
wqqAuwy8zPhIm_aoY5av8Q,Love Notes by June,,,Boston,,02108,42.3549,-71.0661,5.0,52,1
WqTL3i1EZjXI2CGvXLJjJg,Armani Exchange,,100 Huntington Ave,Boston,,02116,42.3471,-71.0774,2.5,6,1
WQtLtE9GfCsRBPvJGuI_AA,Buyers Brokers Only,,,Boston,,02108,42.3549,-71.0661,5.0,130,1
WqwJZaa7l1joH8yZUGyyNg,Amorino Gelato,,249 Newbury St,Boston,,02116,42.3498,-71.0828,4.0,451,1
wR3upWsTo-zE8SExIe_SPg,Bayview Liquor,,108 Dorchester St,Boston,,02127,42.3352,-71.0459,3.5,10,1
WR6RXp1I9QmO7-21lsqD8g,South End Buttery,,314 Shawmut Ave,Boston,,02118,42.3421,-71.0704,3.5,884,1
WRmZwUKgJCSeXQftuRm_6Q,The Halal Guys,,137 Stuart St,Boston,,02116,42.3512,-71.0661,3.5,234,1
wRXWbvL3ek5Jpksl9pcqYw,Susan's Maid Service,,,Boston,,02114,42.3653,-71.0646,3.0,5,1
wRxXjxIlACdSCnuiNQ7vhA,Ali Baba,,99 Cambridge St,Boston,,02129,42.3825,-71.0792,5.0,6,1
ws0jpYdJcQHYQlRhFUv3cA,Louis Barry Florist,,1 International Pl,Boston,,02110,42.356,-71.0521,3.5,11,1
Ws7HrbVB1iTSmLSMfC4DGA,Designs by Rey,,3161 Washington St,Boston,,02119,42.3136,-71.1006,4.5,10,1
Ws7XDM3BPmFY1a1ijawvvA,Daddy's Bonetown Burgers,,,Boston,,02116,42.3531,-71.0765,4.0,59,1
WsCckFvKgxmnwgfsA217Gg,Exchange Conference Center,,212 Northern Ave,Boston,,02210,42.3519,-71.0373,4.5,16,1
wSMLL8kmKpTZhri27192kQ,B.GOOD,,360 Longwood Ave,Boston,,02215,42.339,-71.1078,3.5,128,1
WSOXcGK9yFI3piYH-VXjgQ,Fabulous Frocks,,10 Huntington Ave,Boston,,02116,42.3487,-71.0773,5.0,6,0
wt5oSIi1OPe_8T9kmW1suA,Great Barbecue,,15 Hudson St,Boston,,02111,42.3507,-71.0602,3.5,7,1
WTJIki7iF4I0GY1CN-jD1Q,MBTA - Downtown Crossing Station,,450 Washington St,Boston,,02111,42.3555,-71.0605,2.5,14,1
wtMZM_npLLkiEO2cKDZVEw,Reggie Lewis Center,,1350 Tremont St,Boston,,02120,42.3317,-71.0933,4.0,11,1
wTTPeKyKPh4SpcEwVZXqdA,Empire Cleaning Boston,,,Boston,,02128,42.3695,-71.0201,5.0,5,1
wTvKx5KRly8PRLDq3M0R1g,Groove Authority,,,Boston,,02115,42.3399,-71.0899,5.0,12,1
wtZQQPtkBKuhLNFzZPta_A,Sovereign Bank,,100 Oliver St,Boston,,02110,42.356,-71.0528,2.0,9,0
WU_rg6YU3yXHQIncmsqQeg,Bush Boston Cleaners,,219 Newbury St,Boston,,02116,42.3501,-71.0814,3.0,69,1
WUnjFhMdjOXeezy5zMR1uQ,Rite Aid,,1295 Boylston St,Boston,,02215,42.3449,-71.0966,4.0,7,0
WuoNSCjFBH4OQTSNGc4l6w,Toscana European Day Spa & Salon,,231 Newbury St,Boston,,02116,42.35,-71.0819,4.0,138,1
wUVCoA4vZbZrnDYg1wsQvQ,WooCana CBD Oil,,,Boston,,02108,42.3549,-71.0661,1.0,5,0
WUW2q1wJ15SlYW2TojBrfA,Pavement Coffeehouse,,1334 Boylston St,Boston,,02215,42.3442,-71.0985,4.0,141,1
wV1jn1hRVkKClxstWDXAyQ,Tatte Bakery & Cafe,,1352 Boylston St,Boston,,02215,42.3438,-71.0995,4.0,137,1
WV9IMkt6Qo31twL7TCC-7A,Project Trust,,721 Massachusetts Ave,Boston,,02118,42.3344,-71.0749,4.0,5,1
wVFszd795W0NGwYP8c_Quw,Concord Coach Lines,,1 Harborside Dr,Boston,,02128,42.3726,-71.0194,3.5,6,1
wVHoVfbaIPvlP1sCzOuaZg,La Galleria 33,,125 Salem St,Boston,,02113,42.3647,-71.0554,3.5,326,0
wVqFSt2qWdUdqWcb8L2Zjg,Suffolk Jewelers & Pawn Brokers,,1888 Washington St,Boston,,02118,42.3346,-71.0788,3.5,13,1
wVsR81QfmdtoQMgwN8e66w,Symposium Books,,526 Commonwealth Ave,Boston,,02215,42.3488,-71.096,4.5,12,0
wVyXAZTFdQ5v5WJidisA0w,Peter Welch's Gym,,371 Dorchester Ave,Boston,,02127,42.3353,-71.0579,5.0,48,1
wWbcCDmNrLROhufh2dZ8-w,Au Bon Pain,,1 Harborside Dr,Boston,,02128,42.3672,-71.0157,2.5,41,0
WwNticOnmmkHrMRyAGR4rw,Saigon Fusion,,201 Massachusetts Ave,Boston,,02115,42.3451,-71.087,4.5,19,1
Wx_H9JV4ZgAfQJVnRNMv9A,Ann Taylor,,18 Newbury St,Boston,,02116,42.3521,-71.0721,3.5,7,0
WX2p3rBcPhp3wZGILYZvhA,Street & Company,,78 Charles St,Boston,,02114,42.3581,-71.0707,2.5,5,1
WX5HDdUTwYWhu6XDtawDhw,Hulun Beir,,326 Cambridge St,Boston,,02114,42.3609,-71.0692,3.0,159,1
wXastZnqB8UOsC3FH2YnPw,Ryan Center for Sports Medicine,,915 Commonwealth Ave,Boston,,02215,42.3518,-71.1166,4.0,5,1
wXcHlsfGg2wH4Ty3nbOpTw,brookside walk + train,,3385 Washington St,Boston,,02130,42.3087,-71.1057,4.5,13,1
wxe0Hxxhv4FQtI8EvrgReA,Monument Restaurant & Tavern,,251 Main St,Boston,,02129,42.3769,-71.066,4.5,202,1
WXkz64YjlKFsYBJ82UsfMA,Topdrawer,,273 Newbury St,Boston,,02116,42.3495,-71.0837,4.5,7,1
WxlsLu6sPDpnbgxi7lPoGA,Dollar Tree,,1041 Commonwealth Ave,Boston,,02215,42.3523,-71.1222,3.5,9,1
WxtajP0E2_jm70Yne5RvKQ,Hotel Indigo Boston Garden,,280 Friend St,Boston,,02114,42.3648,-71.0616,3.0,17,1
WxtS3t1lnnqiBIaYyIdDvg,MGH Canteen,,55 Fruit St,Boston,,02114,42.3632,-71.0688,4.0,7,1
wxwqSiB36CtNqU-2BzTGVA,South End Yoga,,111 W Concord St,Boston,,02118,42.3392,-71.0764,4.5,15,0
wy083KJ6Y_I6RlPYnja1ug,Game On,,,Boston,,02128,42.3622,-71.0249,2.5,7,1
WYFrfnGSGHsVw0FgeM_fjA,Concentra Health Services,,One Harborside Dr,Boston,,02128,42.363,-71.0258,1.5,6,1
WyIlsqabCuCOXaeDdz0hTA,Clevergreen Professional Dry Cleaners,,109 Charles St,Boston,,02114,42.3593,-71.0705,2.5,41,0
wyVxeIuawWPeXKbhgqK8ag,Clover Food Lab,,27 School St,Boston,,02108,42.3577,-71.0592,4.0,206,1
WZ_lXrFj1zYv4L5XkzUgcQ,Walsh's Towing,,255 Southampton St,Boston,,02118,42.3306,-71.0644,2.5,15,1
wZ0z-b_YZqjlfzg7g7ux7Q,Exit Realty Associates,,1028 Commonwealth Ave,Boston,,02215,42.3516,-71.122,2.0,28,0
WZPTZlzXYnD-B_nRMtMKEw,Currency Exchange International,,100 Huntington Ave,Boston,,02116,42.3472,-71.0777,4.0,23,1
wzvsLz9QTZ9hrcIXlz7ygQ,Herb Chambers Toyota of Boston,,32 Brighton Ave,Boston,,02134,42.3521,-71.1264,2.5,228,1
wZYwI0gvk88NT6Y5az0EdQ,Ozone,,1 Harborside Dr,Boston,,02128,42.3619,-71.0192,2.0,43,1
wZziy-74roiIDkdj9qEF7Q,Peak Life LLC,,631 Washington St,Boston,,02108,42.3526,-71.063,1.0,6,1
X_sUsews0lTFASTgDIuX7Q,Silky Way,,33 Harrison Ave,Boston,,02111,42.3517,-71.0618,2.5,7,1
X-F51TOTqjzpA6DiYsQHpw,Your Next Jump,,,Boston,,02117,42.3483,-71.0734,5.0,10,1
X-IbD5y3qUEHYeKEQJTnEA,All-Brite Laundramat,,,Boston,,02134,42.3477,-71.1366,3.5,6,1
x-j2a6mPSNrv5qNMft-9oQ,Greater Metropolitan Real Estate,,433 Hanover St,Boston,,02113,42.3659,-71.0527,3.0,15,1
X03WlsG6FU-BUvedtfgu-A,Lotus Designs Florist,,977 Tremont St,Boston,,02120,42.3375,-71.0843,5.0,92,1
X05LWeDT93dhQkDyCG8IeA,Sixth Gear - Cask & Kitchen,,81 L St,Boston,,02127,42.3346,-71.0356,3.5,112,1
x07Pzhe5zKXMY29kSkxpgw,Endurance Pilates and Yoga Studio,,1636 Washington St,Boston,,02118,42.3378,-71.0746,4.5,21,1
x0HzYOyP54jUj7lOaSwKtw,Saray Restaurant,,1098 Commonwealth Ave,Boston,,02215,42.3523,-71.1241,3.0,148,0
X0mY5Pf7Fj_kfWmwDEqwdQ,4th Wall Restaurant & Bar,,228 Tremont St,Boston,,02116,42.3513,-71.0646,4.0,91,1
x0TvQ0iYe_s3STqYHexiBw,Prem La,,209 Newbury St,Boston,,02116,42.3502,-71.081,3.0,8,0
x0tx2fslGP0HlrKvY6XUKw,Gold Dust Orphans,,254 Boylston St,Boston,,02116,42.3519,-71.0694,3.5,11,0
X1b-1cPHSNXDMZrawMnYdA,Lucky Star Bus,,700 Atlantic Ave,Boston,,02111,42.352,-71.0552,3.0,129,1
X1qssn-paNYHiyjSxZ-VFg,wagamama - faneuil hall,,1 S Market St,Boston,,02109,42.3602,-71.0541,3.5,707,1
x1RY1aPN9I_fWGyFRZQd9g,Basho Japanese Brasserie,,1338 Boylston St,Boston,,02215,42.3442,-71.0985,3.5,527,1
x1v7kL6K7ZUJfImvwUgVTQ,Stuart Glass Inc,,27 Dixwell St,Boston,,02119,42.3143,-71.0981,3.0,16,1
X2_qkH7ifC536wqk7JHwjQ,Credo,,177 Newbury St,Boston,,02116,42.3507,-71.0794,4.5,14,1
X2AVy_li3YZ7jgqbHDeKwQ,South Boston,,,Boston,,02127,42.3355,-71.0456,3.5,6,1
x2PJnbGMY8S0eBKbETM8wQ,J.P. Licks - Newbury St,,173 Newbury St,Boston,,02116,42.3507,-71.0792,4.0,18,1
X2vM6RTSkM5E08dSwgdqTQ,Boston's Politically Incorrect North End Food Tour,,,Boston,,02113,42.3654,-71.055,4.5,53,1
x3bGNPw6ojZXtxJtpbV1MA,Fort Independence Park,,2010 William J Day Blvd,Boston,,02127,42.3385,-71.0118,4.5,46,1
x3jQMc1DXih3edqhCANhHg,Budget Car Rental,,,Boston,,02128,42.3695,-71.0201,1.5,18,1
x3qxMtJq-X6SM3FEG2-rOQ,College Pizza,,50 Queensberry St,Boston,,02215,42.3425,-71.0973,3.0,173,0
X3Y89eEiMzaIhu8AvQM6JQ,Leeba Salon,,75 Summer St,Boston,,02110,42.354,-71.0589,3.5,135,1
x4cY-mFtH1rwYBLeeHx4UA,Whaddya Need?,,148 Salem St,Boston,,02113,42.3656,-71.0554,3.0,11,0
X4eb8kkxIM5tYZ3bQLqsYQ,Lilly's Gourmet Pasta,,52 Queensberry St,Boston,,02215,42.3426,-71.0973,4.0,19,0
X4eoTmEHniaqAYHVtMuEGg,Bank of America,,100 Federal St,Boston,,02110,42.355,-71.056,2.0,5,1
x4T3elqevlQGKAcn0-yGWA,Union Square Donuts,,100 Hanover St,Boston,,02108,42.3621,-71.057,4.0,124,1
X55mKNABzgiNa68X2UcArQ,Breadrunner Courier,,142 Old Colony Ave,Boston,,02127,42.335,-71.055,3.5,6,1
x5Cd2dFAQdByaB3nZnCVHg,Taco Bell,,700 Commonwealth Ave,Boston,,02215,42.3494,-71.1051,3.5,14,0
X5WkCEUq5am-vlvVvrhLDA,Dairy Fresh Candies,,57 Salem St,Boston,,02113,42.3631,-71.056,5.0,8,0
X5zFRt9hyd2Zoc8a1O4EZw,Dolce Vita Ristorante,,221 Hanover St,Boston,,02113,42.3629,-71.0552,3.5,426,1
x64QdfMU9JcbZra68H77gQ,Denise Harrington - Personal Trainer,,,Boston,,02127,42.3365,-71.0349,4.5,5,0
X65Cfl12ZFcpIZvi-2E9Iw,Fidelity Investments,,82 Devonshire St,Boston,,02109,42.3578,-71.0572,1.0,5,1
x6fBkVqJFDTAwHvAXPPRmQ,Emerson College,,120 Boylston St,Boston,,02116,42.352,-71.0657,3.5,26,1
X6megK3Vz4xMquw2f233xQ,Coogan's,,171 Milk St,Boston,,02109,42.3584,-71.0532,2.5,309,1
x6qT09yPRAu8g4dNdupDIA,Expressway Toyota,,700 William T Morrissey Blvd,Boston,,02122,42.299,-71.0489,2.5,250,1
X6zizVdWnw9iK2vb111COQ,Clipper Ship Wine & Spirits,,17 Maverick Sq,Boston,,02128,42.3693,-71.0396,4.0,11,1
x7rOYiD6yPU0qMd7y3A4mA,Pacifici of Boston,,19 Hawley St,Boston,,02110,42.3565,-71.0584,2.0,15,1
X7sjE269o8nwHRDIUtuNXg,Tbaar Chinatown,,32 Kneeland St,Boston,,02111,42.3509,-71.0618,4.0,50,1
x8-BRGOmFuWocE1wQndCSw,Italian Cafe,,65 Broad St,Boston,,02109,42.3579,-71.0538,4.5,44,0
x80bi4pYRSD5LxsY86JNsA,Boston Kebab House,,7 Liberty Sq,Boston,,02109,42.3581,-71.0553,4.0,217,1
x8AUbF1f2HPiaDOXIhyHYQ,Bromfield Pen Shop,,5 Bromfield St,Boston,,02108,42.3567,-71.0595,4.0,51,1
x8iBjnlcdLXh3JGIPWcLBw,Starbucks,,75-101 Federal St,Boston,,02110,42.3551,-71.0573,3.0,12,1
X909MDbon_5IgWFuPJFqEw,Comm Ave - BU Bridge Intersection,,791 Commonwealth Ave,Boston,,02215,42.3521,-71.1107,1.5,5,1
x9mUvBgKTXkNj2WW2HAUVg,Eskil,,98 Charles St,Boston,,02228,42.3589,-71.0706,3.5,5,0
x9nYNLpXE8czFW3YUioTLQ,Porter Pediatrics,,354 Tremont St,Boston,,02116,42.3485,-71.0668,5.0,6,1
XaA_Uok_lz_QqNlLqjZ1CA,Advantage Property Management,,,Boston,,02215,42.3476,-71.1003,2.5,23,0
xAGRfhl0vVPPgOBcjqoXnA,Caffe Umbra,,1395 Washington St,Boston,,02118,42.3414,-71.0702,4.5,6,0
xAIAaiYYnJx8l0dtMFLmnQ,Staples,,899 Boylston St,Boston,,02115,42.3484,-71.0841,3.0,13,0
XAK75a49NgPUE4-QsxYc6Q,Upstairs Downstairs Antiques,,93 Charles St,Boston,,02114,42.3587,-71.0705,4.5,13,1
xaxU27BGJpjgJKyU3Z-SKw,Beacon Hill Athletic Clubs,,85 Atlantic Ave,Boston,,02110,42.3625,-71.0512,3.0,40,1
xB26fDKWC591tehrg4XOZQ,Natural Nails,,469 W Broadway,Boston,,02127,42.3357,-71.0463,3.5,38,0
xb9CW16z1EDwTGtI73y3eA,Kate L Photography,,51 Melcher St,Boston,,02210,42.3493,-71.05,5.0,14,1
xbcLErSUolAOisEj1GN3hQ,News,,150 Kneeland St,Boston,,02111,42.3498,-71.0583,3.0,47,0
xbhwSeVNLo5PUJmN3hfIUQ,Down Boston,,184 High St,Boston,,02110,42.3566,-71.0528,2.5,33,1
xbJhW7REw6Vu-x0tVzMJ2A,Fleet Dry Cleaner,,22 A Fleet St,Boston,,02113,42.3647,-71.0529,4.5,57,1
Xbo2UqJs8ZEP-da9U46LZg,Shah’s Halal- Boston,,1124 Boylston St,Boston,,02215,42.3468,-71.089,4.5,36,1
xbQb7O8VnPdPXBqqecX7jw,Inaka,,72 Brighton Ave,Boston,,02134,42.3525,-71.1288,4.0,96,0
XBS64LbsRrqPsP0ZPQ1Rxg,Boston Common Podiatry,,264 Beacon St,Boston,,02116,42.3536,-71.0804,3.0,46,1
XBTOcIo1GLIl4F-IhcQecg,Harmony,,410 Tremont St,Boston,,02116,42.347,-71.0686,5.0,9,1
xBUgLlBSv5fjuBSGSYN2sQ,Boston Lifestyle Limo,,2 Neptune Rd,Boston,,02128,42.3804,-71.0257,1.5,7,1
XCEZ1Xb10iIAU-K_bsEW-A,Total Skin Care,,1028 Commonwealth Ave,Boston,,02215,42.3517,-71.1221,4.5,119,0
XcK6aOyv0vA18xDQ58YOgw,Belle Isle Lobster & Seafood,,1267 Saratoga St,Boston,,02128,42.3827,-70.995,4.5,179,0
XCkJNIAzjG1iHXrdutVKMA,The Black Rhino,,21 Broad St,Boston,,02109,42.3587,-71.0544,3.0,7,0
XCmRVkEIaEPkNtG6XHGZ0Q,Boston Common Coffee Co.,,97 Salem St,Boston,,02113,42.3638,-71.0555,3.5,233,0
XCPxbHLo0kmWSQv3ZqJvBg,Pazza on Porter,,107 Porter St,Boston,,02128,42.373,-71.0361,4.0,95,1
xcrLq4klTslbXE5_URhRDw,Scali Cafe,,147 Pearl St,Boston,,02110,42.3547,-71.0535,3.5,70,1
xcxhmT69loDykjGyFGiRaw,Lola 42,,22 Liberty Dr,Boston,,02210,42.3546,-71.0453,3.5,123,1
xd3DvfU8PA3ejI-xX5A1hA,Helen's Leather,,110 Charles St,Boston,,02114,42.359,-71.0709,5.0,22,1
xd3yEGIhhGPIGuN3rb9USw,Inkkiosk,,123 Beach St,Boston,,02111,42.3505,-71.0577,4.0,10,0
XdksV-gUjkNoAAkdWsrXPA,Angela's Cafe - Eagle Hill,,131 Lexington St,Boston,,02128,42.3785,-71.035,4.0,444,1
Xdmm4Ae3E_ON1o3X8HkfDw,Boston Property Services,,1570 Tremont St,Boston,,02120,42.3331,-71.1022,2.5,23,1
XDoGV8CN_YQVcmLltaZQxQ,Boardwalk Properties,,1518 Tremont St,Boston,,02120,42.3323,-71.0996,3.5,15,1
xDW9PM4rQyzCaWnGL4IjJw,Two Guys Moving,,,Boston,,02127,42.3365,-71.0349,2.0,8,1
XEdmeFVidV1YjdTgagdCUg,Bruegger's Bagels,,375 Longwood Ave,Boston,,02215,42.3397,-71.1084,3.5,63,1
XeGoe2eGu9K4qpL-MWGGPA,Tawakal Halal Cafe,,389 Maverick St,Boston,,02128,42.3657,-71.029,5.0,97,1
xEOXnc1UNrLkWO2crb6xJA,Jenn Menzer Wellness,,12 Clarendon St,Boston,,02116,42.3446,-71.0725,5.0,10,1
XeZRgBbEAUQpI1ZTdT-vEw,Envision,,126 High St,Boston,,02110,42.3554,-71.054,4.5,68,1
Xf0KaTAVyZlSz2Ys1wBGjA,Peach's & Cream,,73 Bennington St,Boston,,02128,42.3758,-71.0363,3.5,10,0
XF1H5I0HYKNgK1gu2DMFYQ,Revolve,,262 Newbury St,Boston,,02116,42.3492,-71.0831,4.0,7,1
xf5F3exqYzZs39NosCHmbg,Whittard Of Chelsea,,170 Newbury Street,Boston,,02116,42.3504,-71.0789,4.5,21,0
xFEyKgGkgOycAsJvVsUzVw,Douzo,,131 Dartmouth St,Boston,,02116,42.3469,-71.0756,4.0,1081,1
Xfg8GqN3pKLqlqZXO-1qng,4 Corners Yoga + Wellness,,336 Washington St,Boston,,02121,42.2996,-71.0737,5.0,15,1
xfLANVzgb_OGhyVxvw6vlg,The Homework Crew,,,Boston,,02109,42.3661,-71.0483,1.0,17,1
XFR5YRxLbZMLU_o2vUvT-Q,Palm Beach Tan,,530 Columbus Ave,Boston,,02118,42.3416,-71.0801,1.0,5,0
XFykgL-jVwhaiq4w1LtyEA,Cappy’s Pizza & Subs,,82 Westland Ave,Boston,,02115,42.3437,-71.0896,2.5,137,1
XG0NEOFrYyXWObPi7AfHyA,Mother Juice,,100 Hanover St,Boston,,02108,42.3621,-71.057,4.0,58,1
xgasRM6DmLBRdP7a6ST6ww,FroZenYo,,277 Washington St,Boston,,02108,42.3576,-71.0583,3.5,40,0
XgJWwSXomuSblxFBE-AxpA,Petit Robert Bistro,,480 Columbus Ave,Boston,,02118,42.3428,-71.0786,3.5,421,1
XgMW9VktuVoi2M1TLqb03w,Health Yoga Life,,12 Temple St,Boston,,02114,42.361,-71.0636,4.0,32,1
XgOEiahIMITg5kXJEeAhww,Dunkin',,115 Forsyth St,Boston,,02115,42.3376,-71.0902,3.0,8,1
XgThmg2jbZk4uy3-nEKGXg,HunterDavid Salon,,1197 Adams St,Boston,,02124,42.2725,-71.0669,5.0,5,1
XGusB0YAc4dvaiE8-5dM4A,Parziale's Bakery,,80 Prince St,Boston,,02113,42.3653,-71.0558,4.5,105,1
XgwuAwl2yLDF5hv611NKLA,Sorelle,,282 Congress St,Boston,,02110,42.3531,-71.053,3.0,140,1
XH2AMBAbEyEMKdeX8rENCQ,Citibank,,25 Stuart St,Boston,,02116,42.3511,-71.0636,1.5,5,0
XhCurbX-LnP2m1gDnlShEQ,Cosi,,1 Harborside Dr,Boston,,02128,42.3632,-71.0184,2.5,39,0
xHfa71SHTUwgRAnafjmllg,Francesca's Caf?,,564 Tremont St,Boston,,02118,42.3438,-71.0719,3.5,161,0
XHKLg9ZxD-l3FK-eGj-X2w,Fool's Errand,,1377 Boylston St,Boston,,02215,42.3439,-71.1009,4.5,48,1
xhl6O79odufJiVSuyF7Odw,Orangetheory Fitness Boston - Back Bay,,10 Saint James Ave,Boston,,02116,42.3508,-71.0709,3.0,30,1
xHLl46M6lmS5MNeFrWPsUA,Micky's Barber Shop,,3120 Washington St,Boston,,02119,42.3147,-71.0993,3.0,6,1
XHQEFR-Zlu1wvfx6cRAERA,MG Hair Artistic Salon,,379 Cambridge St,Boston,,02134,42.3555,-71.133,4.5,109,1
xhRbFSzfCkYot_-e6VMnpg,Mattapan House of Pizza,,1631 Blue Hill Ave,Boston,,02126,42.2683,-71.094,2.5,31,1
xHUup63hptDDPmOvZm918g,Crystal Clean,,,Boston,,02116,42.3531,-71.0765,3.5,11,0
Xi0h-W3t3HO8a5oLVvTC5A,The Coffee Trike,,,Boston,,02111,42.3515,-71.0602,5.0,35,1
xiHvrOv3lYI4_8bvZEljwQ,The Shannon Tavern,,558 E 3rd St,Boston,,02127,42.3366,-71.0374,4.0,17,1
XiUDHQdVVu4gDH5eG_SY8g,Big Fish Seafood Restaurant,,20 Tyler St,Boston,,02111,42.3507,-71.0606,3.0,11,0
XiuuDqBnUMNb5qTV7UCnXw,Au Bon Pain,,700 Atlantic Ave,Boston,,02110,42.3517,-71.0552,2.0,39,1
XIVVbDZN-EB_okQUwEv3sQ,Boston Harbor Boat Rentals,,70 E India Row,Boston,,02109,42.3588,-71.0488,2.5,43,1
XJ_ux7KhAxi-IaehzLdCpw,Foot Paths,,415 Washington St,Boston,,02108,42.3557,-71.0603,4.0,7,1
xjdOdPZ_-uELBGAWDv24zg,Town & Country Movers,,9 Appleton St,Boston,,02116,42.3465,-71.0703,2.0,9,1
xJFeRACHClj2zwp8O13soA,Worldwide Parking Assocciates,,20 Clinton St,Boston,,02109,42.3608,-71.0546,1.0,14,1
Xjor8TI9tNdTIj9bzUWvUg,Colonial Trading Company,,41 Bromfield St,Boston,,02108,42.3569,-71.0604,4.5,5,1
xJsm136qVBFAJfCN-tdeug,Elements Massage Brookline,,870 Commonwealth Ave,Boston,,02215,42.3505,-71.1143,2.5,68,0
XJx5tGzxw8rbhBY7XbWOUA,Babbo Pizzeria e Enoteca,,11 Fan Pier Blvd,Boston,,02210,42.3543,-71.0453,3.0,560,0
xJyum-q_0cEtisp0nEju-Q,The Wine Bottega,,341 Hanover St,Boston,,02113,42.3644,-71.0536,4.0,83,1
XK3V6XjaQDuFJKi0WLsNZw,The Kenmore,,476 Commonwealth Ave,Boston,,02215,42.3485,-71.0939,5.0,10,1
Xka7oeVkX_ovx7WhdoedNA,Pret a Manger,,360 Longwood Ave,Boston,,02215,42.339,-71.1078,4.5,12,0
XKk4zwhW0fhL1C26rdWLcA,French Cultural Center,,53 Marlborough St,Boston,,02116,42.3541,-71.0748,4.0,10,1
XKOvu-J-0TUVJtx73fG8sw,Dunkin' Donuts,,1 Harborside Dr,Boston,,02128,42.3619,-71.019,2.5,44,1
XKUDM2v5Kthpj_UOtNfEVA,Cab Kid,,,Boston,,02131,42.3478,-71.0428,2.0,13,1
xL0Tle_K0GOs4VaUnbmBDA,Capoeira Gerais,,885 Washington St,Boston,,02116,42.3483,-71.0645,5.0,5,1
XLap8BoumZH3DvsDOPDhNA,Mystical Awakenings by Melissa Peil,,130 Bowdoin St,Boston,,02108,42.3586,-71.0625,4.5,25,1
xLAx3eIbw4fDnYA-6xJwzg,Au Bon Pain,,300 Longwood Ave,Boston,,02115,42.3374,-71.105,3.0,8,1
xLezzT2Xn2vTCNMbVrf7zw,Typhoon Asian Bistro,,725 Boylston St,Boston,,02116,42.3496,-71.0802,3.0,276,1
xlG_UfnF7ZqUHfXKYERXww,Kiehl's Since 1851,,112 Newbury St,Boston,,02116,42.3512,-71.0758,3.5,47,1
xLiiQ-MV2ZVpYtu9Sht4hw,McGann's Pub,,197 Portland St,Boston,,02114,42.3645,-71.0617,3.0,78,1
XLquiu3gfJldkeVyGCoGqw,Twig,,769 Tremont St,Boston,,02118,42.3397,-71.08,3.0,25,0
xLTJAH7UlgVMjvGqdRU_Pw,Capital One Caf?,,310 Harrison Ave,Boston,,02118,42.346,-71.0631,5.0,30,1
XlWK-xQOb5fc_Job4e59JA,Caffe Lil Italy,,178 Salem St,Boston,,02113,42.3665,-71.0548,3.5,60,1
XMAEpgFC_WqPgc2TipFRQw,The Paul Revere House,,19 North Sq,Boston,,02113,42.3637,-71.0541,3.5,196,1
xmieo5EN9GQsGKSOi7aUXQ,Neponset Cafe,,400 Neponset Ave,Boston,,02122,42.2864,-71.0439,4.5,94,1
XMivMjy_k6euTgxacAjjRw,Patriot Care Boston,,21 Milk St,Boston,,02109,42.3567,-71.0583,4.0,21,1
xmjLb7I3JltoRF8P7Pp1fw,Delicato Cafe & Caterer,,8 City Hall Ave,Boston,,02108,42.3083,-71.0821,3.5,40,0
xMnAsMSgTtMy7DT-En7qOQ,Sons of Boston,,19 Union St,Boston,,02108,42.3609,-71.0567,3.5,80,1
xn7SiEv6_99YJdY5MaUF5Q,Syrian Grocery Importing,,270 Shawmut Ave,Boston,,02118,42.3431,-71.0687,4.5,15,1
XN8O4pAOaDU3TY-HVVswyA,The Beauty Mark,,28 Charles St,Boston,,02114,42.3568,-71.0699,4.0,48,1
xnapxhZwjc6T01DQsb5r6A,Prince Postale,,71 Prince St,Boston,,02113,42.3653,-71.0553,4.5,27,0
xnDIstGcpvLc3VMyKmQfkA,Boston Harbor Shipyard & Marina,,256 Marginal St,Boston,,02128,42.3644,-71.0335,4.5,5,1
xni7S4tngcm_FBIbPZA6sw,Julep Bar,,200 High St,Boston,,02110,42.3567,-71.0519,2.0,58,0
XNklY-p-7Q41DdjqyzrQOg,The Red Dog Pet Boutique,,274 Southampton St,Boston,,02118,42.3315,-71.0636,3.5,16,0
XnopfalzHgnnOwdxUtE5wg,Fargo's Deli Of Course,,451 D St,Boston,,02210,42.3452,-71.0422,3.0,27,1
XnQYoHy23BULUooiqHe42Q,Lulu Green,,246 W Broadway,Boston,,02127,42.3396,-71.0517,5.0,28,1
xNv2hnHc2rhzmI1WIP1LSg,RJT Carpentry & Tile,,469 Sumner St,Boston,,02128,42.3652,-71.0317,5.0,12,1
XNvkDjM6rMnSfzubT32brQ,Boston Chowda,,1 Faneuil Hall Market Pl,Boston,,02109,42.3601,-71.0554,4.0,1035,1
XnXgzwalTZ51KPL12wMv9Q,7-Eleven,,70 E India Rd,Boston,,02110,42.3587,-71.0513,2.5,10,0
XnXPhy7rRtfi78NXgxOReA,Pope John Paul II Park,,Neponset Circle and Hallet St,Boston,,02124,42.2808,-71.0475,4.5,21,1
xNY7FaGLqXe5opq1hNEFtA,Fenmore Grill,,645 Beacon St,Boston,,02215,42.3486,-71.0978,2.5,73,0
XoBvgETT2RYIhQ_DQgLjsg,Bar Mercato,,54 Devonshire St,Boston,,02109,42.3583,-71.0571,4.0,47,1
xOGrXzFku9rG_LrKWQyM1Q,H T Skin & Nails,,232 Newbury St,Boston,,02116,42.3497,-71.0815,3.0,34,0
XoNu3QErSOOztKgdQ79fHA,Rhythm 'n Wraps,,1096 Commonwealth Ave,Boston,,02134,42.3518,-71.1243,4.5,52,1
xOo8SNZguWU3IoPGe66AwA,7-Eleven,,91-99 Causeway St,Boston,,02116,42.3648,-71.0621,3.5,7,1
XORZ4CvdZnUQA4CinWSAHQ,iService Computer Repair,,,Boston,,02127,42.3387,-71.0506,5.0,43,0
XOuT5f9_jqxhVGId1b6dAg,Jack Spade,,129 Newbury St,Boston,,02116,42.3514,-71.0768,4.5,7,0
Xp_VotbB3p3UR8H_W1AlPQ,The Upper Crust Pizzeria,,107 State St,Boston,,02109,42.3591,-71.055,3.5,7,0
XPA0_3zBfraGVe1dW8EtLg,Red River Trading Company,,1313 Washington St,Boston,,02118,42.342,-71.0685,3.0,5,0
xpa4U1m0pE32tdwNgHXeyA,Princess Hair Palace & Spa,,1876 Dorchester Ave,Boston,,02124,42.2868,-71.0638,3.5,41,1
XpfNijqveFfPqka2QBqXqw,Boston Seasons,,1 City Hall Square,Boston,,02108,42.3603,-71.0579,4.0,19,1
XPXDFaXMj38a4I9uz2h5MQ,BONAPITA,,49 Franklin St,Boston,,02110,42.3556,-71.0587,4.5,208,1
XPxn2iIYdJdc2ErCrWw-rQ,il Molo,,326 Commercial St,Boston,,02109,42.3654,-71.0513,4.5,200,1
XQ7QjfIDfxray7KPf1ZwPQ,Foot Locker,,375 Washington St,Boston,,02108,42.3563,-71.0597,1.5,6,0
xQaOgNT0B5Sp9Cpw9ziBuw,Air Canada,,1 Harborside Dr,Boston,,02128,42.3656,-71.0096,1.5,35,1
XQFvbZxfzbrMY_GqsYu1RQ,TreMonte Restaurant & Bar,,76 Salem St,Boston,,02113,42.3636,-71.056,4.5,128,1
Xqnxl_Nalom6HqsCyVm1aA,Jireh Beauty Salon and Spa,,1227 River St,Boston,,02136,42.256,-71.1227,4.0,9,1
XrazG37knh-fR4x-Fc5TmA,Chipotle Mexican Grill,,283 Washington St,Boston,,02108,42.3575,-71.0584,2.0,122,1
xrq2Mne2lv_fQGDC_OZmuw,sweetgreen,,13 School St,Boston,,02108,42.3577,-71.0588,3.5,111,1
xRQLO8JLMmiEuDC1bH430A,Infinity Portrait Design,,59 Beacon St,Boston,,02108,42.3565,-71.0686,4.5,7,1
xrRQgcYRJ51HPzISeaoQmw,Shed's Smoked BBQ,,32 Bromfield St,Boston,,02108,42.3566,-71.0602,3.5,60,1
XrUC4Hz8tB6mj6q_5-jVVg,European Wax Center,,309 Cambridge St,Boston,,02114,42.3613,-71.0696,4.0,130,1
xrWBYET3LGyVGNX7zVsQ3g,Michael O'Neill,,,Boston,,02116,42.3531,-71.0765,5.0,63,1
XrY1nmgajhBinQmJRZ6wfQ,Dumpling Cafe,,695 Washington St,Boston,,02111,42.3512,-71.0631,3.0,844,1
xRycoPxPdGLShU4iNs7mxQ,Stonybrook Wine and Spirits,,80 Boylston St,Boston,,02130,42.3171,-71.1053,3.0,33,1
XS0YkbcmMTx7FkJW7BStOg,Bromfield Camera,,10 Bromfield St,Boston,,02108,42.3564,-71.0597,4.0,61,0
Xs37W8giPcK332oI8p_dxg,Sushi-Teq,,510 Atlantic Ave,Boston,,02210,42.354,-71.0519,3.5,89,0
XS4UMTkgBgg0sgnnGnYCug,Titus Sparrow Park,,West Newton At Columbus,Boston,,02118,42.3435,-71.0798,5.0,7,1
xsdJ_ZYzpI-5pMcZ49M0og,Harborside Grill & Patio,,101 Harborside Dr,Boston,,02128,42.3593,-71.0272,3.5,110,1
xSFGvWyfp-TAdwNu8TCWLA,Hidden Jewel of the South End,,81 Pembroke St,Boston,,02118,42.3419,-71.076,5.0,10,1
xSOoACW804SzsXRRHTHIig,Tutto Italiano,,20 Fleet St,Boston,,02113,42.3646,-71.053,4.0,6,0
xsXGTJMQ5Faf02mstXyN-Q,Fritz Lounge,,26 Chandler St,Boston,,02116,42.347,-71.0705,4.0,87,0
Xt-32CfvhFMZvvNKTiLrFg,Boston Blossoms,,468 Commonwealth Ave,Boston,,02215,42.3486,-71.0935,1.0,19,1
XT-MDeaCeEZkIJYlHpznnQ,Pinkberry,,288 Newbury St,Boston,,02115,42.3488,-71.0845,4.0,161,0
xTBiq6F55S5PtZDiHN09uA,Cathedral of Holy Cross,,1400 Washington St,Boston,,02118,42.3408,-71.0696,3.5,9,1
xTPRnd8EgQhCMNrxQYfblg,The Beauty Room,,205 Newbury St,Boston,,02116,42.3503,-71.0809,3.0,8,0
xTR_NlgXUR6glEdT0pIUZw,93.7 Mike FM,,20 Guest St,Boston,,02135,42.3574,-71.1478,2.0,28,0
XttYPGXLstxXdj2O1JM6Yg,More Than Words,,242 E Berkeley St,Boston,,02118,42.3435,-71.0634,4.5,33,1
xTU-NCJD7RdTphUrP7jt1w,Boston Chops Downtown,,52 Temple Pl,Boston,,02111,42.3551,-71.0617,3.5,104,1
XtwKkI3vEcJczmGY14Y92A,El Kiosco Restaurant,,972 Saratoga St,Boston,,02128,42.3871,-71.0077,4.0,21,1
xu_D66H6YMkFKv6EUUZrEA,Queen Spa,,406 W Broadway,Boston,,02127,42.3373,-71.048,3.5,60,0
xu-5zv35rITBrIw_OYzhfA,Beacon Street Locale,,495 Beacon St,Boston,,02215,42.3505,-71.0898,4.0,32,0
xu09L0GTUE4BTZhFuf1Hgg,DW Brewpub,,820 Morrissey Blvd,Boston,,02122,42.2939,-71.0463,2.5,29,1
xU3iQyeRDyOdLUG9wsuLaA,Dunkin',,265 Franklin St,Boston,,02109,42.3565,-71.0534,3.5,13,1
xu5I2szd1WPFMDZBCs4BQQ,Boston Harbor Cruises,,1 Long Wharf,Boston,,02110,42.3597,-71.0506,3.5,358,1
XUepp8T9xSMBuvlEG_-DrQ,The Capital Grille,,900 Boylston St,Boston,,02115,42.3478,-71.0851,4.5,944,1
XUF26OSP_sSm5JWI5OXoxg,Melo's Caf?,,476 Saratoga St,Boston,,02128,42.3802,-71.0272,4.5,13,1
xUj_ZzRUtJcX8KVZN3vS6w,Diamond Nails Spa,,11 Granite Ave,Boston,,02124,42.2823,-71.0559,3.0,7,1
XuK-EX3ciVNpDpMLL3_z_A,Radius Bank,,One Harbor St,Boston,,02210,42.3448,-71.0368,1.5,32,1
XUoLzoaqle9MvJU9zPQA8A,Golden Nozzle Car Wash,,90 Southampton St,Boston,,02118,42.3325,-71.0705,2.0,8,1
xuRJtBPznTEZH7bUklEjVA,ProOptical Boston,,175 Cambridge St,Boston,,02114,42.3614,-71.0659,3.5,77,1
xuTsufrdthyQS9WXpNkDCA,The Goodwill Outlet Store,,1010 Harrison Ave,Boston,,02119,42.3312,-71.0801,3.0,11,1
xVhIgrwUsC0eFf1dL5mmyA,Soul Fire BBQ,,737 Huntington Ave,Boston,,02115,42.334,-71.1055,3.5,100,0
xviDpn_GcPXW2mmOxE4HTQ,Laser Enhanced Therapies,,65 Atlantic Ave,Boston,,02110,42.3629,-71.051,5.0,14,1
xVJv__UZMNfW1O4oGUrvWw,Terramia Ristorante,,98 Salem St,Boston,,02113,42.364,-71.0557,4.0,447,1
xVJVGTEfeHAUTMUNdCk7uA,Hudson News,,1 Harborside Dr,Boston,,02128,42.3619,-71.0195,3.0,19,1
xVxjzyMqghCYwVe_dwJzJw,Loco Taqueria & Oyster Bar,,412 W Broadway,Boston,,02127,42.337,-71.0477,4.0,607,1
xvyFHHPeEdcSSWZXFYopmQ,Anderson 1Stop Mobile Detailing,,,Boston,,02118,42.3366,-71.0772,4.5,10,1
XWF0qtV3GxkgfdvAjwpfzQ,Thai Basil Restaurant,,132 Newbury St,Boston,,02116,42.3509,-71.0767,3.5,467,1
xWigZksk_uCC1YDu20GqqQ,Caliterra Bar & Grille,,89 Broad St,Boston,,02110,42.3574,-71.0532,3.0,20,0
xwsHALJWUNgm5268YnJPYA,Commonwealth Dental Group,,400 Commonwealth Ave,Boston,,02215,42.3485,-71.0911,5.0,13,1
XwXZ12U5JQaiSLI7byXuQg,Invictus,,31 Saint James Ave,Boston,,02116,42.3509,-71.0716,4.5,23,1
xWyuz6-7X33QQg1OtKPFKg,Cafeteria La Reina,,80 Bennington St,Boston,,02128,42.3761,-71.0361,4.5,16,1
Xx41NRxpzYijapDZ-NBU9g,Au Bon Pain,,300 Congress St,Boston,,02210,42.3515,-71.0499,2.5,54,0
xXS0DY7SsY7BSDjpFCoBZQ,Rosie's Place,,889 Harrison Ave,Boston,,02118,42.3341,-71.0769,4.5,16,1
xXxglq3_eiTKd2D3RZgnqg,Doc Popcorn,,700 Atlantic Ave,Boston,,02110,42.3521,-71.055,2.5,5,0
xy-4IvSTC1Gl-mwJ8LF83w,Paraiso Restaurant,,750 Dudley St,Boston,,02125,42.3179,-71.0664,4.5,63,0
xYBJ1a5nQkstIi4VWa4glQ,Van Ness,,1325 Boylston St,Boston,,02215,42.3445,-71.0991,5.0,5,1
xyujSxd7ClQiM2LY95OQSQ,Donna's Restaurant,,980 Saratoga St,Boston,,02128,42.387,-71.0072,4.0,148,1
xYWuGu8OdAgHHKJxaG1naw,Oliver St Variety,,2 Oliver St,Boston,,02109,42.3573,-71.0545,4.0,5,1
xZ22_0eJOgaiKqIhoSHrPw,Bostonia Public House,,131 State St,Boston,,02109,42.3592,-71.0543,4.0,1418,1
XZ3640gc3r63r0r3IE1jMA,Suffolk University,,8 Ashburton Pl,Boston,,02108,42.359,-71.0618,3.5,25,1
xz4H1CGOP92OBsN9MNar7Q,TD Bank,,535 Boylston St,Boston,,02116,42.3509,-71.0755,2.5,21,1
xzbmV17zvWSoXBV4LcDqUg,Laz Parking,,401 Park Dr,Boston,,02215,42.3455,-71.1025,2.0,6,0
XzCgcc42Rrg8QIAyJ1YInQ,UBurger,,140 Tremont St,Boston,,02108,42.3557,-71.0626,3.5,126,0
XzcL_iuoVZD1bwJJNrJGvg,The Factory Theatre,,791 Tremont St,Boston,,02118,42.3389,-71.0818,3.5,10,0
XZfs0Ct5Rjl-wunzb6M6ag,Ecco Pizzeria,,1147 Commonwealth Ave,Boston,,02134,42.3508,-71.1265,4.0,151,0
XZhR77A_m3LVT0oCkzKX5g,General Assembly,,125 Summer St,Boston,,02110,42.3531,-71.0574,3.5,23,1
XzksBO-9yfvqQvnPy3_gPg,Mother Juice,,291 Newbury St,Boston,,02115,42.3491,-71.085,4.0,32,1
XzP0WyiAUJ6f410TEEftgQ,Best Tours,,Copley Sq,Boston,,02116,42.3499,-71.0763,1.5,25,1
XzuXSTuJqqMVdDbN2lUs7g,Teresa's Market,,571 Washington St,Boston,,02135,42.3502,-71.1648,4.5,90,1
Y_CMmvt2BZzu4LuWMJgZqQ,Fort Point Market,,369 Congress St,Boston,,02210,42.35,-71.048,4.5,38,1
y_hUHN8816NzJtjNDPmdRQ,The Body Shop,,277 Washington St,Boston,,02108,42.3576,-71.0583,4.0,8,0
Y_jNcdy-6yKWPSfOGbrVlA,South Ocean,,710 E Broadway,Boston,,02127,42.3358,-71.0364,3.0,20,0
Y_wvfEoyAU5M34yL3izIoQ,Simons IMAX Theatre,,1 Central Wharf,Boston,,02110,42.3588,-71.0502,4.0,29,1
y-G_uzlj0xZtfpKNtHBurg,Dorgan's Package Store,,664 E Broadway,Boston,,02127,42.3358,-71.0379,4.0,5,1
y-GXo1JYDFQwObUXrpxjQg,Craigie Burger,,401 Park Dr,Boston,,02215,42.3448,-71.1023,3.0,20,0
Y-ncoRpI1M7WwbIzNuoOPg,Otis House,,141 Cambridge St,Boston,,02114,42.3615,-71.0646,4.5,11,1
y0n1XazerJISK3bhspN-og,Hurricane's at the Garden,,150 Canal St,Boston,,02114,42.3648,-71.0608,3.5,39,1
y0O-FW-rJPzT8vAN4xZlWg,Massage Envy - Back Bay Boston,,211 Berkeley St,Boston,,02116,42.3509,-71.0727,3.0,114,1
y0QSLK2K1Q40FahOYEHaKw,One Gig,,367 Washington St,Boston,,02108,42.3565,-71.0596,4.5,9,1
y0YQ_bwo9KK1Mg1JSNHWpw,Boston Acupuncture & Herb,,7 Whittier Pl,Boston,,02114,42.3653,-71.0646,4.0,10,1
y1HGYTF9ESPIT7P-H-byjA,Metro Credit Union,,1071 Washington St,Boston,,02118,42.3264,-71.0669,2.5,19,1
y1sfdxrbmE5GKLF29H0NJA,Brinkleys Restaurant & Pub,,225 William F McClellan,Boston,,02128,42.3878,-71.0167,3.0,29,1
y2JnWtOtjbhySq-NtopmmQ,Q Optical,,287 Newbury St,Boston,,02115,42.3492,-71.0849,3.0,21,1
y2w6rFaO0XEiG5mFfOsiFA,Neptune Oyster,,63 Salem St,Boston,,02113,42.3632,-71.056,4.5,5115,1
Y35c4JIbTdn1XJsKRocprQ,Chinese Institute of Language & Arts,,30 Kneeland Street Ofc,Boston,,02111,42.3509,-71.0619,4.5,10,1
y3kQmkqfSEZJS6H0kiz0ag,Hive & Colony,,100 Huntington Ave,Boston,,02116,42.3473,-71.0789,3.5,13,1
y3rQxSFSOm6uGaue-SEe_Q,Lulu's Sweet Shoppe,,28 Parmenter St,Boston,,02113,42.3639,-71.0553,4.0,327,0
Y3s4ETJRJoI4lyDqkxAXSQ,Golden Goose Market,,179 Commercial St,Boston,,02109,42.3629,-71.0517,3.5,86,1
y3tQSdYrvy3aN_NanhgB1Q,Chinatown Hit,,81 Harrison Ave,Boston,,02111,42.3509,-71.0616,2.0,18,1
y4m0WlN-toH5X4CUdbotAA,Bolt Lock and Key,,,Boston,,02135,42.3464,-71.1627,5.0,7,1
y57kMOC6bEh9gqzxZJ7Knw,Adara Spa,,115 Lewis Wharf,Boston,,02110,42.3635,-71.0507,4.0,109,1
Y5g_ENMForRu3823cXTvsg,Aqua World,,20 Tyler St,Boston,,02111,42.3507,-71.0606,4.0,29,0
y5lCCZ4YZk4jLSmBaATOmw,Polcari's Coffee,,105 Salem St,Boston,,02113,42.364,-71.0555,5.0,181,1
y5Pl_3qz8lkc66MVtufevA,Caf? Jaffa,,48 Gloucester St,Boston,,02115,42.3487,-71.0841,3.5,365,0
y5ydOoOujRYkssEFUo-_mg,Sports Club/LA,,4 Avery St,Boston,,02111,42.3532,-71.0629,3.5,94,0
y6K0p0zC7pc2Mc0IjKTJ9Q,The Kinsale,,2 Center Plz,Boston,,02108,42.3298,-71.0918,3.0,373,0
y7_IZUK1AD7Ach7JGk7Eag,Ashmont Cycles,,1977 Dorchester Ave,Boston,,02124,42.2833,-71.0651,4.5,30,1
Y7B9tTmHPXgNwu5SRGtgtQ,Worden Hall,,22 W Broadway,Boston,,02127,42.3428,-71.0568,4.0,346,1
Y7QU4jhSCs2O3jUlG4vSZg,Union Park Pizza,,1405 Washington St,Boston,,02118,42.3413,-71.0703,4.5,91,1
Y7T7U6Ul6qgNMEFrPRjrnA,The Tannery,,711 Boylston St,Boston,,02116,42.3496,-71.0797,2.0,185,0
Y7X3FeUfwE9pEWZxN8meVg,Monica’s Pasta Shop,,141 Richmond St,Boston,,02109,42.3633,-71.0542,4.0,13,1
Y7zRM_6J3WokiyMKmYv4eg,Boston's Best Cruises,,190 Atlantic Ave,Boston,,02110,42.3609,-71.0527,3.5,35,0
Y7zTOGlHtLDuE_plFxrs0Q,NCL Norwgian Curise Line,,1 Black Falcoln Ave,Boston,,02110,42.3437,-71.033,2.0,22,1
Y8HBS62nFhZG7AseIWWYtA,The Five Seventy Market,,570 Tremont St,Boston,,02118,42.3434,-71.0723,4.0,81,0
Y8RD0EARvq0PJ9Tr9YT33A,Revival Cafe+Kitchen,,103 Newbury St,Boston,,02116,42.3517,-71.0754,4.5,6,1
Y8W2NU6cVHQf-ha9dX_SqA,Mop Hair Salon,,667A Tremont St,Boston,,02118,42.3419,-71.0759,4.5,102,1
y8yzgxtmuHS1sMEQq5NX9A,Emerson Paramount Center,,559 Washington St,Boston,,02111,42.3537,-71.0625,5.0,5,1
y9j-VbaxUpANZcWWTIwnWA,Restore Total Body,,45 School St,Boston,,02108,42.3581,-71.0592,5.0,14,0
Y9wwV-XRXCXnF3Bc66in_w,Landry's Bicycles,,1048 Commonwealth Ave,Boston,,02215,42.3518,-71.1227,3.5,156,1
Ya_jdCMfALaBZBLSWG1fXQ,Zapatos,,527 Albany St,Boston,,02118,42.3389,-71.0663,3.0,26,0
Ya2A1tGMcp6AtcrX6bmh2A,The SoWa Antiques Market,,,Boston,,02118,42.3378,-71.0706,4.5,9,0
YA2zC4F32g-BwRfQ0KUeaA,Fin's Sushi and Grill,,636 Beacon St,Boston,,02215,42.3496,-71.0953,4.0,370,1
yaKGFCnj_bUFe_zWBJDp1g,Home.Stead Bakery & Cafe,,1448 Dorchester Ave,Boston,,02122,42.3011,-71.0597,4.5,119,1
YaPfmFybAGpwoBNCR7bjvQ,South Boston Nail,,390 Dorchester St,Boston,,02127,42.3299,-71.0564,3.0,10,0
YAPTLCikfe4Vq0_aj7mn-Q,Fisherman's Feast of Boston,,9 Lewis St,Boston,,02109,42.3635,-71.0521,4.0,6,1
Yb_1VQfIE-tL0X9rqU2_Qg,Nick's Comedy Stop,,100 Warrenton St,Boston,,02116,42.3508,-71.0661,2.5,53,1
YBAj26pVEzbtjuU0ueqU-g,Envy Mobile SprayTan Boston,,,Boston,,02184,42.202,-71.0141,5.0,18,1
yBIN7uSzd5saehWA1I_GBw,Row 34,,383 Congress St,Boston,,02210,42.3496,-71.0475,4.0,1487,1
yC6PZ5gYcOxcBWU3HIPq2Q,Gray’s Hall,,615 E Broadway,Boston,,02127,42.3355,-71.0398,5.0,8,1
YCasSG_q_DdhWR6H1nhJ9A,Kaze Shabu Shabu,,1 Harrison Ave,Boston,,02111,42.3524,-71.0616,4.0,574,1
yCfzJddEN9oFpJX4_Ym76Q,Anytime Towing,,,Boston,,02136,42.2528,-71.13,1.0,5,1
ycNom16raoOeXs9zZTfrzA,Kelly Services,,65 Franklin St,Boston,,02110,42.3552,-71.0585,1.0,5,1
yCqwUxwb0UnHXPM2NuYkpg,Copley Inn,,19 Garrison St,Boston,,02116,42.3458,-71.0799,4.0,5,1
yCTqAvgNz2x8Qrs57RUZ5Q,Little Haiti Cuisine,,1184 Hyde Park Ave,Boston,,02136,42.2583,-71.1233,4.5,8,1
yD-5sG4dkoI3uGbAH8TnwQ,Dunkin',,1631 Tremont St,Boston,,02120,42.334,-71.1037,2.0,17,1
Yd9vg2PYi1ZGyaSiMgroiw,Ginger Exchange Symphony,,250 Huntington Ave,Boston,,02115,42.3426,-71.0851,3.5,162,1
yDb-ukJ7U9exhR78TbWcpg,DTR Modern Galleries,,167 Newbury St,Boston,,02116,42.3508,-71.0789,5.0,5,1
ydciOzjs2JaCVkIUs3XjkA,Tufts Medical Center MBTA Station,,750 Washington St,Boston,,02135,42.3496,-71.0638,2.5,6,1
YDdLLO2jKt2Wcag1Q9SUQQ,Tufts Children’s Hospital,,755 Washington St,Boston,,02111,42.3499,-71.0641,3.5,9,1
ydENLwJml_LuReQ3a5ghlA,Boston Dental,,36 Chauncy St,Boston,,02111,42.3539,-71.0597,3.5,161,1
YdQ1sGaAx2AVuIufQGBN-A,Trust in Tricia,,,Boston,,02199,42.3465,-71.0832,5.0,6,1
yDUaNAfKZhL4cG8Cf6OLtg,Enzo & Co Salon,,161 Newbury St,Boston,,02116,42.3509,-71.0787,4.5,64,1
ydz0JtEiHNIG2s-CpPTwoQ,National Mobile Detailing,,,Boston,,,42.3584,-71.0598,1.0,18,0
ye579LhN9zEP6i5QXUv0Rw,Boston Shawarma Restaurant,,226 Washington St,Boston,,02115,42.3584,-71.0578,3.5,65,0
YE5z-yMdl99sPtrnVbo0KQ,Guitar Center,,1255 Boylston St,Boston,,02215,42.3453,-71.0959,3.0,100,1
Yej-h4iT69qKafitqgbpSw,Basketball City,,35 Lomasney Way,Boston,,02114,42.3647,-71.0648,3.0,7,0
yEpVKoVuHr4m-IkBJDmHoA,Myrtle Street Laundromat,,95 Myrtle St,Boston,,02108,42.3593,-71.0678,2.0,8,1
yexp-J8-nqjnht0xM2kAyQ,The Wine Emporium,,474 Columbus Ave,Boston,,02118,42.343,-71.0784,3.5,26,1
yEYTBSzLOOhN6SU-x45NxA,Backlash Beer,,152 Hampden St,Boston,,02119,42.3278,-71.0748,4.0,17,0
Yf2Hc4uxy72tM7QPsiY0qw,Andrew Station - MBTA - Red Line,,Dorchester Ave At Southhampton St,Boston,,02127,42.3299,-71.0574,2.5,12,1
YFckeck23X2KNNJ5WVJ05w,Park Street Church,,1 Park St,Boston,,02108,42.3569,-71.062,4.0,24,1
YfE24E_ncTGLA7xj413F-Q,Bostone Pizza,,102 Water St,Boston,,02109,42.3578,-71.0554,3.5,10,0
YfZAgOZgiUBd-g-r6hRZmw,Caf? Apropos,,39 Dalton St,Boston,,02199,42.3463,-71.084,3.5,6,1
yg0C9p4E9eDBBdNIywGeng,Sadhana Yoga Boston,,15 Worcester St,Boston,,02118,42.3379,-71.0759,4.5,47,1
yg1onzPFULGaEFT81CBmeQ,Seoul - Boston,,156 Cambridge St,Boston,,02114,42.361,-71.0649,3.5,284,1
YgcZLW4jKjHVMkjwoeM2-A,Cha Cha Cha Taqueria,,145 Dartmouth St,Boston,,02116,42.3474,-71.0753,4.0,79,1
yGjxydNLuHR4IR1dc8ABaA,Crepe and More,,1 S Station,Boston,,02110,42.3516,-71.0551,3.5,16,0
YGoNygBanbHP7bpkpnrv7g,Life Alive Organic Cafe,,431 Boylston St,Boston,,02116,42.3515,-71.0729,4.0,107,1
YGOy2oIyI3mnllaVxxmLZg,Boston Dog Walks,,217 W Springfield St,Boston,,02118,42.3407,-71.0804,3.5,5,1
YGr5bKprPn6uKLm7xYUBvw,Old South Meeting House,,310 Washington St,Boston,,02108,42.3572,-71.0585,4.5,37,1
YGSacISAJEsEGrBKFwR0Gg,The Westland,,10 Westland Ave,Boston,,02115,42.3433,-71.0865,3.5,87,1
yGSZ_9nP_6mDgnlvNSM_hw,Cleanzen Cleaning Services,,30 Newbury St,Boston,,02116,42.352,-71.0726,5.0,33,1
ygXiTpn5eGfEIPlhrOhTAQ,Kenmore Properties,,474 Commonwealth Ave,Boston,,02215,42.3485,-71.0938,4.0,14,1
YHaKmpSIy_ceu9sx7mJ-6g,Devi Home,,1134 Washington St,Boston,,02118,42.3438,-71.0659,4.5,9,0
yHLNNseBMmHiWI1EtjZFaw,North 26 Restaurant and Bar,,26 North St,Boston,,02109,42.3608,-71.056,3.5,186,1
yhlWYXhhLmgHtQjowVXnlQ,Urban Adventure Quest Scavenger Hunt,,138 Tremont St,Boston,,02111,42.3553,-71.0636,3.0,8,1
yHmtnYAepD3tZ6W_GZvfYw,Alborz Corp,,406 Saratoga St,Boston,,02128,42.3782,-71.0327,4.5,41,1
yhoK0cKh00gCJgW0hyaoIQ,Vinnie The Tailor,,10 Milk St,Boston,,02108,42.3572,-71.058,4.5,25,1
yhRelsfsb6YxPcwYk1QZjg,The Dean's List,,5 Blossom St,Boston,,02114,42.3617,-71.0667,3.0,45,1
yhTn9mE2fltGzqyV2kyGiQ,boYO,,175 Cambridge St,Boston,,02114,42.3614,-71.0657,3.5,90,0
yHuV7fdSJT96ChiWpDrU-Q,Dig,,277 Washington St,Boston,,02108,42.3576,-71.0584,4.0,141,1
YhV9Yy2-rpr6BjbMxQo4hA,D's Keys,,391 D St,Boston,,02210,42.3429,-71.0456,4.0,72,1
YHWU7AHO2qQo9NcUV6v_XA,Phantom Gourmet Bbq Beach Party,,City Hall Plz,Boston,,02201,42.3603,-71.0573,1.5,14,0
Yi0C3ADmnnyDn1pzgSvFdg,Karmaloop,,301 Newbury St,Boston,,02115,42.3491,-71.0854,3.5,73,0
yI2BukJ0KnlBlJcEm8xlPQ,Ze Liang Photography,,,Boston,,02116,42.3531,-71.0765,5.0,6,1
yIEBxjBbr8w_u2oTV4oANQ,Blackbird Doughnuts,,175 Cambridge St,Boston,,02114,42.3614,-71.0656,3.5,6,1
YIINEr-P2wPZg6015p6JTQ,Eden's Garden Bodywork,,17-23 Beach St,Boston,,02111,42.3513,-71.062,3.0,11,1
YIJC-Vjpkhet4jh5er_6UQ,CouCou,,24 Union Park St,Boston,,02118,42.3417,-71.0699,4.5,7,1
YiONkI6WVTa1kpQu28wyfg,Finagle-A-Bagel,,129 Tremont St,Boston,,02108,42.3562,-71.0619,2.5,37,0
YiPqpieykxacYmTkBa2Ecg,Four Green Fields,,1 Boston Pl,Boston,,02108,42.3585,-71.0584,2.0,35,0
YIz3SVgMJtyuG9eihTaHxg,Boston Barber & Tattoo Co.,,113 Salem St,Boston,,02113,42.3643,-71.0554,4.5,234,1
Yj59oDztxxSu7OW0tQY98A,Swank Events,,,Boston,,02199,42.3465,-71.0832,5.0,24,1
yj7IsbqT7iYzgGaVnQIgig,Phoenix Rising Intuitive Counseling & Energy Healing,,,Boston,,02459,42.3028,-71.1864,3.5,9,1
yj7lkAQt-wW41QbK9oEtAA,Unique Paving and Masonry,,33 Levant St Dorchester,Boston,,02122,42.3035,-71.0688,3.0,5,1
yja2kAtMDufBFlnGOsq3gg,Downtown Physical Therapy & Rehab,,125 Lewis Wharf,Boston,,02110,42.3633,-71.0501,4.5,6,1
YjsbM8IuBltb-dKJch5O9Q,For Eyes,,155 Federal St,Boston,,02110,42.3536,-71.0564,3.0,21,1
YjUrrZIO2O9ls4hiz8nMtA,Limelight Stage + Studios,,204 Tremont St,Boston,,02116,42.3521,-71.0645,3.0,230,1
YJW0EnrTiVykKgt2d-L2_g,City Convenience,,23 Beacon St,Boston,,02108,42.3581,-71.0626,3.5,17,1
yJZkJr3Bb5XqqoRDa22o5A,The Pour House,,907 Boylston St,Boston,,02115,42.3484,-71.0843,3.5,1132,0
YKo7scoP6aQ04n-nC-N3oQ,WGBH,,1 Guest St,Boston,,02135,42.3571,-71.1481,3.5,28,1
YKQ_3anKbxJsEIvd49DmmA,7-Eleven,,66 Charles St,Boston,,02108,42.3576,-71.0704,4.0,13,0
yKvlRknp1Feues1rG-aJlg,Lucky Strike Boston,,145 Ipswich St,Boston,,02215,42.3475,-71.0943,2.5,486,1
YL9FfXdFkPICVUZLpeJ1Dg,Guy's Men Salon,,350 Hanover St,Boston,,02113,42.3651,-71.0534,4.5,11,1
YLBFKc5nL1KBPQ3c334ang,Ferraras Kitchen & Bar,,76 Salem St,Boston,,02113,42.3636,-71.056,3.5,48,0
YlVj2DB9-Ma64XoivnuCIw,Sugar Baking Co & Restaurant,,4174 Washington St,Boston,,02131,42.2878,-71.1266,3.5,131,0
Ym26lsTwab-DG67TzQNCKw,Back Bay Oral & Maxillofacial Surgery,,311 Commonwealth Ave,Boston,,02115,42.3499,-71.0864,5.0,10,1
Ym5rwvubS3Nbq6DEduvwzw,Carbon Salon,,170 Tremont St,Boston,,02111,42.3537,-71.0638,4.5,128,1
ymB6CYKFkmhOi3FzW-xmLQ,Beacon Hill Wine & Spirits,,63 Charles St,Boston,,02114,42.358,-71.0703,4.0,31,1
YMeCuSkxjBxfsMWPrSXjbQ,La Colombe Coffee,,29 Northern Ave,Boston,,02210,42.3532,-71.0473,4.5,52,1
YMFXenoS7lSk897eXuoUjg,Cuppacoffee,,57 Traveler St,Boston,,02118,42.3439,-71.0625,4.0,76,1
YmmLd7a7yWLBnI2atbh-hg,Chuan Body + Soul Boston,,250 Franklin St,Boston,,02110,42.3565,-71.0546,3.0,14,1
YMwzbodNWxRxhY1Wz5gE1A,Roxy's Gourmet Grilled Cheese,,,Boston,,02118,42.3378,-71.0706,4.0,276,1
Yn66_QCyps93eWHKDu1ckg,Getaround,,,Boston,,02111,42.3515,-71.0602,3.0,42,1
ynHDZa7AK7l0zI5nbhCWYA,V&O Salon,,168 Newbury St,Boston,,02116,42.3504,-71.0788,4.5,64,1
YNi23YABQUMlNMk5iMPoNQ,Johnny & Gino Hairstyling,,430 Hanover St,Boston,,02113,42.3666,-71.0528,4.5,17,1
yNNzLyci38B1Ox17q_RgTg,Coach,,106 South market Bldg,Boston,,02109,42.3597,-71.0555,3.5,5,1
YnQdbXQ3ubkwPolGNioaIA,Verizon,,340 Washington St,Boston,,02108,42.3567,-71.0588,2.5,49,1
yo-U12t_aCHZdEshAAsX2A,Baroo,,125 Western Ave,Boston,,02163,42.3641,-71.1242,3.5,28,0
Yo0tU-488OoUNhAKGikcBA,Liz Martin Home Inspections,,,Boston,,02131,42.2832,-71.127,5.0,13,1
Yo3ss7K79oQD-Yq1adPT6w,Bob's Grocery Store,,160 Endicott St,Boston,,02113,42.3654,-71.0575,4.5,5,1
yobz_BBwvNxlSqThkHuL1g,RPM Automotive,,1090 Commonwealth Ave,Boston,,02215,42.352,-71.1241,4.5,13,0
YOVLkModM05WY6TVlUSiOw,Elizabeth Grady,,620 E Broadway,Boston,,02127,42.3356,-71.0394,3.5,5,0
YOx3vhK_vR3UxQhFkFR5xg,Caffe Nero,,114 Edgerly Rd,Boston,,02115,42.3436,-71.0868,3.5,32,1
YPA3X9b08eUcZI3hW5W6cQ,Bangkok Express,,1 S Market St,Boston,,02109,42.3602,-71.0554,3.0,11,0
YpG-pufdeRxzeni6KhLN_Q,Simon Pearce Retail Store,,103 Newbury St,Boston,,02116,42.3517,-71.0754,3.5,8,0
YPHtvS1XDB2DxjGwj7gcxA,Carson Beach,,Babe Ruth Rd & William J Day Blvd,Boston,,02127,42.3262,-71.0478,3.0,58,1
YPMMkUSAvZX4K-JsUbREyQ,Thinking Cup,,165 Tremont St,Boston,,02111,42.3539,-71.0637,4.0,1171,1
ypn6Ocy-F7ghEhwORYe40Q,Deputy Delivery Service,,442 Bennington St,Boston,,02128,42.381,-71.0232,2.0,22,1
yptMkCZ38DkhX8wtK0JojQ,Clarendon Companies,,254 W Newton St,Boston,,02116,42.3448,-71.0813,3.0,6,0
yPx4g84TNFkZjm0nx23vWw,Leeba Salon,,627 Commonwealth Ave,Boston,,02116,42.3496,-71.1017,2.5,6,0
YQ9xc0i18Xvv9-nP9shbnQ,Airport Taxi Cab Service,,121 Tremont St,Boston,,02135,42.3514,-71.1734,2.0,15,1
YqTU65_db_Ol0kptJi6yNA,T & T Nails,,1738 Dorchester Ave,Boston,,02124,42.2908,-71.0627,3.0,11,1
YQV_7tGuBTjf7-Gt-jEIxQ,Molly Moo's,,687 E Second St,Boston,,02127,42.3371,-71.0358,3.0,60,0
yR84wlTN1Y5CpJBQxRUF2g,Goorin Bros.,,130 Newbury St,Boston,,02116,42.3509,-71.0766,4.5,42,1
yrdGWTPljyVHZcsj_H2AnA,Diptyque,,123 Newbury St,Boston,,02116,42.3515,-71.0765,5.0,11,0
yrDvVoLJumLyV5uX5CwlxQ,City View Trolley Tours,,,Boston,,02132,42.2798,-71.1627,3.5,77,1
yrGADP7lK7V2c8xexUnK5w,Steven M Ayr,,303 Congress St,Boston,,02210,42.3513,-71.0506,5.0,5,1
YRhB3iE66Forig6rpAWzfg,Staples the Office Superstore,,25 Court St,Boston,,02108,42.359,-71.0586,3.5,11,0
yrkUofMv7pVLTK-sGJ7z7A,Banh Mi Oi,,1759 Centre St,Boston,,02132,42.2875,-71.1506,4.5,37,1
YrlZ1byddxqniagLuna6_Q,Lester Harry's,,115 Newbury St,Boston,,02116,42.3515,-71.0761,5.0,6,0
yRnDaw8vXriY0O08SPA6sw,Beacon Hill Yoga,,57 Phillips St,Boston,,02114,42.3604,-71.0686,4.5,7,1
yRO9RBjOsF07pE3RjodfeA,Zoup!,,3 Center Plz,Boston,,02108,42.3592,-71.06,2.5,57,0
yROB8B9FyDCKjJ2mI6jklg,Hamersley's Bistro,,553 Tremont St,Boston,,02116,42.3443,-71.0718,4.0,381,0
Yrp_5hrbRyUmDgfYAjTe3w,Stairhopper Movers,,420 Rutherford Ave,Boston,,02129,42.3797,-71.0718,5.0,410,1
yrs4qDCyS0aq8PwE0rMyHw,DJ Cookie Policy,,,Boston,,02116,42.3531,-71.0765,5.0,12,1
YryacNKSA215C_KQOuntkg,Ford Realty,,137 Charles St,Boston,,02114,42.3602,-71.0706,4.5,14,1
YRzCQ0J34IbnyXFo1lJLlA,Verizon,,185 Franklin St,Boston,,02110,42.3557,-71.0551,2.0,16,0
YS9H1XGCWauFlxhpfDCZDw,Equinox Sports Club Boston,,4 Avery St,Boston,,02111,42.353,-71.0633,3.5,82,1
YSfnSfbqqlkxBwL_SclZNA,Vessel,,125 Kingston St,Boston,,02111,42.352,-71.0594,3.0,6,0
YsKg2obj2sa3e5PRVN1UzA,Citibank,,491 Boylston St,Boston,,02116,42.3514,-71.0742,2.5,8,0
ySLTN8LRUzfPBxUyJrgXDQ,Sat? Grill-on-Wheels,,Dewey Sq,Boston,,02116,42.353,-71.0556,3.5,81,1
YSME8Os8MIOpQnzvoDknhw,GLC Painting and Carpentry,,,Boston,,02134,42.3593,-71.127,4.5,5,1
ySMLCCmtOHs0iqZAKArLKg,Beecher St Dog Park,,16 Beecher St,Boston,,02130,42.3184,-71.107,2.5,5,0
YsnRfmXsDV7aeeNR_ocajA,Atlas Properties,,37 Fairfield St,Boston,,02116,42.3498,-71.0824,4.5,22,1
ySUYOWZUEBxqVZ7vqrFevA,Naked Fish Restaurant,,16 North St,Boston,,02109,42.3609,-71.0557,4.0,13,0
YsvhjzV-eF3sRVdNXJLK6g,Log Me In,,320 Summer St,Boston,,02210,42.3495,-71.0481,1.0,6,1
YsxfNw7adBpWKXEl0p80xA,Finagle A Bagel,,535 Boylston St,Boston,,02116,42.3509,-71.0755,3.5,152,1
ysxXehAKCjN137hnfpn6yA,Trattoria Il Panino,,280 Hanover St,Boston,,02113,42.3639,-71.0546,4.0,440,1
YtdAJc3gIL1-HcENBZCCvQ,Boston Sports Clubs,,800 Boylston St,Boston,,02199,42.3465,-71.0808,2.0,71,1
YtKp_M4kTDodkjT4ZUf94Q,Green Star Laundry & Dry Cleaners,,90 L St,Boston,,02127,42.3343,-71.0351,3.0,14,0
YTt3Vutktoq_dvohAnu69g,Bank of America,,60 State St,Boston,,02109,42.3594,-71.0566,2.0,12,1
YtZKW4lpN6A2t042gl0dxA,Food For Thought,,567 Bennington St,Boston,,02128,42.3825,-71.0182,5.0,5,1
yu_QnckqSDG4hSCzPtdcwQ,VERTS Mediterranean Grill,,545 Boylston St,Boston,,02116,42.3509,-71.0759,3.5,68,0
yumU5bbDDAX6wdrJ7_Sxfw,Nhu Lan,,1157 Dorchester Ave,Boston,,02125,42.3113,-71.0577,3.5,13,1
yUuo99ENtzo0ur9OLS15tQ,Condom World,,332 Newbury St,Boston,,02115,42.3483,-71.0863,3.0,55,1
yV1oIPPM9eoJICygrFTHoA,Vaanga,,102 Water St,Boston,,02109,42.3582,-71.0549,3.0,54,1
YvdElFkErGW6vXAAzlMJjQ,Hair & Make-up by Natalie,,,Boston,,02127,42.3365,-71.0349,5.0,6,1
YvjAuYJyW7HZ1r7FGk1y3g,Tatte Bakery & Cafe,,399 Boylston St,Boston,,02116,42.3518,-71.0719,4.0,329,1
YvjtRVKGCoX_rQx8oVBdmQ,Park Street School,,67 Brimmer St,Boston,,02108,42.3564,-71.0717,4.0,6,1
YVMBHs9JBbKXNqCfBMHfjA,Emerson Colonial Theatre,,106 Boylston St,Boston,,02116,42.3523,-71.0654,3.0,28,1
yvmVtDZ6gE0yOLFpdavq5w,East Boston Shell,,52 Meridian St,Boston,,02128,42.3716,-71.0393,2.0,7,1
YVoc-wAXL3R_c6AX6qyWHA,Catseye Pest Control,,,Boston,,02210,42.3517,-71.0409,3.0,16,1
YVvcbOEhF2nWwoMETXjDUQ,Taste This Tours,,,Boston,,02101,42.3571,-71.0569,2.5,7,0
YWGPtH-uIkxuY19TZ3yQaA,EverGreen Christmas Tree Delivery,,65 Northern Ave,Boston,,02210,42.3526,-71.0459,4.5,19,1
yx_tOt-p-pxWNWAc2ebTcA,Casalinga,,151 Hanover St,Boston,,02108,42.3619,-71.0568,4.5,52,0
Yx9s6U1huOQSW2aemJ5lAA,The Shine Band,,,Boston,,02116,42.3531,-71.0765,5.0,6,1
YXd601dv4URD2f76lBLlvA,Artie's Famous Sausage,,34 Yawkey Way,Boston,,02215,42.3475,-71.0996,4.0,6,1
yXgJ3_DPc4SQ-MDIw5Fkvw,Pita,,197A Massachusetts Ave,Boston,,02115,42.3452,-71.0871,4.0,118,0
yXIAEdlOsTJ2zXGRFKph1w,University of Massachusetts  Boston,,100 Morrissey Blvd,Boston,,02125,42.3149,-71.0376,3.0,54,1
yXVgVKV-Ek_tE9EZXMVTEQ,Hennessy's,,25 Union St,Boston,,02108,42.361,-71.0568,3.0,302,1
YXxdNcN_qR1h5gqdNqRw_A,Green Room,,40 River St,Boston,,02108,42.3572,-71.0706,5.0,33,1
Yy1NRIZf9-_Cjb5ZkHs1Iw,Emerge Spa and Salon,,275 Newbury St,Boston,,02116,42.3495,-71.0838,4.0,79,0
YyE8sPnsccZdPRZ8b_t5PQ,Pupuseria Mama Blanca,,389 Maverick St,Boston,,02128,42.3657,-71.029,4.0,19,0
yyF1jAEISHdPF86xHMT8_g,Natural Image Boston,,100 Federal St,Boston,,02110,42.355,-71.056,3.5,39,1
yyFo8rQfbkSM6D5wYXDvag,Diesel,,339 Newbury Street,Boston,,12115,42.349,-71.0867,3.5,23,1
YyfOf12Q5_BdwL4g8IZMmQ,BK2 Salon,,55 Dartmouth St,Boston,,02116,42.3445,-71.0745,4.0,32,0
yYGEC_sluNnh2obO09aPqg,The Ruby Door,,15 Charles St,Boston,,02114,42.3566,-71.0694,3.5,5,0
YYkp4Y54bXLx-GVY3tyqDA,Briana Moore Photography,,,Boston,,02201,42.3582,-71.0585,5.0,13,1
YYOfxkqpva8JejHg_RM_Gw,Mr. Perfection,,1 Seaport Ln,Boston,,02210,42.3492,-71.0414,2.5,50,1
Yz2lwK_g4K1aO5vMNto7iw,A & L Bakery,,330 Sumner St,Boston,,02128,42.3674,-71.0358,4.5,24,1
Yza2V-zlc1iCCeiHxhdKDA,P.F. Chang's,,800 Boylston St,Boston,,02199,42.3462,-71.0829,2.5,291,0
yZD8vYpYOuDQthb_S0STeQ,Isabelle's Curly Cakes,,81 Charles St,Boston,,02114,42.3584,-71.0705,2.5,101,0
yzdSWz86E1LF1172i3JOjA,Olecito,,700 Commonwealth Ave,Boston,,02215,42.3495,-71.1039,2.5,25,0
YzYUTJJtpOrXRuQsdwTCPQ,Tealuxe,,108 Newbury St,Boston,,02116,42.3513,-71.0757,4.0,172,0
Z__6nHW470HmI7x1X4JYkQ,Fairmont Copley Plaza,,138 St. James Ave,Boston,,02116,42.3494,-71.0763,3.5,242,1
z_2nt68lK5rjtX02OhEt7w,Fama Hair Style,,4406 Washington St,Boston,,02131,42.2812,-71.1335,4.0,5,1
z_LIIA64Xd5Nj7XdseTIbA,Central Park Lanes,,10 Saratoga St,Boston,,02128,42.376,-71.0387,4.5,20,1
z_r7agzFSVznJh3elmIL2w,Boston Public Library - West End Branch,,151 Cambridge St,Boston,,02114,42.3615,-71.065,4.0,9,1
Z-bp6jN6qlYCIKCH3kQetg,National Car Rental,,1 Congress St,Boston,,02114,42.3626,-71.0592,4.0,23,1
z-qatM4IaDOpvxsFbO6ViA,Stephen Mccarthy - Compass,,126 Newbury St,Boston,,02116,42.3513,-71.0763,4.5,12,1
Z-vbqe49BGZUzdXB10Bo2g,Commonwealth Books,,2 Milk St,Boston,,02108,42.357,-71.0584,4.0,15,0
z-ZiI8wO0XQTxeWcxsYguA,Tour De France,,67 Thayer St,Boston,,02118,42.3426,-71.064,1.5,94,0
Z04_gyWRXFtJmKGdt4KRdA,The Bar at Taj Boston,,15 Arlington St,Boston,,02116,42.3528,-71.0716,4.0,47,0
Z04fUYhnGI9J7D76g2ozCw,FoMu Ice Cream,,140 Brookline Ave,Boston,,02115,42.3443,-71.1013,4.5,21,1
Z1e8YFq_O_738SsZz0Kvdw,DHL,,420 E St,Boston,,02127,42.3417,-71.0454,1.5,42,1
z2A6Tf_3Z-sclKBSViYbsw,Friendship BBQ,,42 Beach St,Boston,,02111,42.3516,-71.061,3.5,33,1
Z3-r4EEXnL82TF27wdzSyw,Yellow Door Taqueria - South End,,354 Harrison Ave,Boston,,02118,42.3452,-71.0634,3.5,44,1
Z32tcxg2uLd96jB5K42zig,Boston Dog Butlers,,643A Tremont St,Boston,,02118,42.3423,-71.0753,5.0,20,1
z3slk9kNXG2vVvQvE-7vPg,Misono Wok,,1095 Commonwealth Ave,Boston,,02215,42.3522,-71.1247,3.5,43,0
Z3syy-BDggmKeisNZy0QEg,Braz Motor Auto Repair & Sales,,306 Bremen St,Boston,,02128,42.3763,-71.0305,5.0,7,1
z3vubepYEzLjKg5z386IcA,Who's On First,,19 Yawkey Way,Boston,,02215,42.3461,-71.0986,2.5,31,0
z3ZbjTs3wF_LjRamPAP04Q,Bertucci's,,533 Commonwealth Ave,Boston,,02215,42.3493,-71.0967,3.0,133,0
Z4nYOABio2eASB9x7h43Cw,Fox Sports Sky Box Bar and Grill,,Terminal B,Boston,,02228,42.3621,-71.0188,2.0,16,1
z4V3DWvYoZezEUj9ulQKBA,Cha Cha Cha,,536 Columbus Ave,Boston,,02118,42.3415,-71.0802,4.0,44,1
Z4wwf11pH0J1qNAz9b99Cg,Boston Indian Kitchen,,51A Massachusetts Ave,Boston,,02115,42.3497,-71.0892,4.0,88,0
Z5J0YP3a-RJth5tvBZb7TA,American Dry Cleaners,,549 E Broadway,Boston,,02127,42.3354,-71.0422,3.0,20,1
Z5vbXHHKX0t0DFGKtbj15g,Cleaning Innovation Services,,,Boston,,02126,42.2771,-71.0914,1.5,22,1
z6Goehovhfbbp206Xj-S2w,The Charles Street Inn,,94 Charles St,Boston,,02114,42.3585,-71.071,4.5,16,0
Z6rm7gDX_BAaR5bgQ4yu0A,Brick Boston,,133 Federal St,Boston,,02110,42.3542,-71.0566,4.5,11,0
Z6TxNESBcQu7P0bm_F1RrQ,Boston Public Library,,700 Boylston St,Boston,,02116,42.3496,-71.0776,4.5,522,1
z7JdZGMHKNIUdj_E6YXBdA,The Vintage Garden,,61 Thayer St,Boston,,02118,42.3425,-71.0648,4.5,13,1
z7M64jciWtR_vdiVQN2u-A,UFood Grill,,Logan International Airport,Boston,,02128,42.3667,-71.0165,2.0,64,1
z7rg2ipRiLQmvbEF-wUYqw,Urban Spoon Catering and Personal Staffing,,,Boston,,02116,42.3531,-71.0765,1.0,58,1
z7SqhhY-dcVucbZo51U2xw,Dorchester Tire Service,,1160 Dorchester Ave,Boston,,02125,42.3108,-71.0573,4.5,134,0
Z7yoRa82PRkwdUOl6AuCQg,Wing's Kitchen,,23 Hudson St,Boston,,02111,42.3505,-71.0603,4.0,83,1
Z86qIqO8Xu5MiKrEiTWmSw,Revolution Health Kitchen,,150 Huntington Ave,Boston,,02115,42.3445,-71.0824,4.0,98,1
Z8oPxmUGX-v1BxKHw4RYnA,Charles/MGH T Stop,,Red Line,Boston,,02114,42.361,-71.0717,4.5,12,1
Z9ANWCS4ndxWy9wKM1ButA,Bushwood Cocktail Club,,131 Broad St,Boston,,02110,42.357,-71.0519,3.0,11,1
z9C9D9_11dMHdFhtStWGfg,Nespresso Boutique,,800 Boylston St,Boston,,02199,42.3475,-71.0821,3.0,131,1
Z9wYW4H3b5_s9ix3TESidA,College Convenience,,281 Huntington Ave,Boston,,02115,42.342,-71.0865,3.0,14,1
ZAAWKq9aze2oWr29R_YJoQ,West Cedar Dry Clean & Laundry,,94 West Cedar St,Boston,,02114,42.3606,-71.0703,3.5,9,1
ZAGnjugFyp1FqAqrzzFlZA,7-Eleven,,103 State St,Boston,,02109,42.3591,-71.0551,3.0,10,1
zamU0RuHpgRMhV67VqkFdQ,House Of Ivy,,699 E Broadway,Boston,,02127,42.3354,-71.0373,4.5,27,1
ZApg9GPQRh-zrO0jC3WJLw,Karma Yoga Studio -- Newbury,,338 Newbury St,Boston,,02115,42.3482,-71.0866,4.0,21,0
zAT87fVZu-SYN7rUNukPpg,Lyft,,,Boston,,02128,42.3695,-71.0201,2.0,118,1
ZAV8c9iGKV8zWHxOpTxdYQ,Select Oyster Bar,,50 Gloucester St,Boston,,02115,42.3486,-71.0841,4.0,367,1
zB3KbtrGu020QKX1wW7JRQ,The Revolution Hotel,,40 Berkeley St,Boston,,02116,42.3459,-71.0709,4.0,57,1
ZB9J5fMd6o-PZj-cQvhiyQ,Dunkin',,411 D St,Boston,,02210,42.3447,-71.0436,2.5,15,1
zbmqGFmNAYEQIIu39xbQgA,FYE,,411 Washington St,Boston,,02108,42.3557,-71.0602,2.0,12,0
ZBUPqfDoITRazdKCzFNP_A,Lu's Sandwich Shop,,2 Knapp St,Boston,,02111,42.3514,-71.0623,2.5,20,1
ZC2OrS85h782HYm6WIpQGQ,DAVIDsTEA,,298 Washington St,Boston,,02108,42.3573,-71.0583,4.5,92,0
zCge1SYxZ19lwupekazW3w,PS Style Nail Spa,,148 Brookline Ave,Boston,,02215,42.3447,-71.1009,2.5,22,0
ZcwsarN4MYbM-KBlbLHrRA,Doretta Taverna & Raw Bar,,79 Park Plz,Boston,,02116,42.3515,-71.0701,4.0,142,0
ZD5kNiYNEPTCygZEXJg4QA,Pollos A La Brasa El Chalan,,405 Chelsea St,Boston,,02128,42.3798,-71.027,3.0,49,1
zdcXW7IkOw_fBS1N91meRA,Dias Restoration,,,Boston,,02118,42.3378,-71.0706,3.0,7,1
zdhzhPtDMikkfXw1O2bXQQ,Gnomon Boston,,325 Huntington Ave,Boston,,02115,42.3409,-71.0881,3.0,5,1
zDOnZ_lsvSsJOe5Becf3QA,Equity Residential,,1 Longfellow Pl,Boston,,02114,42.3638,-71.0647,1.5,36,1
zDOY4Xvh6xnGMg_M7wh77g,Lofts At Lower Mills,,1245 Adams St,Boston,,02124,42.2713,-71.0682,4.0,7,1
zdPj51vB9NBt4U7vsvaNUw,Deluca's,,239 Newbury St,Boston,,02116,42.3498,-71.0825,3.0,116,1
Zdvnu_d4s-Vssv0grvblkA,Revere Hotel Boston Common,,200 Stuart St,Boston,,02116,42.3504,-71.0675,3.5,401,1
ZdW_Q6Jx1a0P6nDg_IKR3g,Oliver's Street Cafe,,260 Franklin St,Boston,,02110,42.3567,-71.0539,4.0,28,0
zdW-ZaG11G9haqs4zVPXuw,BSA Management,,555 Columbus Ave,Boston,,02118,42.3414,-71.0811,2.0,10,1
ZDwOzqELtyjuYRiR2DAvRw,Gregory's Fine Tailoring and Clothing,,26 Prince St,Boston,,02113,42.3644,-71.0544,3.5,50,1
zdYoiFE5EudRmQ8Et-6v5Q,Boston Harbor Garage,,70 E India Row,Boston,,02110,42.3576,-71.0503,1.5,24,1
zEel4VKJtybhJurBaHbsuw,Local 149,,149 P St,Boston,,02127,42.3331,-71.0274,3.5,431,1
zeGfF8hTZhs7q9VX0vPtmw,MBTA - Back Bay Station,,145 Dartmouth St,Boston,,02116,42.3474,-71.0753,2.5,82,1
zEGImJp9lYQzseWH-Pa6Gw,Alluring Beauty,,15 Lamartine St,Boston,,02130,42.3226,-71.1009,4.5,7,1
ZeKCJaBYvVkv2gh5-lftDA,Seaport Boston Flower Shop,,200 Seaport Blvd,Boston,,02210,42.3514,-71.0405,4.5,12,1
ZEkqDYklvMlbYwZQGy921Q,Pulcinella Mozzarella Bar and Restaurant,,78 Salem St,Boston,,02113,42.3637,-71.0559,3.5,37,0
Zen9aMi9sL7Pq1LsjOqz7Q,Good,,98 Charles St,Boston,,02114,42.3585,-71.0709,4.0,20,1
ZeNPBof4p3wNGs8Capx8Zg,District Barbers Boston,,190 Hight St,Boston,,02110,42.3567,-71.0522,5.0,11,1
zENrxDy3ymSzoGhtUZSVxA,Huntington Wine & Spirits,,301 Huntington Ave,Boston,,02115,42.3413,-71.0871,3.0,28,1
ZepRG9iVXXA-u3gH5C-UKA,Solas Irish Pub,,710 Boylston St,Boston,,02116,42.3493,-71.0798,3.5,374,1
ZeQAi_FruuOFkVO5R4PLCg,Pink & Pretty,,107 Savin Hill Ave,Boston,,02125,42.3116,-71.054,3.5,16,1
zErOZWWkMbm6Rf3_N1Krbg,Wine Gallery,,681 Washington St,Boston,,02116,42.3515,-71.0628,3.0,15,0
zevx7LgtIbw3X65_sOGgUQ,The Blues Jean Bar,,85 Newbury St,Boston,,02116,42.3519,-71.075,3.5,27,0
Zf70bCxwMFD1TCBKr13LQQ,South Street Diner,,178 Kneeland St,Boston,,02111,42.3499,-71.0578,3.5,767,1
ZF9iGT6Zy6KjYn0IdomWmg,28 Exeter at Newbury,,28 Exeter St,Boston,,02116,42.3501,-71.0796,4.0,8,1
ZFCJr_QRGPVKerWCkvR7SA,Bar 10,,10 Huntington Ave,Boston,,02116,42.3485,-71.0772,3.5,120,1
ZFF2LtKy6ggv5vd4t40wug,Mediate Management Company,,4 Bunker Hill Industrial Park,Boston,,02129,42.3785,-71.0719,1.5,14,1
ZfGuMUhFbSBx0yAKc0GPIA,Frenchie Wine Bistro,,560 Tremont St,Boston,,02118,42.3437,-71.0718,4.0,208,1
ZFTwstcHJa9jXSCwMuURkQ,The Ski Monster,,60 Canal St,Boston,,02114,42.3636,-71.0595,5.0,109,1
ZG48sY9nlYwzZK7zh0Q24g,Wedding Tresses,,213 Newbury St,Boston,,02116,42.3502,-71.0812,3.5,12,1
Zg90qJF9EvASbqEARi3bZA,Maria's Taqueria,,226 Tremont St,Boston,,02116,42.3514,-71.0646,4.0,298,1
ZGdlNkTitHAYwGWrqM1knQ,The Shade Store,,116 Newbury St,Boston,,02116,42.3513,-71.0761,3.5,8,1
zgmz9izYaUlnU-Acx9L8UQ,Arya Trattoria,,253 Hanover St,Boston,,02113,42.3633,-71.0549,4.0,248,1
zgSJHrV4byu-Gb6HNuvwyA,Bank of America,,315 Washington St,Boston,,02108,42.357,-71.0589,3.0,6,0
zhBB-72ki_HUCrwj_BcQsQ,Buco Trattoria,,300 Summer St,Boston,,02210,42.35,-71.0492,4.0,25,1
ZHetVHKgizCB24Lb_ihFnA,Falafel King,,144 Tremont St,Boston,,02110,42.3553,-71.0628,4.5,16,1
zHIjyQzojk5T9gvH0pRq6w,Dellaria Salons Boston,,78 Summer St,Boston,,02110,42.354,-71.0581,3.5,75,0
ZhIwQSGvTLZacFW7o4STLg,ZC Boston,,801 Massachusetts Ave,Boston,,02118,42.3331,-71.0734,3.5,177,0
ZHmOB0QsOmpijXquZtyCqg,Room Escapers Boston,,112 Blackstone St,Boston,,02109,42.3618,-71.0567,5.0,80,1
zHp5_foFTCJSy3KcQjIQBA,Rick Walker's,,306 Newbury St,Boston,,02115,42.3486,-71.0852,4.5,21,1
zhPYTXwT-OzIf6mJg9P5Ww,Boston Billiard Club,,126 Brookline Ave,Boston,,02215,42.3453,-71.1002,3.5,53,0
ZhQKUrnLnJ30Sj884m2uTQ,Total Security,,,Boston,,02116,42.3531,-71.0765,5.0,12,1
zhS54OVy5AU8q3UC_nvEOA,JD Small Engine & Injector Service,,,Boston,,02131,42.2832,-71.127,4.5,6,0
ZHUL5Vu7-iJ1r9F_wVfliA,Bailey & Sage,,103 State St,Boston,,02109,42.3591,-71.0551,3.0,132,1
zhV7I-TcJKOGPWTIK9-8cA,Anime Zakka Boston,,297 Newbury St,Boston,,02115,42.3491,-71.0852,4.0,24,0
zhyKhvQX7OJ-GtWZfoG5PQ,St Leonard of Port Maurice,,14 N Bennet St,Boston,,02113,42.365,-71.0541,4.5,12,0
zI68VPQlt0MT5DBqxILq4g,The Ward Eights,,,Boston,,02124,42.2826,-71.0676,5.0,6,1
ZIDpQv9y5UWTSE-01hOfVQ,Kamakura,,150 State St,Boston,,02109,42.3594,-71.0541,4.0,92,0
zieUodakLeMjNuUBY3O8zg,Tasty Pot,,194 Harvard Ave,Boston,,02134,42.3508,-71.131,4.0,210,1
ziLEh-sYTWAIoXAu6x3j4w,Richella's Skincare Studio,,50 Concord Sq,Boston,,02118,42.3419,-71.0796,4.5,17,1
zIqJ47puo6IxOrfKI7oYGA,Awesome Nails Plus,,1158 Blue Hill Ave,Boston,,02124,42.2854,-71.0912,1.0,12,1
zirTuyhAk7GJSpW6_MehpQ,Whitney + Winston,,113 Charles St,Boston,,02114,42.3594,-71.0706,4.0,5,1
ZiUZYZhbmJ9yzdGsiU2KxQ,Pellino's Ristorante,,2 Prince St,Boston,,02113,42.3641,-71.0536,4.0,327,1
ZivjHTOTwqkS9LCiJhJvRA,Prima e Dopo,,300 Saratoga St,Boston,,02128,42.3783,-71.0318,4.5,30,0
ziZds2vvl4g8bHciN8-6TA,Safety Insurance,,20 Custom House St,Boston,,02110,42.3579,-71.0536,2.0,80,1
zjAnGneCz4Nygz9l4OyQgQ,Griddler's Burgers & Dogs,,134 Boylston St,Boston,,02116,42.3523,-71.0661,3.5,78,0
zJc-8AKjGia6HJCPJ_4Obw,Mul's Diner,,75 W Broadway,Boston,,02127,42.3418,-71.0558,4.0,312,0
zJD2d98Jx7EisYdYy6sCPQ,Daddy's Junky Music Stores,,165 Massachusetts Ave,Boston,,02115,42.3462,-71.0872,2.0,39,0
zJf6Zl976zlcu1o8vv5UAQ,Better Sorts Social Club,,90 Tremont St,Boston,,02108,42.3573,-71.0607,3.5,27,1
zjIDQbEpwCcg89YammzS4w,Advantage Real Estate,,1066 Commonwealth Ave,Boston,,02215,42.3517,-71.1231,4.0,18,1
ZjizmUFYq7NP8N-FAbtzFw,Herrera's,,11 Temple Pl,Boston,,02111,42.3553,-71.0626,3.5,137,1
ZjngiiHyOtmbJu0G-jRnqw,S & F Auto Body,,503 E 2nd St,Boston,,02127,42.3381,-71.0435,4.5,42,1
ZJw7_sCOfaUmib1Q0vBAZA,Jade Garden,,18-20 Tyler St,Boston,,02111,42.3508,-71.0606,3.5,232,1
zjWGMm1SGJWeSaDpVVDU4g,Modell's Sporting Goods,,480 Boylston St,Boston,,02116,42.3508,-71.0735,2.5,11,0
zjXP5WG02kH9euQ7qctyow,Fazio Mobil,,392 Chelsea St,Boston,,02128,42.3796,-71.0279,2.0,5,1
ZJZvQeRYRzisDYCjCX-v1w,MBTA Bus Route 47,,10 Pk Plz,Boston,,02116,42.3515,-71.0668,2.0,6,1
zK2eigZ80nm0S1tyInecGA,Sergios Pizzaria,,283 Old Colony Ave,Boston,,02127,42.3303,-71.0529,2.5,19,1
Zk2hzvQKq065gTwvAsFt8A,City Bar,,425 Summer St,Boston,,02210,42.3461,-71.043,3.0,52,1
ZkBkUghZjpq8-pXLz9YIhA,Aisling Bed & Breakfast,,21 E Concord St,Boston,,02118,42.3371,-71.0742,4.5,11,1
zkBUeXzf8xyj42Ry7PKppQ,El Molino,,71 Broad St,Boston,,02109,42.3577,-71.0537,4.0,19,0
zkHYuPeJK_jNGN3z3Ha_sg,MGH Weight Center,,50 Staniford St,Boston,,02114,42.3623,-71.064,3.5,5,1
zklCdZt6IXs63f06VNwG2Q,Chipotle,,95 Allstate Rd,Boston,,02118,42.3258,-71.0622,1.5,6,1
ZKMH8YavZE95ehYWJg-7hA,Visionworks,,100 State St,Boston,,02109,42.3592,-71.055,2.0,29,0
ZKNRtvCLHQnHX3oXf1qKyQ,The Handle Bar Indoor Cycling Studio,,1330 Boylston St,Boston,,02215,42.3441,-71.0985,4.5,64,1
zKnXpHd_K6WALd-MBYO-Wg,Cafe Vanille,,70 Charles St,Boston,,02108,42.3579,-71.0706,3.5,129,0
ZkPrt1QV5XujduGhbR8dTw,American Craft Beer Fest,,Seaport World Trade Center Boston,Boston,,02210,42.3491,-71.0415,4.0,26,1
zkUG0gxsmsXmyoRBy3h7zA,M Salon,,54 Queensberry St,Boston,,02215,42.3425,-71.0973,4.5,35,1
ZkW-uXctO86SWp5lWQ36GA,Massachusetts Historical Society,,1154 Boylston St,Boston,,02215,42.3464,-71.0899,5.0,5,1
zkyqCKj0K1s1ZK1L2p6N6g,Joy Rice China Cafe,,3510 Washington St,Boston,,02130,42.3059,-71.1079,3.0,14,0
ZL2nuSIfQ1EBHXiMWsmItQ,DoubleTree by Hilton Hotel Boston - Downtown,,821 Washington St,Boston,,02111,42.3488,-71.0645,3.0,208,1
ZL7RcFjuPZxzNTsnCcUzaA,Massachusetts Turnpike,,,Boston,,02114,42.3653,-71.0646,2.5,34,1
ZldJEnH8px3m1AxWfAOC8A,Artisan Properties,,975 Tremont St,Boston,,02120,42.3374,-71.0842,3.5,11,1
Zletp3i1UmykDpDt8sJsyA,Allan Goldstein MD,,Massachusetts Eye And Ear Infirmary,Boston,,02114,42.3628,-71.0701,4.5,6,1
ZLJ9tTccGxqQF10F45m7Fw,Area Four Food Truck,,Dewey Sq,Boston,,02111,42.3511,-71.0612,3.0,14,1
ZLrVNI9dBj4SrTwlcKtUvg,Edible Arrangements,,241 Washington St,Boston,,02108,42.358,-71.058,3.0,16,0
ZLTi7fL9up9y-hHRFfLK_Q,The UPS Store,,139 Charles St,Boston,,02114,42.3602,-71.0706,2.5,22,1
zLTyl21XsNlMKcetLvAiFQ,Kim Kim BBQ,,,Boston,,02108,42.3549,-71.0661,2.0,17,1
zLVJG3ZYZxh4vYOsaX63Rw,Anna's Nail Design,,566 Washington St,Boston,,02111,42.3539,-71.062,2.0,6,1
zLWtaPQ4ifcnuEfTLOoVqw,Boston JerkFest,,41 Berkeley St,Boston,,02116,42.3462,-71.0702,2.5,20,1
Zm29bLI2eYCevnse4n2U1g,Luna's Restaurant Italian and Latin Cuisine,,945 Saratoga St,Boston,,02128,42.3866,-71.0091,4.5,69,1
zMDMx_QggIRrxF4jz0eJSw,The Reserve,,250 Franklin St,Boston,,02110,42.3563,-71.0546,3.0,29,1
zMe4AHbag_XXu9c-iZZAfQ,American Home Cleaners,,1 Boston Pl,Boston,,02108,42.3613,-71.0718,1.0,7,1
ZmhNILAr6nlyOljNDwcm_A,King Frame,,4 Bromfield St,Boston,,02108,42.3565,-71.0599,5.0,10,1
ZmofggwUfh5BXd_A2bosLg,Angel's Nail & Spa,,579 Washington St,Boston,,02135,42.3503,-71.1651,4.0,10,0
zmXdDpOxso-ce13H7KUIOg,Happy Nails,,149 Washington St,Boston,,02121,42.3044,-71.0796,2.5,13,1
znALfbxctrY1K6hU44VIZg,Starbucks,,1341 Boylston St,Boston,,02215,42.3444,-71.0996,1.5,7,1
zNg13Ywkd5w7vzJalX0ufg,Easy Fix,,252 Newbury St,Boston,,02116,42.3493,-71.0827,4.0,46,1
ZNgekgB3B6sJWpYMiDZWVw,Hatoff's Gas Station,,3440 Washington St,Boston,,02130,42.3071,-71.1059,2.5,12,1
znHhtyyY_MnAjNR6Mcipdw,University House of Pizza,,452 Huntington Ave,Boston,,02115,42.3383,-71.093,3.0,149,1
znkU8_QJ4Dksd8XUVjXBcg,Fuku Boston Seaport,,43 Northern Ave,Boston,,02210,42.3533,-71.0469,3.5,182,0
ZnVLB8xxzpZaJwOo6Ly1mQ,Paul's Rubbish Removal Service,,541 Dorchester Ave,Boston,,02127,42.3213,-71.0569,4.5,7,1
znw2UdT9WZsPTV6xlYAvYA,Deli Haus,,476 Commonwealth Ave,Boston,,02115,42.3487,-71.0938,5.0,5,0
ZO-TZrkIBIifC1CrTCH6CQ,The Kitchen at Boston Public Market,,100 Hanover St,Boston,,02108,42.3621,-71.057,4.5,5,1
zO66lqHBW8CXKo-dJ_fehA,Boston Opera House,,539 Washington St,Boston,,02111,42.354,-71.0623,4.5,224,1
ZOC6364eW5Kdcj8LA3HiSQ,FunTea Cafe,,1472 Dorchester Ave,Boston,,02122,42.3006,-71.06,4.0,50,0
zOOiBmo7mrXi7AR4N7Xswg,Tatte Bakery & Cafe,,369 Huntington Ave,Boston,,02115,42.3402,-71.0902,4.0,53,1
ZotVZBU8N-_6JkeZhNTKIg,Cheeseboy,,280 Washington St,Boston,,02108,42.3573,-71.0583,4.0,91,0
ZOye4d6U5JIEtPkL9KzVeQ,Lisa Rigby Photography,,,Boston,,02228,42.3616,-71.0641,4.5,12,1
Zpb04gco4Q-fGk6KMnOytA,Liquid Hair Studios,,640 Tremont St,Boston,,02118,42.3419,-71.0748,4.0,598,1
ZpL8BhLq3qc4gVfy70iRLA,Kim's Tofu,,160 Brighton Ave,Boston,,02134,42.3529,-71.1327,4.5,248,1
ZpMTJxXE1NLgxjKIIIlGFQ,Lush,,166 Newbury St,Boston,,02116,42.3505,-71.0787,4.0,167,0
ZPoMqWlKtBGaHDSK50XWfg,City Place Boston,,8 - 10 Park Plz,Boston,,02116,42.3514,-71.0669,3.5,8,1
zpRhMWONkZLxbxzOUgV3ww,Revolution Rock Bar,,200 High St,Boston,,02228,42.3567,-71.052,2.0,124,0
ZPVN7Um9nHrujbwWggovhA,Citizens Bank,,77 Franklin St,Boston,,02110,42.3553,-71.058,2.0,6,1
zq0vUiyXZSMz8OCoet9o_g,K9 Sublime,,478 Western Ave,Boston,,02135,42.3618,-71.143,4.5,6,0
zq1CDyatorzGa6uUb8K0uQ,Brew at the Zoo,,1 Franklin Park Rd,Boston,,02121,42.3025,-71.087,4.5,27,1
zqCf8NExm94xFt4Z8tmJbw,Hadja African Hair Braiding,,483 Geneva Ave,Boston,,02124,42.2993,-71.0647,4.5,13,1
ZQNf8895P81vjCfyipjhYw,Scholars American Bistro and Cocktail Lounge,,25 School St,Boston,,02108,42.3578,-71.0592,3.0,376,1
zqTD7GlF7NVhbHaFWkDSgg,Paradise Rock Club,,967 Commonwealth Ave,Boston,,02215,42.3519,-71.1195,3.5,372,1
zQZiOcHY_iPgzc-BSuu8Jg,TD Bank,,24 Winter St,Boston,,02111,42.3555,-71.0613,2.0,16,1
zR1R3xlQQPnuCYZkTqz6bQ,Acorn Yoga,,576 Washington St,Boston,,02135,42.3502,-71.1652,4.5,38,0
ZRcXEA3Laj_G8i6Yd5OZ8g,Andrew Square Auto Glass,,603 Dorchester Ave,Boston,,02127,42.329,-71.0571,3.0,12,0
zrmOppjnaU4z2OTTARcu2A,Kennedy's Midtown,,42 Province St,Boston,,02108,42.3569,-71.0599,3.0,58,0
zRNWXDp8KRfBtupI-5aVdQ,Round The Clock Moving,,,Boston,,02125,42.3157,-71.0527,3.0,13,1
ZrSNKHiKK_PBB6UHx22FaA,21st Amendment,,150 Bowdoin Sq,Boston,,02108,42.3584,-71.0627,4.0,401,1
zRXMVHfjVxV0USOrRREdlQ,Pure Nightclub,,275 Tremont St,Boston,,02228,42.3499,-71.0656,2.5,17,0
zs87Vt4Pbl1OZOZ249GCaA,Tremont Dental Care,,635 Tremont St,Boston,,02118,42.3424,-71.0751,4.0,53,1
ZSaizqMFNDRGEsJAJ0sOpA,USS Cassin Young,,Charlestown Navy Yard,Boston,,02129,42.3794,-71.051,4.5,27,1
Zsc0Wn9hh6YgBYfbowV_2Q,Polished Prima,,421 Baker St,Boston,,02132,42.2844,-71.1696,5.0,5,1
ZSjZPKWp39nsRufe_ioWvA,Boston's Back Bay,,1 Newbury St,Boston,,02115,42.3527,-71.0712,4.5,6,1
ZSLS2l6ZHmeNHwSdLM-VjQ,Caff? Nero,,10 Summer St,Boston,,02110,42.3554,-71.0598,3.0,110,1
ztAEagRXQ-K1N08-GjKLQQ,James Perse,,17 Arlington St,Boston,,02116,42.3524,-71.0713,4.0,6,0
zTD-vYOkXrZTZmoabUIKMg,Firestone Complete Auto Care,,972 Commonwealth Ave,Boston,,02215,42.3512,-71.1199,2.5,79,1
ztd6DE4q8BOgebwJifZz8Q,Godiva Chocolatier,,800 Boylston St,Boston,,02199,42.3474,-71.0821,4.0,8,1
zteaPiwaOz6yUEcd6Lr3lA,Farnsworth Street Garage,,17 Farnsworth St,Boston,,02210,42.3512,-71.0483,2.0,9,1
ztjLZJQTHhk0uL7iGTo2Ag,J McLaughlin,,34 Charles St,Boston,,02114,42.3571,-71.0699,4.0,10,1
ztko9_fZ5LM9MtbFM1VbxA,Elizabeth Grady,,69 Newbury St,Boston,,02116,42.352,-71.0743,3.5,84,1
zTYa_vDV6P8ZfzAHF4KTsA,Wendy's,,71 Summer St,Boston,,02110,42.3541,-71.059,3.0,47,1
ZU892C-h5l6SkttXHeU9xA,Karma Yoga Studio,,971 Commonwealth Ave,Boston,,02215,42.3517,-71.1197,4.0,14,0
zuAgDGsdGRdZyiP0CLn1sg,Goll Insurance Agency,,581 Tremont St,Boston,,02118,42.3435,-71.0729,3.5,6,1
zUcZc--GVP-M_FWTzHBGgQ,Quality Mart,,21 Massachusetts Ave,Boston,,02115,42.3506,-71.0896,3.5,25,1
zUeebiAZRlqF4_BBjlHxqA,Aeromexico,,1 Harborside Dr,Boston,,02128,42.3698,-71.0196,2.0,5,1
zUghd8gLsGgFtL3F-qQhRQ,Lola's Urban Vintage,,187 Harvard Ave,Boston,,02134,42.3509,-71.1314,5.0,8,0
zuIx9YxFp-gBKz-9M6XKlA,Bank of America Financial Center,,260 Hanover St,Boston,,02113,42.3636,-71.0549,2.0,7,1
ZuKyrrpl_FSVig1Z-3Mlew,Ronny's Place,,505 Massachusetts Ave,Boston,,02118,42.3392,-71.0804,3.0,10,0
zUm7kcDqgPfKaL1-LUhX2A,Olives & Grace,,623 Tremont St,Boston,,02118,42.3427,-71.0745,4.5,35,1
zUNpn2N9-tGtBWU5OqEHpA,American Eagle Outfitters,,200 State St,Boston,,02109,42.36,-71.0532,3.5,18,0
zuqAnZM-Fdh5ezGcdmlocA,Dunkin' Donuts,,771 Atlantic Ave,Boston,,02205,42.351,-71.0622,3.0,17,0
ZUqLaNhfBukqt6v2A8qn-Q,Comptoir de Famille,,127 Newbury Street,Boston,,02116,42.3512,-71.0767,4.0,5,0
zuXEcrVzZhay_qxqsnCUkQ,Acote Salon,,132 Newbury St,Boston,,02116,42.3509,-71.0767,4.5,417,1
ZUzfPyqiXLB1WcVMdQfywA,New Age Plumbing & Heating,,76 Gallivan Blvd,Boston,,02124,42.2782,-71.0752,4.5,18,1
Zv2qaVG23hNCXNndDyQLQw,D and D Towing,,1 Ellery St,Boston,,02127,42.331,-71.0576,2.5,49,1
ZV3RlMo9M_NPBJ0jW7_PUw,Atlantic Properties,,16 Clarendon St,Boston,,02116,42.3447,-71.0725,2.5,9,1
zvbZmZSrcDLjwinbVczVKQ,E.B. Horn Jewelers,,429 Washington St,Boston,,02108,42.3556,-71.0604,4.0,113,1
ZvFocYCLLzLpT9pq4pNljA,Sonia's Driving School,,192 Bennington St,Boston,,02128,42.3776,-71.0321,1.5,47,1
zvKfCAOBzVcxc1HLpoIY8A,Italian Express Pizzeria,,336 Sumner St,Boston,,02128,42.3673,-71.0357,4.5,461,1
zvMIz-JrhQnMVqEN32lj-A,Room & Board,,375 Newbury St,Boston,,02115,42.3482,-71.0885,4.0,27,1
zvOzNsURicbW3N2OciwtRg,Magnolia Bakery,,200-299 Faneuil Hall MarketPl,Boston,,02109,42.3602,-71.0557,4.0,120,0
ZW13G6vXl9fu0_uaayyUmg,Megumi of Japan,,4 S Market St,Boston,,02109,42.3598,-71.0545,3.0,20,0
zW21yZonJWRqvp2pjKYqAA,Richard Carr & Associates,,68 New Edgerly Rd,Boston,,02115,42.3441,-71.0873,3.5,15,1
ZWnfIWhjOMqG2URwe6y69Q,American Apparel,,330 Newbury St,Boston,,02115,42.3483,-71.0863,3.0,12,0
ZWs_WJlZXx8IiY7sUIleAw,Cadia Vintage,,201 Monsignor Obrien Hwy,Boston,,02140,42.3668,-71.0683,4.5,7,0
zws7Tg9TKi0AUd6aA5PxQA,Cain Construction,,,Boston,,02135,42.3464,-71.1627,2.0,5,1
zWWmWlTMSns5LEdqxIfwbg,Shell Gas Station,,584 Columbus Ave,Boston,,02118,42.3402,-71.0818,2.0,12,1
ZX-4liB4gTC_2Y_yE3Q6aQ,Equal Exchange Cafe,,226 Causeway St,Boston,,02114,42.3667,-71.0593,4.0,211,0
zX58LIaLeNIWcQ6uF64A8A,DJ RMC Productions,,,Boston,,02116,42.3531,-71.0765,5.0,7,1
zxbkDCJ85JHgC8CWcdMCZw,Sweet Sip,,285 Adams St,Boston,,02122,42.2995,-71.0586,4.0,52,1
zXBUYz6I8UrBwegh_mGjjw,Fig Leaf,,47 Clarendon St,Boston,,02116,42.3459,-71.0727,3.5,28,1
ZXhxcDfVmrfQK1YJUlu1Qw,Boloco,,247 Newbury St,Boston,,02116,42.3498,-71.0827,3.0,106,0
Zxq-zv9uhb6IsWzUNBKKzg,Socializing for Justice,,,Boston,,02228,42.357,-71.0605,5.0,10,1
Zxwbo9xiGjlJBHXwPV1u9A,High Street Dental Group,,10 High St,Boston,,02110,42.3537,-71.0566,2.5,10,0
ZXWrd4x2HNz21jB_ds8v6g,Broadway's Pastry & Coffee Shop,,258 W Broadway,Boston,,02127,42.3394,-71.0515,4.0,61,1
ZxwVyFGywTXwFE3OVTUp-A,Lynx Fitness Club,,64 Arlington St,Boston,,02116,42.3508,-71.07,4.5,36,1
ZxYzi1oCrtXN8qqKDZZ0tw,The Boston Phoenix,,126 Brookline Ave,Boston,,02215,42.3453,-71.1,4.0,14,1
zYETywKMlLnCc9GmfSIE3A,At Home Veterinary,,,Boston,,02108,42.3549,-71.0661,5.0,21,1
Zyjasmt9M3m9VcPy_M6efw,Saldare Body Therapy,,12 Clarendon St,Boston,,02116,42.3447,-71.0724,5.0,8,1
zYK8MiR9JjxHD9IBaA2sWA,Star Dry Cleaner and Laundry,,1439 Commonwealth Ave,Boston,,02134,42.3489,-71.1403,4.5,67,1
zyNQhunb1mcSUUbnqVcU1w,Teri-Yummy,,196 Quincy St,Boston,,02125,42.3132,-71.0744,3.0,35,1
zyX-aiSwd4F3QbfHEu6IWQ,CorePower Yoga,,20 Bond Dr,Boston,,02210,42.354,-71.046,4.5,11,1
zYzrc7UvCRGnsrQF6h4fZg,Super 88,,73 Essex St,Boston,,02111,42.3524,-71.0605,3.5,9,0
zZ0zcshLe4tTGMS-x8F_vA,Hilton Boston Back Bay,,40 Dalton St,Boston,,02115,42.3463,-71.0849,3.0,242,1
zZ4f1fqY9djCPOQMbF17sQ,CVS Pharmacy,,25 Winter St,Boston,,02108,42.356,-71.0616,2.5,13,0
zZ7roMv_c8R4slTMPPdkng,Delux Caf?,,100 Chandler St,Boston,,02116,42.3463,-71.073,4.0,317,1
zZahVIMEf7KC-onY9Z6QsQ,Mitchell John Salon,,67 Broad St,Boston,,02109,42.3577,-71.0538,4.5,139,1
Zzf5c7a0EHqptPxsVgn9jA,GNC,,107 Summer St,Boston,,02110,42.3539,-71.0584,2.5,9,0
ZZgPPl-nzafHDSZbGX00Sw,Chili Hot Pot,,203 Adams St,Boston,,02122,42.3019,-71.0601,2.5,6,0
zzHdqvnQUCgUZdNwUBNvrw,Provincetown Fast Ferry,,63 Long Wharf,Boston,,02110,42.3602,-71.0491,4.0,27,1
ZZJw7PRUiI65hGQDNpGVYA,Samia's Cuisine Middle Eastern Food & Pastry,,1894 Centre St,Boston,,02132,42.2854,-71.1558,3.5,8,0
Zzn291FHnksV9NtbaP4elw,Moody's Delicatessen & Provisions,,500 Boylston St,Boston,,02116,42.3506,-71.074,3.0,72,1
ZzOD1ur-Hd4n4ts58w_OEg,The Merchant,,60 Franklin St,Boston,,02110,42.3558,-71.0584,3.5,350,1
ZZoP396jgh6zK7PdZbHfPg,Cantina Italiana,,346 Hanover St,Boston,,02113,42.365,-71.0535,4.0,566,1
ZZqwnqgs_L6_csB37AK_Bg,City Golf Boston,,167 Milk St,Boston,,02109,42.3581,-71.0535,5.0,8,1
zzSkliD3ilMQKamdz6fL4A,Clarendon Square,,198 W Brookline St,Boston,,02118,42.3433,-71.0768,5.0,30,1
ZzZ3ffcKnwQmN827qh1vKw,Vision Care 2000,,48 High St,Boston,,02110,42.3539,-71.0556,4.5,24,1
ZZzLekyJQ2DuoBo2ocoJQA,Marshalls,,350 Washington St,Boston,,02108,42.3564,-71.059,3.0,52,1
